WARNING Bad Request: /api/payment-batches/950c83e5-54be-4276-adc9-b9db3a301f49/bank-export/
WARNING Bad Request: /api/payment-batches/950c83e5-54be-4276-adc9-b9db3a301f49/bank-export/
WARNING Bad Request: /api/payment-batches/950c83e5-54be-4276-adc9-b9db3a301f49/bank-export/
WARNING Forbidden: /api/auth/profile/
WARNING Not Found: /api/auth/token/refresh/
WARNING Forbidden: /api/auth/profile/
WARNING Not Found: /api/auth/token/refresh/
WARNING Unauthorized: /api/menu-badges/
WARNING Not Found: /api/.env
WARNING Not Found: /api/.env
WARNING Not Found: /api/auth/token/refresh/
WARNING Unauthorized: /api/menu-badges/
WARNING Unauthorized: /api/menu-badges/
WARNING Unauthorized: /api/menu-badges/
WARNING Not Found: /api/contacts/982/
WARNING Not Found: /api/contacts/982/
WARNING Forbidden: /api/auth/profile/
WARNING Not Found: /api/auth/token/refresh/
WARNING Unauthorized: /api/menu-badges/
/home/ceze/pixisys/pixinvoice/invoice_app/venv/lib/python3.11/site-packages/rest_framework/pagination.py:200: UnorderedObjectListWarning: Pagination may yield inconsistent results with an unordered object_list: <class 'invoices.models.CompanyEmailSettings'> QuerySet.
  paginator = self.django_paginator_class(queryset, page_size)
[DEBUG 2026-07-21 16:33:47] send_email called for pk=f5b57dfd-764e-44d4-b38f-91fcbe8ba412
DEBUG: Invoice fetched: CZHUF2026000233
[DEBUG 2026-07-21 16:33:49] Starting PDF generation...
WARNING Ignored `word-break: break-word` at 133:13, invalid value.
WARNING Ignored `word-break: break-word` at 145:13, invalid value.
WARNING Ignored `word-break: break-word` at 183:48, invalid value.
DEBUG Reading 'maxp' table from disk
DEBUG Decompiling 'maxp' table
DEBUG Took 0.002s to load 'maxp'
DEBUG Took 0.000s to prune 'maxp'
INFO maxp pruned
DEBUG Reading 'cmap' table from disk
DEBUG Decompiling 'cmap' table
DEBUG Reading 'post' table from disk
DEBUG Decompiling 'post' table
DEBUG Took 0.027s to load 'cmap'
DEBUG Took 0.000s to prune 'cmap'
INFO cmap pruned
INFO fpgm dropped
INFO prep dropped
INFO cvt  dropped
INFO kern dropped
DEBUG Took 0.000s to load 'post'
DEBUG Took 0.000s to prune 'post'
INFO post pruned
INFO GPOS dropped
INFO GSUB dropped
DEBUG Reading 'glyf' table from disk
DEBUG Decompiling 'glyf' table
DEBUG Reading 'loca' table from disk
DEBUG Decompiling 'loca' table
DEBUG Reading 'head' table from disk
DEBUG Decompiling 'head' table
DEBUG Took 0.011s to load 'glyf'
DEBUG Took 0.000s to prune 'glyf'
INFO glyf pruned
DEBUG Took 0.001s to close glyph list over 'cmap'
INFO Added gid0 to subset
INFO Closing glyph list over 'glyf': 66 glyphs before
INFO Glyph names: ['.notdef', 'A', 'Aacute', 'B', 'C', 'D', 'E', 'Eacute', 'F', 'G', 'H', 'I', 'K', 'L', 'M', 'N', 'O', 'Oacute', 'Odieresis', 'Ohungarumlaut', 'P', 'R', 'S', 'T', 'U', 'Uhungarumlaut', 'V', 'Z', 'a', 'aacute', 'colon', 'd', 'e', 'eacute', 'eight', 'f', 'five', 'four', 'g', 'hyphen', 'j', 'k', 'l', 'm', 'n', 'nine', 'oacute', 'odieresis', 'ohungarumlaut', 'one', 'parenleft', 'parenright', 'period', 'r', 's', 'seven', 'six', 'space', 't', 'three', 'two', 'u', 'v', 'y', 'z', 'zero']
INFO Glyph IDs:   [0, 3, 11, 12, 16, 17, 19, 20, 21, 22, 23, 24, 25, 26, 27, 28, 29, 36, 37, 38, 39, 40, 41, 42, 43, 44, 46, 47, 48, 49, 50, 51, 53, 54, 55, 56, 57, 61, 68, 71, 72, 73, 74, 77, 78, 79, 80, 81, 85, 86, 87, 88, 89, 92, 93, 131, 139, 149, 152, 163, 171, 181, 184, 274, 275, 306]
INFO Closed glyph list over 'glyf': 73 glyphs after
INFO Glyph names: ['.notdef', 'A', 'Aacute', 'Acute', 'B', 'C', 'D', 'Dieresis', 'E', 'Eacute', 'F', 'G', 'H', 'Hungarumlaut', 'I', 'K', 'L', 'M', 'N', 'O', 'Oacute', 'Odieresis', 'Ohungarumlaut', 'P', 'R', 'S', 'T', 'U', 'Uhungarumlaut', 'V', 'Z', 'a', 'aacute', 'acute', 'colon', 'd', 'dieresis', 'e', 'eacute', 'eight', 'f', 'five', 'four', 'g', 'hungarumlaut', 'hyphen', 'j', 'k', 'l', 'm', 'n', 'nine', 'o', 'oacute', 'odieresis', 'ohungarumlaut', 'one', 'parenleft', 'parenright', 'period', 'r', 's', 'seven', 'six', 'space', 't', 'three', 'two', 'u', 'v', 'y', 'z', 'zero']
INFO Glyph IDs:   [0, 3, 11, 12, 16, 17, 19, 20, 21, 22, 23, 24, 25, 26, 27, 28, 29, 36, 37, 38, 39, 40, 41, 42, 43, 44, 46, 47, 48, 49, 50, 51, 53, 54, 55, 56, 57, 61, 68, 71, 72, 73, 74, 77, 78, 79, 80, 81, 82, 85, 86, 87, 88, 89, 92, 93, 106, 118, 131, 139, 149, 152, 163, 171, 181, 184, 274, 275, 306, 671, 5902, 5903, 5910]
DEBUG Took 0.003s to close glyph list over 'glyf'
INFO Retaining 73 glyphs
INFO head subsetting not needed
INFO hhea subsetting not needed
INFO maxp subsetting not needed
INFO OS/2 subsetting not needed
DEBUG Reading 'hmtx' table from disk
DEBUG Decompiling 'hmtx' table
DEBUG Reading 'hhea' table from disk
DEBUG Decompiling 'hhea' table
DEBUG Took 0.007s to subset 'hmtx'
INFO hmtx subsetted
DEBUG Took 0.003s to subset 'cmap'
INFO cmap subsetted
INFO loca subsetting not needed
DEBUG Took 0.000s to subset 'post'
INFO post subsetted
INFO gasp subsetting not needed
INFO FFTM NOT subset; don't know how to subset
DEBUG Reading 'GDEF' table from disk
DEBUG Decompiling 'GDEF' table
DEBUG Took 0.004s to subset 'GDEF'
INFO GDEF subsetted
INFO name subsetting not needed
DEBUG Took 0.004s to subset 'glyf'
INFO glyf subsetted
DEBUG Took 0.000s to subset GlyphOrder
DEBUG Took 0.000s to prune 'head'
INFO head pruned
DEBUG Reading 'OS/2' table from disk
DEBUG Decompiling 'OS/2' table
INFO OS/2 Unicode ranges pruned: [0, 1, 2]
INFO OS/2 CodePage ranges pruned: [0]
DEBUG Took 0.002s to prune 'glyf'
INFO glyf pruned
DEBUG Took 0.000s to prune 'GDEF'
INFO GDEF pruned
DEBUG Reading 'name' table from disk
DEBUG Decompiling 'name' table
DEBUG Reading 'gasp' table from disk
DEBUG Decompiling 'gasp' table
DEBUG Reading 'FFTM' table from disk
DEBUG Decompiling 'FFTM' table
DEBUG Took 0.002s to prune 'name'
INFO name pruned
DEBUG Reading 'maxp' table from disk
DEBUG Decompiling 'maxp' table
DEBUG Took 0.001s to load 'maxp'
DEBUG Took 0.000s to prune 'maxp'
INFO maxp pruned
DEBUG Reading 'cmap' table from disk
DEBUG Decompiling 'cmap' table
DEBUG Reading 'post' table from disk
DEBUG Decompiling 'post' table
DEBUG Took 0.015s to load 'cmap'
DEBUG Took 0.000s to prune 'cmap'
INFO cmap pruned
INFO fpgm dropped
INFO prep dropped
INFO cvt  dropped
INFO kern dropped
DEBUG Took 0.000s to load 'post'
DEBUG Took 0.000s to prune 'post'
INFO post pruned
INFO GPOS dropped
INFO GSUB dropped
DEBUG Reading 'glyf' table from disk
DEBUG Decompiling 'glyf' table
DEBUG Reading 'loca' table from disk
DEBUG Decompiling 'loca' table
DEBUG Reading 'head' table from disk
DEBUG Decompiling 'head' table
DEBUG Took 0.011s to load 'glyf'
DEBUG Took 0.000s to prune 'glyf'
INFO glyf pruned
DEBUG Took 0.001s to close glyph list over 'cmap'
INFO Added gid0 to subset
INFO Closing glyph list over 'MATH': 79 glyphs before
INFO Glyph names: ['.notdef', 'A', 'Aacute', 'B', 'C', 'D', 'E', 'F', 'H', 'I', 'J', 'K', 'M', 'N', 'O', 'P', 'R', 'S', 'T', 'U', 'Uacute', 'V', 'X', 'Y', 'a', 'aacute', 'at', 'b', 'c', 'colon', 'comma', 'd', 'e', 'eacute', 'eight', 'exclam', 'f', 'fi', 'five', 'four', 'g', 'h', 'hyphen', 'i', 'iacute', 'j', 'k', 'l', 'm', 'n', 'nine', 'o', 'oacute', 'odieresis', 'ohungarumlaut', 'one', 'p', 'parenleft', 'parenright', 'percent', 'period', 'plus', 'r', 's', 'seven', 'six', 'slash', 'space', 't', 'three', 'two', 'u', 'uacute', 'udieresis', 'v', 'x', 'y', 'z', 'zero']
INFO Glyph IDs:   [0, 3, 4, 8, 11, 12, 14, 15, 16, 17, 18, 19, 20, 21, 22, 23, 24, 25, 26, 27, 28, 29, 35, 36, 37, 38, 39, 40, 41, 43, 44, 45, 46, 48, 49, 50, 51, 53, 54, 55, 56, 57, 59, 60, 68, 69, 70, 71, 72, 73, 74, 75, 76, 77, 78, 79, 80, 81, 82, 83, 85, 86, 87, 88, 89, 91, 92, 93, 131, 156, 163, 171, 175, 181, 184, 188, 190, 275, 5042]
DEBUG Reading 'MATH' table from disk
DEBUG Decompiling 'MATH' table
INFO Closed glyph list over 'MATH': 85 glyphs after
INFO Glyph names: ['.notdef', 'A', 'Aacute', 'B', 'C', 'D', 'E', 'F', 'H', 'I', 'J', 'K', 'M', 'N', 'O', 'P', 'R', 'S', 'T', 'U', 'Uacute', 'V', 'X', 'Y', 'a', 'aacute', 'at', 'b', 'c', 'colon', 'comma', 'd', 'e', 'eacute', 'eight', 'exclam', 'f', 'fi', 'five', 'four', 'g', 'h', 'hyphen', 'i', 'iacute', 'j', 'k', 'l', 'm', 'n', 'nine', 'o', 'oacute', 'odieresis', 'ohungarumlaut', 'one', 'p', 'parenleft', 'parenright', 'percent', 'period', 'plus', 'r', 's', 'seven', 'six', 'slash', 'space', 't', 'three', 'two', 'u', 'uacute', 'udieresis', 'uni239B', 'uni239C', 'uni239D', 'uni239E', 'uni239F', 'uni23A0', 'v', 'x', 'y', 'z', 'zero']
INFO Glyph IDs:   [0, 3, 4, 8, 11, 12, 14, 15, 16, 17, 18, 19, 20, 21, 22, 23, 24, 25, 26, 27, 28, 29, 35, 36, 37, 38, 39, 40, 41, 43, 44, 45, 46, 48, 49, 50, 51, 53, 54, 55, 56, 57, 59, 60, 68, 69, 70, 71, 72, 73, 74, 75, 76, 77, 78, 79, 80, 81, 82, 83, 85, 86, 87, 88, 89, 91, 92, 93, 131, 156, 163, 171, 175, 181, 184, 188, 190, 275, 3507, 3508, 3509, 3510, 3511, 3512, 5042]
DEBUG Took 0.009s to close glyph list over 'MATH'
INFO Closing glyph list over 'glyf': 85 glyphs before
INFO Glyph names: ['.notdef', 'A', 'Aacute', 'B', 'C', 'D', 'E', 'F', 'H', 'I', 'J', 'K', 'M', 'N', 'O', 'P', 'R', 'S', 'T', 'U', 'Uacute', 'V', 'X', 'Y', 'a', 'aacute', 'at', 'b', 'c', 'colon', 'comma', 'd', 'e', 'eacute', 'eight', 'exclam', 'f', 'fi', 'five', 'four', 'g', 'h', 'hyphen', 'i', 'iacute', 'j', 'k', 'l', 'm', 'n', 'nine', 'o', 'oacute', 'odieresis', 'ohungarumlaut', 'one', 'p', 'parenleft', 'parenright', 'percent', 'period', 'plus', 'r', 's', 'seven', 'six', 'slash', 'space', 't', 'three', 'two', 'u', 'uacute', 'udieresis', 'uni239B', 'uni239C', 'uni239D', 'uni239E', 'uni239F', 'uni23A0', 'v', 'x', 'y', 'z', 'zero']
INFO Glyph IDs:   [0, 3, 4, 8, 11, 12, 14, 15, 16, 17, 18, 19, 20, 21, 22, 23, 24, 25, 26, 27, 28, 29, 35, 36, 37, 38, 39, 40, 41, 43, 44, 45, 46, 48, 49, 50, 51, 53, 54, 55, 56, 57, 59, 60, 68, 69, 70, 71, 72, 73, 74, 75, 76, 77, 78, 79, 80, 81, 82, 83, 85, 86, 87, 88, 89, 91, 92, 93, 131, 156, 163, 171, 175, 181, 184, 188, 190, 275, 3507, 3508, 3509, 3510, 3511, 3512, 5042]
INFO Closed glyph list over 'glyf': 90 glyphs after
INFO Glyph names: ['.notdef', 'A', 'Aacute', 'Acute', 'B', 'C', 'D', 'E', 'F', 'H', 'I', 'J', 'K', 'M', 'N', 'O', 'P', 'R', 'S', 'T', 'U', 'Uacute', 'V', 'X', 'Y', 'a', 'aacute', 'acute', 'at', 'b', 'c', 'colon', 'comma', 'd', 'dieresis', 'dotlessi', 'e', 'eacute', 'eight', 'exclam', 'f', 'fi', 'five', 'four', 'g', 'h', 'hungarumlaut', 'hyphen', 'i', 'iacute', 'j', 'k', 'l', 'm', 'n', 'nine', 'o', 'oacute', 'odieresis', 'ohungarumlaut', 'one', 'p', 'parenleft', 'parenright', 'percent', 'period', 'plus', 'r', 's', 'seven', 'six', 'slash', 'space', 't', 'three', 'two', 'u', 'uacute', 'udieresis', 'uni239B', 'uni239C', 'uni239D', 'uni239E', 'uni239F', 'uni23A0', 'v', 'x', 'y', 'z', 'zero']
INFO Glyph IDs:   [0, 3, 4, 8, 11, 12, 14, 15, 16, 17, 18, 19, 20, 21, 22, 23, 24, 25, 26, 27, 28, 29, 35, 36, 37, 38, 39, 40, 41, 43, 44, 45, 46, 48, 49, 50, 51, 53, 54, 55, 56, 57, 59, 60, 68, 69, 70, 71, 72, 73, 74, 75, 76, 77, 78, 79, 80, 81, 82, 83, 85, 86, 87, 88, 89, 91, 92, 93, 106, 118, 131, 156, 163, 171, 175, 181, 184, 188, 190, 243, 275, 671, 3507, 3508, 3509, 3510, 3511, 3512, 5042, 5923]
DEBUG Took 0.003s to close glyph list over 'glyf'
INFO Retaining 90 glyphs
INFO head subsetting not needed
INFO hhea subsetting not needed
INFO maxp subsetting not needed
INFO OS/2 subsetting not needed
DEBUG Reading 'hmtx' table from disk
DEBUG Decompiling 'hmtx' table
DEBUG Reading 'hhea' table from disk
DEBUG Decompiling 'hhea' table
DEBUG Took 0.008s to subset 'hmtx'
INFO hmtx subsetted
DEBUG Took 0.003s to subset 'cmap'
INFO cmap subsetted
INFO loca subsetting not needed
DEBUG Took 0.000s to subset 'post'
INFO post subsetted
INFO gasp subsetting not needed
INFO FFTM NOT subset; don't know how to subset
DEBUG Took 0.000s to subset 'MATH'
INFO MATH subsetted
DEBUG Reading 'GDEF' table from disk
DEBUG Decompiling 'GDEF' table
DEBUG Took 0.004s to subset 'GDEF'
INFO GDEF subsetted
INFO name subsetting not needed
DEBUG Took 0.005s to subset 'glyf'
INFO glyf subsetted
DEBUG Took 0.000s to subset GlyphOrder
DEBUG Took 0.000s to prune 'head'
INFO head pruned
DEBUG Reading 'OS/2' table from disk
DEBUG Decompiling 'OS/2' table
INFO OS/2 Unicode ranges pruned: [0, 1, 2, 62]
INFO OS/2 CodePage ranges pruned: [0]
DEBUG Took 0.003s to prune 'glyf'
INFO glyf pruned
DEBUG Took 0.000s to prune 'GDEF'
INFO GDEF pruned
DEBUG Reading 'name' table from disk
DEBUG Decompiling 'name' table
DEBUG Reading 'gasp' table from disk
DEBUG Decompiling 'gasp' table
DEBUG Reading 'FFTM' table from disk
DEBUG Decompiling 'FFTM' table
DEBUG Took 0.002s to prune 'name'
INFO name pruned
[DEBUG 2026-07-21 16:33:50] PDF generation finished.
[DEBUG 2026-07-21 16:33:50] SMTP Configuration: Host=mail.magyarmedia.com, Port=465, User=iroda@magyarmedia.com, TLS=True
[DEBUG 2026-07-21 16:33:50] Connecting to SMTP server...
[DEBUG 2026-07-21 16:33:50] Logging in (SSL)...
[DEBUG 2026-07-21 16:33:50] Sending message...
[DEBUG 2026-07-21 16:33:51] SMTP send clean success.
[DEBUG 2026-07-21 16:33:51] Checking IMAP...
[DEBUG 2026-07-21 16:33:51] Connecting to IMAP mail.magyarmedia.com
/home/ceze/pixisys/pixinvoice/invoice_app/venv/lib/python3.11/site-packages/rest_framework/pagination.py:200: UnorderedObjectListWarning: Pagination may yield inconsistent results with an unordered object_list: <class 'invoices.models.CompanyEmailSettings'> QuerySet.
  paginator = self.django_paginator_class(queryset, page_size)
WARNING Ignored `word-break: break-word` at 133:13, invalid value.
WARNING Ignored `word-break: break-word` at 145:13, invalid value.
WARNING Ignored `word-break: break-word` at 183:48, invalid value.
DEBUG Reading 'maxp' table from disk
DEBUG Decompiling 'maxp' table
DEBUG Took 0.001s to load 'maxp'
DEBUG Took 0.000s to prune 'maxp'
INFO maxp pruned
DEBUG Reading 'cmap' table from disk
DEBUG Decompiling 'cmap' table
DEBUG Reading 'post' table from disk
DEBUG Decompiling 'post' table
DEBUG Took 0.012s to load 'cmap'
DEBUG Took 0.000s to prune 'cmap'
INFO cmap pruned
INFO fpgm dropped
INFO prep dropped
INFO cvt  dropped
INFO kern dropped
DEBUG Took 0.000s to load 'post'
DEBUG Took 0.000s to prune 'post'
INFO post pruned
INFO GPOS dropped
INFO GSUB dropped
DEBUG Reading 'glyf' table from disk
DEBUG Decompiling 'glyf' table
DEBUG Reading 'loca' table from disk
DEBUG Decompiling 'loca' table
DEBUG Reading 'head' table from disk
DEBUG Decompiling 'head' table
DEBUG Took 0.008s to load 'glyf'
DEBUG Took 0.000s to prune 'glyf'
INFO glyf pruned
DEBUG Took 0.001s to close glyph list over 'cmap'
INFO Added gid0 to subset
INFO Closing glyph list over 'glyf': 65 glyphs before
INFO Glyph names: ['.notdef', 'A', 'Aacute', 'B', 'C', 'D', 'E', 'Eacute', 'F', 'G', 'H', 'I', 'K', 'L', 'M', 'N', 'O', 'Oacute', 'Odieresis', 'Ohungarumlaut', 'R', 'S', 'T', 'U', 'Uhungarumlaut', 'V', 'W', 'Y', 'Z', 'a', 'aacute', 'colon', 'd', 'e', 'eacute', 'f', 'four', 'g', 'hyphen', 'j', 'k', 'l', 'm', 'n', 'nine', 'oacute', 'odieresis', 'ohungarumlaut', 'one', 'parenleft', 'parenright', 'period', 'r', 's', 'seven', 'six', 'space', 't', 'three', 'two', 'u', 'v', 'y', 'z', 'zero']
INFO Glyph IDs:   [0, 3, 11, 12, 16, 17, 19, 20, 21, 22, 23, 25, 26, 28, 29, 36, 37, 38, 39, 40, 41, 42, 43, 44, 46, 47, 48, 49, 50, 53, 54, 55, 56, 57, 58, 60, 61, 68, 71, 72, 73, 74, 77, 78, 79, 80, 81, 85, 86, 87, 88, 89, 92, 93, 131, 139, 149, 152, 163, 171, 181, 184, 274, 275, 306]
INFO Closed glyph list over 'glyf': 72 glyphs after
INFO Glyph names: ['.notdef', 'A', 'Aacute', 'Acute', 'B', 'C', 'D', 'Dieresis', 'E', 'Eacute', 'F', 'G', 'H', 'Hungarumlaut', 'I', 'K', 'L', 'M', 'N', 'O', 'Oacute', 'Odieresis', 'Ohungarumlaut', 'R', 'S', 'T', 'U', 'Uhungarumlaut', 'V', 'W', 'Y', 'Z', 'a', 'aacute', 'acute', 'colon', 'd', 'dieresis', 'e', 'eacute', 'f', 'four', 'g', 'hungarumlaut', 'hyphen', 'j', 'k', 'l', 'm', 'n', 'nine', 'o', 'oacute', 'odieresis', 'ohungarumlaut', 'one', 'parenleft', 'parenright', 'period', 'r', 's', 'seven', 'six', 'space', 't', 'three', 'two', 'u', 'v', 'y', 'z', 'zero']
INFO Glyph IDs:   [0, 3, 11, 12, 16, 17, 19, 20, 21, 22, 23, 25, 26, 28, 29, 36, 37, 38, 39, 40, 41, 42, 43, 44, 46, 47, 48, 49, 50, 53, 54, 55, 56, 57, 58, 60, 61, 68, 71, 72, 73, 74, 77, 78, 79, 80, 81, 82, 85, 86, 87, 88, 89, 92, 93, 106, 118, 131, 139, 149, 152, 163, 171, 181, 184, 274, 275, 306, 671, 5902, 5903, 5910]
DEBUG Took 0.003s to close glyph list over 'glyf'
INFO Retaining 72 glyphs
INFO head subsetting not needed
INFO hhea subsetting not needed
INFO maxp subsetting not needed
INFO OS/2 subsetting not needed
DEBUG Reading 'hmtx' table from disk
DEBUG Decompiling 'hmtx' table
DEBUG Reading 'hhea' table from disk
DEBUG Decompiling 'hhea' table
DEBUG Took 0.006s to subset 'hmtx'
INFO hmtx subsetted
DEBUG Took 0.002s to subset 'cmap'
INFO cmap subsetted
INFO loca subsetting not needed
DEBUG Took 0.000s to subset 'post'
INFO post subsetted
INFO gasp subsetting not needed
INFO FFTM NOT subset; don't know how to subset
DEBUG Reading 'GDEF' table from disk
DEBUG Decompiling 'GDEF' table
DEBUG Took 0.003s to subset 'GDEF'
INFO GDEF subsetted
INFO name subsetting not needed
DEBUG Took 0.003s to subset 'glyf'
INFO glyf subsetted
DEBUG Took 0.000s to subset GlyphOrder
DEBUG Took 0.000s to prune 'head'
INFO head pruned
DEBUG Reading 'OS/2' table from disk
DEBUG Decompiling 'OS/2' table
INFO OS/2 Unicode ranges pruned: [0, 1, 2]
INFO OS/2 CodePage ranges pruned: [0]
DEBUG Took 0.002s to prune 'glyf'
INFO glyf pruned
DEBUG Took 0.000s to prune 'GDEF'
INFO GDEF pruned
DEBUG Reading 'name' table from disk
DEBUG Decompiling 'name' table
DEBUG Reading 'gasp' table from disk
DEBUG Decompiling 'gasp' table
DEBUG Reading 'FFTM' table from disk
DEBUG Decompiling 'FFTM' table
DEBUG Took 0.002s to prune 'name'
INFO name pruned
DEBUG Reading 'maxp' table from disk
DEBUG Decompiling 'maxp' table
DEBUG Took 0.001s to load 'maxp'
DEBUG Took 0.000s to prune 'maxp'
INFO maxp pruned
DEBUG Reading 'cmap' table from disk
DEBUG Decompiling 'cmap' table
DEBUG Reading 'post' table from disk
DEBUG Decompiling 'post' table
DEBUG Took 0.011s to load 'cmap'
DEBUG Took 0.000s to prune 'cmap'
INFO cmap pruned
INFO fpgm dropped
INFO prep dropped
INFO cvt  dropped
INFO kern dropped
DEBUG Took 0.000s to load 'post'
DEBUG Took 0.000s to prune 'post'
INFO post pruned
INFO GPOS dropped
INFO GSUB dropped
DEBUG Reading 'glyf' table from disk
DEBUG Decompiling 'glyf' table
DEBUG Reading 'loca' table from disk
DEBUG Decompiling 'loca' table
DEBUG Reading 'head' table from disk
DEBUG Decompiling 'head' table
DEBUG Took 0.008s to load 'glyf'
DEBUG Took 0.000s to prune 'glyf'
INFO glyf pruned
DEBUG Took 0.001s to close glyph list over 'cmap'
INFO Added gid0 to subset
INFO Closing glyph list over 'MATH': 79 glyphs before
INFO Glyph names: ['.notdef', 'A', 'Aacute', 'B', 'C', 'D', 'E', 'F', 'H', 'I', 'J', 'K', 'M', 'N', 'O', 'P', 'R', 'S', 'T', 'U', 'Uacute', 'V', 'W', 'X', 'a', 'aacute', 'at', 'b', 'c', 'colon', 'comma', 'd', 'e', 'eacute', 'eight', 'exclam', 'f', 'fi', 'five', 'four', 'g', 'h', 'hyphen', 'i', 'iacute', 'j', 'k', 'l', 'm', 'n', 'nine', 'o', 'oacute', 'odieresis', 'ohungarumlaut', 'one', 'p', 'parenleft', 'parenright', 'percent', 'period', 'plus', 'r', 's', 'seven', 'six', 'slash', 'space', 't', 'three', 'two', 'u', 'uacute', 'udieresis', 'v', 'x', 'y', 'z', 'zero']
INFO Glyph IDs:   [0, 3, 4, 8, 11, 12, 14, 15, 16, 17, 18, 19, 20, 21, 22, 23, 24, 25, 26, 27, 28, 29, 35, 36, 37, 38, 39, 40, 41, 43, 44, 45, 46, 48, 49, 50, 51, 53, 54, 55, 56, 57, 58, 59, 68, 69, 70, 71, 72, 73, 74, 75, 76, 77, 78, 79, 80, 81, 82, 83, 85, 86, 87, 88, 89, 91, 92, 93, 131, 156, 163, 171, 175, 181, 184, 188, 190, 275, 5042]
DEBUG Reading 'MATH' table from disk
DEBUG Decompiling 'MATH' table
INFO Closed glyph list over 'MATH': 85 glyphs after
INFO Glyph names: ['.notdef', 'A', 'Aacute', 'B', 'C', 'D', 'E', 'F', 'H', 'I', 'J', 'K', 'M', 'N', 'O', 'P', 'R', 'S', 'T', 'U', 'Uacute', 'V', 'W', 'X', 'a', 'aacute', 'at', 'b', 'c', 'colon', 'comma', 'd', 'e', 'eacute', 'eight', 'exclam', 'f', 'fi', 'five', 'four', 'g', 'h', 'hyphen', 'i', 'iacute', 'j', 'k', 'l', 'm', 'n', 'nine', 'o', 'oacute', 'odieresis', 'ohungarumlaut', 'one', 'p', 'parenleft', 'parenright', 'percent', 'period', 'plus', 'r', 's', 'seven', 'six', 'slash', 'space', 't', 'three', 'two', 'u', 'uacute', 'udieresis', 'uni239B', 'uni239C', 'uni239D', 'uni239E', 'uni239F', 'uni23A0', 'v', 'x', 'y', 'z', 'zero']
INFO Glyph IDs:   [0, 3, 4, 8, 11, 12, 14, 15, 16, 17, 18, 19, 20, 21, 22, 23, 24, 25, 26, 27, 28, 29, 35, 36, 37, 38, 39, 40, 41, 43, 44, 45, 46, 48, 49, 50, 51, 53, 54, 55, 56, 57, 58, 59, 68, 69, 70, 71, 72, 73, 74, 75, 76, 77, 78, 79, 80, 81, 82, 83, 85, 86, 87, 88, 89, 91, 92, 93, 131, 156, 163, 171, 175, 181, 184, 188, 190, 275, 3507, 3508, 3509, 3510, 3511, 3512, 5042]
DEBUG Took 0.006s to close glyph list over 'MATH'
INFO Closing glyph list over 'glyf': 85 glyphs before
INFO Glyph names: ['.notdef', 'A', 'Aacute', 'B', 'C', 'D', 'E', 'F', 'H', 'I', 'J', 'K', 'M', 'N', 'O', 'P', 'R', 'S', 'T', 'U', 'Uacute', 'V', 'W', 'X', 'a', 'aacute', 'at', 'b', 'c', 'colon', 'comma', 'd', 'e', 'eacute', 'eight', 'exclam', 'f', 'fi', 'five', 'four', 'g', 'h', 'hyphen', 'i', 'iacute', 'j', 'k', 'l', 'm', 'n', 'nine', 'o', 'oacute', 'odieresis', 'ohungarumlaut', 'one', 'p', 'parenleft', 'parenright', 'percent', 'period', 'plus', 'r', 's', 'seven', 'six', 'slash', 'space', 't', 'three', 'two', 'u', 'uacute', 'udieresis', 'uni239B', 'uni239C', 'uni239D', 'uni239E', 'uni239F', 'uni23A0', 'v', 'x', 'y', 'z', 'zero']
INFO Glyph IDs:   [0, 3, 4, 8, 11, 12, 14, 15, 16, 17, 18, 19, 20, 21, 22, 23, 24, 25, 26, 27, 28, 29, 35, 36, 37, 38, 39, 40, 41, 43, 44, 45, 46, 48, 49, 50, 51, 53, 54, 55, 56, 57, 58, 59, 68, 69, 70, 71, 72, 73, 74, 75, 76, 77, 78, 79, 80, 81, 82, 83, 85, 86, 87, 88, 89, 91, 92, 93, 131, 156, 163, 171, 175, 181, 184, 188, 190, 275, 3507, 3508, 3509, 3510, 3511, 3512, 5042]
INFO Closed glyph list over 'glyf': 90 glyphs after
INFO Glyph names: ['.notdef', 'A', 'Aacute', 'Acute', 'B', 'C', 'D', 'E', 'F', 'H', 'I', 'J', 'K', 'M', 'N', 'O', 'P', 'R', 'S', 'T', 'U', 'Uacute', 'V', 'W', 'X', 'a', 'aacute', 'acute', 'at', 'b', 'c', 'colon', 'comma', 'd', 'dieresis', 'dotlessi', 'e', 'eacute', 'eight', 'exclam', 'f', 'fi', 'five', 'four', 'g', 'h', 'hungarumlaut', 'hyphen', 'i', 'iacute', 'j', 'k', 'l', 'm', 'n', 'nine', 'o', 'oacute', 'odieresis', 'ohungarumlaut', 'one', 'p', 'parenleft', 'parenright', 'percent', 'period', 'plus', 'r', 's', 'seven', 'six', 'slash', 'space', 't', 'three', 'two', 'u', 'uacute', 'udieresis', 'uni239B', 'uni239C', 'uni239D', 'uni239E', 'uni239F', 'uni23A0', 'v', 'x', 'y', 'z', 'zero']
INFO Glyph IDs:   [0, 3, 4, 8, 11, 12, 14, 15, 16, 17, 18, 19, 20, 21, 22, 23, 24, 25, 26, 27, 28, 29, 35, 36, 37, 38, 39, 40, 41, 43, 44, 45, 46, 48, 49, 50, 51, 53, 54, 55, 56, 57, 58, 59, 68, 69, 70, 71, 72, 73, 74, 75, 76, 77, 78, 79, 80, 81, 82, 83, 85, 86, 87, 88, 89, 91, 92, 93, 106, 118, 131, 156, 163, 171, 175, 181, 184, 188, 190, 243, 275, 671, 3507, 3508, 3509, 3510, 3511, 3512, 5042, 5923]
DEBUG Took 0.002s to close glyph list over 'glyf'
INFO Retaining 90 glyphs
INFO head subsetting not needed
INFO hhea subsetting not needed
INFO maxp subsetting not needed
INFO OS/2 subsetting not needed
DEBUG Reading 'hmtx' table from disk
DEBUG Decompiling 'hmtx' table
DEBUG Reading 'hhea' table from disk
DEBUG Decompiling 'hhea' table
DEBUG Took 0.005s to subset 'hmtx'
INFO hmtx subsetted
DEBUG Took 0.002s to subset 'cmap'
INFO cmap subsetted
INFO loca subsetting not needed
DEBUG Took 0.000s to subset 'post'
INFO post subsetted
INFO gasp subsetting not needed
INFO FFTM NOT subset; don't know how to subset
DEBUG Took 0.000s to subset 'MATH'
INFO MATH subsetted
DEBUG Reading 'GDEF' table from disk
DEBUG Decompiling 'GDEF' table
DEBUG Took 0.003s to subset 'GDEF'
INFO GDEF subsetted
INFO name subsetting not needed
DEBUG Took 0.004s to subset 'glyf'
INFO glyf subsetted
DEBUG Took 0.000s to subset GlyphOrder
DEBUG Took 0.000s to prune 'head'
INFO head pruned
DEBUG Reading 'OS/2' table from disk
DEBUG Decompiling 'OS/2' table
INFO OS/2 Unicode ranges pruned: [0, 1, 2, 62]
INFO OS/2 CodePage ranges pruned: [0]
DEBUG Took 0.002s to prune 'glyf'
INFO glyf pruned
DEBUG Took 0.000s to prune 'GDEF'
INFO GDEF pruned
DEBUG Reading 'name' table from disk
DEBUG Decompiling 'name' table
DEBUG Reading 'gasp' table from disk
DEBUG Decompiling 'gasp' table
DEBUG Reading 'FFTM' table from disk
DEBUG Decompiling 'FFTM' table
DEBUG Took 0.002s to prune 'name'
INFO name pruned
/home/ceze/pixisys/pixinvoice/invoice_app/venv/lib/python3.11/site-packages/rest_framework/pagination.py:200: UnorderedObjectListWarning: Pagination may yield inconsistent results with an unordered object_list: <class 'invoices.models.CompanyEmailSettings'> QuerySet.
  paginator = self.django_paginator_class(queryset, page_size)
WARNING Ignored `word-break: break-word` at 133:13, invalid value.
WARNING Ignored `word-break: break-word` at 145:13, invalid value.
WARNING Ignored `word-break: break-word` at 183:48, invalid value.
DEBUG Reading 'maxp' table from disk
DEBUG Decompiling 'maxp' table
DEBUG Took 0.001s to load 'maxp'
DEBUG Took 0.000s to prune 'maxp'
INFO maxp pruned
DEBUG Reading 'cmap' table from disk
DEBUG Decompiling 'cmap' table
DEBUG Reading 'post' table from disk
DEBUG Decompiling 'post' table
DEBUG Took 0.018s to load 'cmap'
DEBUG Took 0.000s to prune 'cmap'
INFO cmap pruned
INFO fpgm dropped
INFO prep dropped
INFO cvt  dropped
INFO kern dropped
DEBUG Took 0.000s to load 'post'
DEBUG Took 0.000s to prune 'post'
INFO post pruned
INFO GPOS dropped
INFO GSUB dropped
DEBUG Reading 'glyf' table from disk
DEBUG Decompiling 'glyf' table
DEBUG Reading 'loca' table from disk
DEBUG Decompiling 'loca' table
DEBUG Reading 'head' table from disk
DEBUG Decompiling 'head' table
DEBUG Took 0.083s to load 'glyf'
DEBUG Took 0.000s to prune 'glyf'
INFO glyf pruned
DEBUG Took 0.001s to close glyph list over 'cmap'
INFO Added gid0 to subset
INFO Closing glyph list over 'glyf': 65 glyphs before
INFO Glyph names: ['.notdef', 'A', 'Aacute', 'B', 'C', 'D', 'E', 'Eacute', 'F', 'G', 'H', 'I', 'K', 'L', 'M', 'N', 'O', 'Oacute', 'Odieresis', 'Ohungarumlaut', 'R', 'S', 'T', 'U', 'Uhungarumlaut', 'V', 'W', 'Y', 'Z', 'a', 'aacute', 'colon', 'd', 'e', 'eacute', 'f', 'four', 'g', 'hyphen', 'j', 'k', 'l', 'm', 'n', 'nine', 'oacute', 'odieresis', 'ohungarumlaut', 'one', 'parenleft', 'parenright', 'period', 'r', 's', 'seven', 'six', 'space', 't', 'three', 'two', 'u', 'v', 'y', 'z', 'zero']
INFO Glyph IDs:   [0, 3, 11, 12, 16, 17, 19, 20, 21, 22, 23, 25, 26, 28, 29, 36, 37, 38, 39, 40, 41, 42, 43, 44, 46, 47, 48, 49, 50, 53, 54, 55, 56, 57, 58, 60, 61, 68, 71, 72, 73, 74, 77, 78, 79, 80, 81, 85, 86, 87, 88, 89, 92, 93, 131, 139, 149, 152, 163, 171, 181, 184, 274, 275, 306]
INFO Closed glyph list over 'glyf': 72 glyphs after
INFO Glyph names: ['.notdef', 'A', 'Aacute', 'Acute', 'B', 'C', 'D', 'Dieresis', 'E', 'Eacute', 'F', 'G', 'H', 'Hungarumlaut', 'I', 'K', 'L', 'M', 'N', 'O', 'Oacute', 'Odieresis', 'Ohungarumlaut', 'R', 'S', 'T', 'U', 'Uhungarumlaut', 'V', 'W', 'Y', 'Z', 'a', 'aacute', 'acute', 'colon', 'd', 'dieresis', 'e', 'eacute', 'f', 'four', 'g', 'hungarumlaut', 'hyphen', 'j', 'k', 'l', 'm', 'n', 'nine', 'o', 'oacute', 'odieresis', 'ohungarumlaut', 'one', 'parenleft', 'parenright', 'period', 'r', 's', 'seven', 'six', 'space', 't', 'three', 'two', 'u', 'v', 'y', 'z', 'zero']
INFO Glyph IDs:   [0, 3, 11, 12, 16, 17, 19, 20, 21, 22, 23, 25, 26, 28, 29, 36, 37, 38, 39, 40, 41, 42, 43, 44, 46, 47, 48, 49, 50, 53, 54, 55, 56, 57, 58, 60, 61, 68, 71, 72, 73, 74, 77, 78, 79, 80, 81, 82, 85, 86, 87, 88, 89, 92, 93, 106, 118, 131, 139, 149, 152, 163, 171, 181, 184, 274, 275, 306, 671, 5902, 5903, 5910]
DEBUG Took 0.005s to close glyph list over 'glyf'
INFO Retaining 72 glyphs
INFO head subsetting not needed
INFO hhea subsetting not needed
INFO maxp subsetting not needed
INFO OS/2 subsetting not needed
DEBUG Reading 'hmtx' table from disk
DEBUG Decompiling 'hmtx' table
DEBUG Reading 'hhea' table from disk
DEBUG Decompiling 'hhea' table
DEBUG Took 0.005s to subset 'hmtx'
INFO hmtx subsetted
DEBUG Took 0.002s to subset 'cmap'
INFO cmap subsetted
INFO loca subsetting not needed
DEBUG Took 0.000s to subset 'post'
INFO post subsetted
INFO gasp subsetting not needed
INFO FFTM NOT subset; don't know how to subset
DEBUG Reading 'GDEF' table from disk
DEBUG Decompiling 'GDEF' table
DEBUG Took 0.003s to subset 'GDEF'
INFO GDEF subsetted
INFO name subsetting not needed
DEBUG Took 0.004s to subset 'glyf'
INFO glyf subsetted
DEBUG Took 0.000s to subset GlyphOrder
DEBUG Took 0.000s to prune 'head'
INFO head pruned
DEBUG Reading 'OS/2' table from disk
DEBUG Decompiling 'OS/2' table
INFO OS/2 Unicode ranges pruned: [0, 1, 2]
INFO OS/2 CodePage ranges pruned: [0]
DEBUG Took 0.002s to prune 'glyf'
INFO glyf pruned
DEBUG Took 0.000s to prune 'GDEF'
INFO GDEF pruned
DEBUG Reading 'name' table from disk
DEBUG Decompiling 'name' table
DEBUG Reading 'gasp' table from disk
DEBUG Decompiling 'gasp' table
DEBUG Reading 'FFTM' table from disk
DEBUG Decompiling 'FFTM' table
DEBUG Took 0.002s to prune 'name'
INFO name pruned
DEBUG Reading 'maxp' table from disk
DEBUG Decompiling 'maxp' table
DEBUG Took 0.001s to load 'maxp'
DEBUG Took 0.000s to prune 'maxp'
INFO maxp pruned
DEBUG Reading 'cmap' table from disk
DEBUG Decompiling 'cmap' table
DEBUG Reading 'post' table from disk
DEBUG Decompiling 'post' table
DEBUG Took 0.011s to load 'cmap'
DEBUG Took 0.000s to prune 'cmap'
INFO cmap pruned
INFO fpgm dropped
INFO prep dropped
INFO cvt  dropped
INFO kern dropped
DEBUG Took 0.000s to load 'post'
DEBUG Took 0.000s to prune 'post'
INFO post pruned
INFO GPOS dropped
INFO GSUB dropped
DEBUG Reading 'glyf' table from disk
DEBUG Decompiling 'glyf' table
DEBUG Reading 'loca' table from disk
DEBUG Decompiling 'loca' table
DEBUG Reading 'head' table from disk
DEBUG Decompiling 'head' table
DEBUG Took 0.008s to load 'glyf'
DEBUG Took 0.000s to prune 'glyf'
INFO glyf pruned
DEBUG Took 0.001s to close glyph list over 'cmap'
INFO Added gid0 to subset
INFO Closing glyph list over 'MATH': 79 glyphs before
INFO Glyph names: ['.notdef', 'A', 'Aacute', 'B', 'C', 'D', 'E', 'F', 'H', 'I', 'J', 'K', 'M', 'N', 'O', 'P', 'R', 'S', 'T', 'U', 'Uacute', 'V', 'W', 'X', 'a', 'aacute', 'at', 'b', 'c', 'colon', 'comma', 'd', 'e', 'eacute', 'eight', 'exclam', 'f', 'fi', 'five', 'four', 'g', 'h', 'hyphen', 'i', 'iacute', 'j', 'k', 'l', 'm', 'n', 'nine', 'o', 'oacute', 'odieresis', 'ohungarumlaut', 'one', 'p', 'parenleft', 'parenright', 'percent', 'period', 'plus', 'r', 's', 'seven', 'six', 'slash', 'space', 't', 'three', 'two', 'u', 'uacute', 'udieresis', 'v', 'x', 'y', 'z', 'zero']
INFO Glyph IDs:   [0, 3, 4, 8, 11, 12, 14, 15, 16, 17, 18, 19, 20, 21, 22, 23, 24, 25, 26, 27, 28, 29, 35, 36, 37, 38, 39, 40, 41, 43, 44, 45, 46, 48, 49, 50, 51, 53, 54, 55, 56, 57, 58, 59, 68, 69, 70, 71, 72, 73, 74, 75, 76, 77, 78, 79, 80, 81, 82, 83, 85, 86, 87, 88, 89, 91, 92, 93, 131, 156, 163, 171, 175, 181, 184, 188, 190, 275, 5042]
DEBUG Reading 'MATH' table from disk
DEBUG Decompiling 'MATH' table
INFO Closed glyph list over 'MATH': 85 glyphs after
INFO Glyph names: ['.notdef', 'A', 'Aacute', 'B', 'C', 'D', 'E', 'F', 'H', 'I', 'J', 'K', 'M', 'N', 'O', 'P', 'R', 'S', 'T', 'U', 'Uacute', 'V', 'W', 'X', 'a', 'aacute', 'at', 'b', 'c', 'colon', 'comma', 'd', 'e', 'eacute', 'eight', 'exclam', 'f', 'fi', 'five', 'four', 'g', 'h', 'hyphen', 'i', 'iacute', 'j', 'k', 'l', 'm', 'n', 'nine', 'o', 'oacute', 'odieresis', 'ohungarumlaut', 'one', 'p', 'parenleft', 'parenright', 'percent', 'period', 'plus', 'r', 's', 'seven', 'six', 'slash', 'space', 't', 'three', 'two', 'u', 'uacute', 'udieresis', 'uni239B', 'uni239C', 'uni239D', 'uni239E', 'uni239F', 'uni23A0', 'v', 'x', 'y', 'z', 'zero']
INFO Glyph IDs:   [0, 3, 4, 8, 11, 12, 14, 15, 16, 17, 18, 19, 20, 21, 22, 23, 24, 25, 26, 27, 28, 29, 35, 36, 37, 38, 39, 40, 41, 43, 44, 45, 46, 48, 49, 50, 51, 53, 54, 55, 56, 57, 58, 59, 68, 69, 70, 71, 72, 73, 74, 75, 76, 77, 78, 79, 80, 81, 82, 83, 85, 86, 87, 88, 89, 91, 92, 93, 131, 156, 163, 171, 175, 181, 184, 188, 190, 275, 3507, 3508, 3509, 3510, 3511, 3512, 5042]
DEBUG Took 0.006s to close glyph list over 'MATH'
INFO Closing glyph list over 'glyf': 85 glyphs before
INFO Glyph names: ['.notdef', 'A', 'Aacute', 'B', 'C', 'D', 'E', 'F', 'H', 'I', 'J', 'K', 'M', 'N', 'O', 'P', 'R', 'S', 'T', 'U', 'Uacute', 'V', 'W', 'X', 'a', 'aacute', 'at', 'b', 'c', 'colon', 'comma', 'd', 'e', 'eacute', 'eight', 'exclam', 'f', 'fi', 'five', 'four', 'g', 'h', 'hyphen', 'i', 'iacute', 'j', 'k', 'l', 'm', 'n', 'nine', 'o', 'oacute', 'odieresis', 'ohungarumlaut', 'one', 'p', 'parenleft', 'parenright', 'percent', 'period', 'plus', 'r', 's', 'seven', 'six', 'slash', 'space', 't', 'three', 'two', 'u', 'uacute', 'udieresis', 'uni239B', 'uni239C', 'uni239D', 'uni239E', 'uni239F', 'uni23A0', 'v', 'x', 'y', 'z', 'zero']
INFO Glyph IDs:   [0, 3, 4, 8, 11, 12, 14, 15, 16, 17, 18, 19, 20, 21, 22, 23, 24, 25, 26, 27, 28, 29, 35, 36, 37, 38, 39, 40, 41, 43, 44, 45, 46, 48, 49, 50, 51, 53, 54, 55, 56, 57, 58, 59, 68, 69, 70, 71, 72, 73, 74, 75, 76, 77, 78, 79, 80, 81, 82, 83, 85, 86, 87, 88, 89, 91, 92, 93, 131, 156, 163, 171, 175, 181, 184, 188, 190, 275, 3507, 3508, 3509, 3510, 3511, 3512, 5042]
INFO Closed glyph list over 'glyf': 90 glyphs after
INFO Glyph names: ['.notdef', 'A', 'Aacute', 'Acute', 'B', 'C', 'D', 'E', 'F', 'H', 'I', 'J', 'K', 'M', 'N', 'O', 'P', 'R', 'S', 'T', 'U', 'Uacute', 'V', 'W', 'X', 'a', 'aacute', 'acute', 'at', 'b', 'c', 'colon', 'comma', 'd', 'dieresis', 'dotlessi', 'e', 'eacute', 'eight', 'exclam', 'f', 'fi', 'five', 'four', 'g', 'h', 'hungarumlaut', 'hyphen', 'i', 'iacute', 'j', 'k', 'l', 'm', 'n', 'nine', 'o', 'oacute', 'odieresis', 'ohungarumlaut', 'one', 'p', 'parenleft', 'parenright', 'percent', 'period', 'plus', 'r', 's', 'seven', 'six', 'slash', 'space', 't', 'three', 'two', 'u', 'uacute', 'udieresis', 'uni239B', 'uni239C', 'uni239D', 'uni239E', 'uni239F', 'uni23A0', 'v', 'x', 'y', 'z', 'zero']
INFO Glyph IDs:   [0, 3, 4, 8, 11, 12, 14, 15, 16, 17, 18, 19, 20, 21, 22, 23, 24, 25, 26, 27, 28, 29, 35, 36, 37, 38, 39, 40, 41, 43, 44, 45, 46, 48, 49, 50, 51, 53, 54, 55, 56, 57, 58, 59, 68, 69, 70, 71, 72, 73, 74, 75, 76, 77, 78, 79, 80, 81, 82, 83, 85, 86, 87, 88, 89, 91, 92, 93, 106, 118, 131, 156, 163, 171, 175, 181, 184, 188, 190, 243, 275, 671, 3507, 3508, 3509, 3510, 3511, 3512, 5042, 5923]
DEBUG Took 0.002s to close glyph list over 'glyf'
INFO Retaining 90 glyphs
INFO head subsetting not needed
INFO hhea subsetting not needed
INFO maxp subsetting not needed
INFO OS/2 subsetting not needed
DEBUG Reading 'hmtx' table from disk
DEBUG Decompiling 'hmtx' table
DEBUG Reading 'hhea' table from disk
DEBUG Decompiling 'hhea' table
DEBUG Took 0.006s to subset 'hmtx'
INFO hmtx subsetted
DEBUG Took 0.002s to subset 'cmap'
INFO cmap subsetted
INFO loca subsetting not needed
DEBUG Took 0.000s to subset 'post'
INFO post subsetted
INFO gasp subsetting not needed
INFO FFTM NOT subset; don't know how to subset
DEBUG Took 0.000s to subset 'MATH'
INFO MATH subsetted
DEBUG Reading 'GDEF' table from disk
DEBUG Decompiling 'GDEF' table
DEBUG Took 0.003s to subset 'GDEF'
INFO GDEF subsetted
INFO name subsetting not needed
DEBUG Took 0.004s to subset 'glyf'
INFO glyf subsetted
DEBUG Took 0.000s to subset GlyphOrder
DEBUG Took 0.000s to prune 'head'
INFO head pruned
DEBUG Reading 'OS/2' table from disk
DEBUG Decompiling 'OS/2' table
INFO OS/2 Unicode ranges pruned: [0, 1, 2, 62]
INFO OS/2 CodePage ranges pruned: [0]
DEBUG Took 0.002s to prune 'glyf'
INFO glyf pruned
DEBUG Took 0.000s to prune 'GDEF'
INFO GDEF pruned
DEBUG Reading 'name' table from disk
DEBUG Decompiling 'name' table
DEBUG Reading 'gasp' table from disk
DEBUG Decompiling 'gasp' table
DEBUG Reading 'FFTM' table from disk
DEBUG Decompiling 'FFTM' table
DEBUG Took 0.002s to prune 'name'
INFO name pruned
[DEBUG 2026-07-21 16:38:31] send_email called for pk=c99b33f8-8267-4222-8c7e-d7a6c6cef36b
DEBUG: Invoice fetched: CZHUF2026000236
[DEBUG 2026-07-21 16:38:32] Starting PDF generation...
WARNING Ignored `word-break: break-word` at 133:13, invalid value.
WARNING Ignored `word-break: break-word` at 145:13, invalid value.
WARNING Ignored `word-break: break-word` at 183:48, invalid value.
DEBUG Reading 'maxp' table from disk
DEBUG Decompiling 'maxp' table
DEBUG Took 0.001s to load 'maxp'
DEBUG Took 0.000s to prune 'maxp'
INFO maxp pruned
DEBUG Reading 'cmap' table from disk
DEBUG Decompiling 'cmap' table
DEBUG Reading 'post' table from disk
DEBUG Decompiling 'post' table
DEBUG Took 0.012s to load 'cmap'
DEBUG Took 0.000s to prune 'cmap'
INFO cmap pruned
INFO fpgm dropped
INFO prep dropped
INFO cvt  dropped
INFO kern dropped
DEBUG Took 0.000s to load 'post'
DEBUG Took 0.000s to prune 'post'
INFO post pruned
INFO GPOS dropped
INFO GSUB dropped
DEBUG Reading 'glyf' table from disk
DEBUG Decompiling 'glyf' table
DEBUG Reading 'loca' table from disk
DEBUG Decompiling 'loca' table
DEBUG Reading 'head' table from disk
DEBUG Decompiling 'head' table
DEBUG Took 0.008s to load 'glyf'
DEBUG Took 0.000s to prune 'glyf'
INFO glyf pruned
DEBUG Took 0.001s to close glyph list over 'cmap'
INFO Added gid0 to subset
INFO Closing glyph list over 'glyf': 65 glyphs before
INFO Glyph names: ['.notdef', 'A', 'Aacute', 'B', 'C', 'D', 'E', 'Eacute', 'F', 'G', 'H', 'I', 'K', 'L', 'M', 'N', 'O', 'Oacute', 'Odieresis', 'Ohungarumlaut', 'R', 'S', 'T', 'U', 'Uhungarumlaut', 'V', 'W', 'Y', 'Z', 'a', 'aacute', 'colon', 'd', 'e', 'eacute', 'f', 'four', 'g', 'hyphen', 'j', 'k', 'l', 'm', 'n', 'nine', 'oacute', 'odieresis', 'ohungarumlaut', 'one', 'parenleft', 'parenright', 'period', 'r', 's', 'seven', 'six', 'space', 't', 'three', 'two', 'u', 'v', 'y', 'z', 'zero']
INFO Glyph IDs:   [0, 3, 11, 12, 16, 17, 19, 20, 21, 22, 23, 25, 26, 28, 29, 36, 37, 38, 39, 40, 41, 42, 43, 44, 46, 47, 48, 49, 50, 53, 54, 55, 56, 57, 58, 60, 61, 68, 71, 72, 73, 74, 77, 78, 79, 80, 81, 85, 86, 87, 88, 89, 92, 93, 131, 139, 149, 152, 163, 171, 181, 184, 274, 275, 306]
INFO Closed glyph list over 'glyf': 72 glyphs after
INFO Glyph names: ['.notdef', 'A', 'Aacute', 'Acute', 'B', 'C', 'D', 'Dieresis', 'E', 'Eacute', 'F', 'G', 'H', 'Hungarumlaut', 'I', 'K', 'L', 'M', 'N', 'O', 'Oacute', 'Odieresis', 'Ohungarumlaut', 'R', 'S', 'T', 'U', 'Uhungarumlaut', 'V', 'W', 'Y', 'Z', 'a', 'aacute', 'acute', 'colon', 'd', 'dieresis', 'e', 'eacute', 'f', 'four', 'g', 'hungarumlaut', 'hyphen', 'j', 'k', 'l', 'm', 'n', 'nine', 'o', 'oacute', 'odieresis', 'ohungarumlaut', 'one', 'parenleft', 'parenright', 'period', 'r', 's', 'seven', 'six', 'space', 't', 'three', 'two', 'u', 'v', 'y', 'z', 'zero']
INFO Glyph IDs:   [0, 3, 11, 12, 16, 17, 19, 20, 21, 22, 23, 25, 26, 28, 29, 36, 37, 38, 39, 40, 41, 42, 43, 44, 46, 47, 48, 49, 50, 53, 54, 55, 56, 57, 58, 60, 61, 68, 71, 72, 73, 74, 77, 78, 79, 80, 81, 82, 85, 86, 87, 88, 89, 92, 93, 106, 118, 131, 139, 149, 152, 163, 171, 181, 184, 274, 275, 306, 671, 5902, 5903, 5910]
DEBUG Took 0.003s to close glyph list over 'glyf'
INFO Retaining 72 glyphs
INFO head subsetting not needed
INFO hhea subsetting not needed
INFO maxp subsetting not needed
INFO OS/2 subsetting not needed
DEBUG Reading 'hmtx' table from disk
DEBUG Decompiling 'hmtx' table
DEBUG Reading 'hhea' table from disk
DEBUG Decompiling 'hhea' table
DEBUG Took 0.007s to subset 'hmtx'
INFO hmtx subsetted
DEBUG Took 0.002s to subset 'cmap'
INFO cmap subsetted
INFO loca subsetting not needed
DEBUG Took 0.000s to subset 'post'
INFO post subsetted
INFO gasp subsetting not needed
INFO FFTM NOT subset; don't know how to subset
DEBUG Reading 'GDEF' table from disk
DEBUG Decompiling 'GDEF' table
DEBUG Took 0.003s to subset 'GDEF'
INFO GDEF subsetted
INFO name subsetting not needed
DEBUG Took 0.056s to subset 'glyf'
INFO glyf subsetted
DEBUG Took 0.000s to subset GlyphOrder
DEBUG Took 0.000s to prune 'head'
INFO head pruned
DEBUG Reading 'OS/2' table from disk
DEBUG Decompiling 'OS/2' table
INFO OS/2 Unicode ranges pruned: [0, 1, 2]
INFO OS/2 CodePage ranges pruned: [0]
DEBUG Took 0.002s to prune 'glyf'
INFO glyf pruned
DEBUG Took 0.000s to prune 'GDEF'
INFO GDEF pruned
DEBUG Reading 'name' table from disk
DEBUG Decompiling 'name' table
DEBUG Reading 'gasp' table from disk
DEBUG Decompiling 'gasp' table
DEBUG Reading 'FFTM' table from disk
DEBUG Decompiling 'FFTM' table
DEBUG Took 0.002s to prune 'name'
INFO name pruned
DEBUG Reading 'maxp' table from disk
DEBUG Decompiling 'maxp' table
DEBUG Took 0.001s to load 'maxp'
DEBUG Took 0.000s to prune 'maxp'
INFO maxp pruned
DEBUG Reading 'cmap' table from disk
DEBUG Decompiling 'cmap' table
DEBUG Reading 'post' table from disk
DEBUG Decompiling 'post' table
DEBUG Took 0.012s to load 'cmap'
DEBUG Took 0.000s to prune 'cmap'
INFO cmap pruned
INFO fpgm dropped
INFO prep dropped
INFO cvt  dropped
INFO kern dropped
DEBUG Took 0.000s to load 'post'
DEBUG Took 0.000s to prune 'post'
INFO post pruned
INFO GPOS dropped
INFO GSUB dropped
DEBUG Reading 'glyf' table from disk
DEBUG Decompiling 'glyf' table
DEBUG Reading 'loca' table from disk
DEBUG Decompiling 'loca' table
DEBUG Reading 'head' table from disk
DEBUG Decompiling 'head' table
DEBUG Took 0.008s to load 'glyf'
DEBUG Took 0.000s to prune 'glyf'
INFO glyf pruned
DEBUG Took 0.001s to close glyph list over 'cmap'
INFO Added gid0 to subset
INFO Closing glyph list over 'MATH': 79 glyphs before
INFO Glyph names: ['.notdef', 'A', 'Aacute', 'B', 'C', 'D', 'E', 'F', 'H', 'I', 'J', 'K', 'M', 'N', 'O', 'P', 'R', 'S', 'T', 'U', 'Uacute', 'V', 'W', 'X', 'a', 'aacute', 'at', 'b', 'c', 'colon', 'comma', 'd', 'e', 'eacute', 'eight', 'exclam', 'f', 'fi', 'five', 'four', 'g', 'h', 'hyphen', 'i', 'iacute', 'j', 'k', 'l', 'm', 'n', 'nine', 'o', 'oacute', 'odieresis', 'ohungarumlaut', 'one', 'p', 'parenleft', 'parenright', 'percent', 'period', 'plus', 'r', 's', 'seven', 'six', 'slash', 'space', 't', 'three', 'two', 'u', 'uacute', 'udieresis', 'v', 'x', 'y', 'z', 'zero']
INFO Glyph IDs:   [0, 3, 4, 8, 11, 12, 14, 15, 16, 17, 18, 19, 20, 21, 22, 23, 24, 25, 26, 27, 28, 29, 35, 36, 37, 38, 39, 40, 41, 43, 44, 45, 46, 48, 49, 50, 51, 53, 54, 55, 56, 57, 58, 59, 68, 69, 70, 71, 72, 73, 74, 75, 76, 77, 78, 79, 80, 81, 82, 83, 85, 86, 87, 88, 89, 91, 92, 93, 131, 156, 163, 171, 175, 181, 184, 188, 190, 275, 5042]
DEBUG Reading 'MATH' table from disk
DEBUG Decompiling 'MATH' table
INFO Closed glyph list over 'MATH': 85 glyphs after
INFO Glyph names: ['.notdef', 'A', 'Aacute', 'B', 'C', 'D', 'E', 'F', 'H', 'I', 'J', 'K', 'M', 'N', 'O', 'P', 'R', 'S', 'T', 'U', 'Uacute', 'V', 'W', 'X', 'a', 'aacute', 'at', 'b', 'c', 'colon', 'comma', 'd', 'e', 'eacute', 'eight', 'exclam', 'f', 'fi', 'five', 'four', 'g', 'h', 'hyphen', 'i', 'iacute', 'j', 'k', 'l', 'm', 'n', 'nine', 'o', 'oacute', 'odieresis', 'ohungarumlaut', 'one', 'p', 'parenleft', 'parenright', 'percent', 'period', 'plus', 'r', 's', 'seven', 'six', 'slash', 'space', 't', 'three', 'two', 'u', 'uacute', 'udieresis', 'uni239B', 'uni239C', 'uni239D', 'uni239E', 'uni239F', 'uni23A0', 'v', 'x', 'y', 'z', 'zero']
INFO Glyph IDs:   [0, 3, 4, 8, 11, 12, 14, 15, 16, 17, 18, 19, 20, 21, 22, 23, 24, 25, 26, 27, 28, 29, 35, 36, 37, 38, 39, 40, 41, 43, 44, 45, 46, 48, 49, 50, 51, 53, 54, 55, 56, 57, 58, 59, 68, 69, 70, 71, 72, 73, 74, 75, 76, 77, 78, 79, 80, 81, 82, 83, 85, 86, 87, 88, 89, 91, 92, 93, 131, 156, 163, 171, 175, 181, 184, 188, 190, 275, 3507, 3508, 3509, 3510, 3511, 3512, 5042]
DEBUG Took 0.006s to close glyph list over 'MATH'
INFO Closing glyph list over 'glyf': 85 glyphs before
INFO Glyph names: ['.notdef', 'A', 'Aacute', 'B', 'C', 'D', 'E', 'F', 'H', 'I', 'J', 'K', 'M', 'N', 'O', 'P', 'R', 'S', 'T', 'U', 'Uacute', 'V', 'W', 'X', 'a', 'aacute', 'at', 'b', 'c', 'colon', 'comma', 'd', 'e', 'eacute', 'eight', 'exclam', 'f', 'fi', 'five', 'four', 'g', 'h', 'hyphen', 'i', 'iacute', 'j', 'k', 'l', 'm', 'n', 'nine', 'o', 'oacute', 'odieresis', 'ohungarumlaut', 'one', 'p', 'parenleft', 'parenright', 'percent', 'period', 'plus', 'r', 's', 'seven', 'six', 'slash', 'space', 't', 'three', 'two', 'u', 'uacute', 'udieresis', 'uni239B', 'uni239C', 'uni239D', 'uni239E', 'uni239F', 'uni23A0', 'v', 'x', 'y', 'z', 'zero']
INFO Glyph IDs:   [0, 3, 4, 8, 11, 12, 14, 15, 16, 17, 18, 19, 20, 21, 22, 23, 24, 25, 26, 27, 28, 29, 35, 36, 37, 38, 39, 40, 41, 43, 44, 45, 46, 48, 49, 50, 51, 53, 54, 55, 56, 57, 58, 59, 68, 69, 70, 71, 72, 73, 74, 75, 76, 77, 78, 79, 80, 81, 82, 83, 85, 86, 87, 88, 89, 91, 92, 93, 131, 156, 163, 171, 175, 181, 184, 188, 190, 275, 3507, 3508, 3509, 3510, 3511, 3512, 5042]
INFO Closed glyph list over 'glyf': 90 glyphs after
INFO Glyph names: ['.notdef', 'A', 'Aacute', 'Acute', 'B', 'C', 'D', 'E', 'F', 'H', 'I', 'J', 'K', 'M', 'N', 'O', 'P', 'R', 'S', 'T', 'U', 'Uacute', 'V', 'W', 'X', 'a', 'aacute', 'acute', 'at', 'b', 'c', 'colon', 'comma', 'd', 'dieresis', 'dotlessi', 'e', 'eacute', 'eight', 'exclam', 'f', 'fi', 'five', 'four', 'g', 'h', 'hungarumlaut', 'hyphen', 'i', 'iacute', 'j', 'k', 'l', 'm', 'n', 'nine', 'o', 'oacute', 'odieresis', 'ohungarumlaut', 'one', 'p', 'parenleft', 'parenright', 'percent', 'period', 'plus', 'r', 's', 'seven', 'six', 'slash', 'space', 't', 'three', 'two', 'u', 'uacute', 'udieresis', 'uni239B', 'uni239C', 'uni239D', 'uni239E', 'uni239F', 'uni23A0', 'v', 'x', 'y', 'z', 'zero']
INFO Glyph IDs:   [0, 3, 4, 8, 11, 12, 14, 15, 16, 17, 18, 19, 20, 21, 22, 23, 24, 25, 26, 27, 28, 29, 35, 36, 37, 38, 39, 40, 41, 43, 44, 45, 46, 48, 49, 50, 51, 53, 54, 55, 56, 57, 58, 59, 68, 69, 70, 71, 72, 73, 74, 75, 76, 77, 78, 79, 80, 81, 82, 83, 85, 86, 87, 88, 89, 91, 92, 93, 106, 118, 131, 156, 163, 171, 175, 181, 184, 188, 190, 243, 275, 671, 3507, 3508, 3509, 3510, 3511, 3512, 5042, 5923]
DEBUG Took 0.002s to close glyph list over 'glyf'
INFO Retaining 90 glyphs
INFO head subsetting not needed
INFO hhea subsetting not needed
INFO maxp subsetting not needed
INFO OS/2 subsetting not needed
DEBUG Reading 'hmtx' table from disk
DEBUG Decompiling 'hmtx' table
DEBUG Reading 'hhea' table from disk
DEBUG Decompiling 'hhea' table
DEBUG Took 0.007s to subset 'hmtx'
INFO hmtx subsetted
DEBUG Took 0.002s to subset 'cmap'
INFO cmap subsetted
INFO loca subsetting not needed
DEBUG Took 0.000s to subset 'post'
INFO post subsetted
INFO gasp subsetting not needed
INFO FFTM NOT subset; don't know how to subset
DEBUG Took 0.000s to subset 'MATH'
INFO MATH subsetted
DEBUG Reading 'GDEF' table from disk
DEBUG Decompiling 'GDEF' table
DEBUG Took 0.003s to subset 'GDEF'
INFO GDEF subsetted
INFO name subsetting not needed
DEBUG Took 0.004s to subset 'glyf'
INFO glyf subsetted
DEBUG Took 0.000s to subset GlyphOrder
DEBUG Took 0.000s to prune 'head'
INFO head pruned
DEBUG Reading 'OS/2' table from disk
DEBUG Decompiling 'OS/2' table
INFO OS/2 Unicode ranges pruned: [0, 1, 2, 62]
INFO OS/2 CodePage ranges pruned: [0]
DEBUG Took 0.002s to prune 'glyf'
INFO glyf pruned
DEBUG Took 0.000s to prune 'GDEF'
INFO GDEF pruned
DEBUG Reading 'name' table from disk
DEBUG Decompiling 'name' table
DEBUG Reading 'gasp' table from disk
DEBUG Decompiling 'gasp' table
DEBUG Reading 'FFTM' table from disk
DEBUG Decompiling 'FFTM' table
DEBUG Took 0.002s to prune 'name'
INFO name pruned
[DEBUG 2026-07-21 16:38:33] PDF generation finished.
[DEBUG 2026-07-21 16:38:33] SMTP Configuration: Host=mail.magyarmedia.com, Port=465, User=iroda@magyarmedia.com, TLS=True
[DEBUG 2026-07-21 16:38:33] Connecting to SMTP server...
[DEBUG 2026-07-21 16:38:33] Logging in (SSL)...
[DEBUG 2026-07-21 16:38:33] Sending message...
[DEBUG 2026-07-21 16:38:33] SMTP send clean success.
[DEBUG 2026-07-21 16:38:33] Checking IMAP...
[DEBUG 2026-07-21 16:38:33] Connecting to IMAP mail.magyarmedia.com
WARNING Not Found: /api/auth/token/refresh/
WARNING Not Found: /api/auth/token/refresh/
WARNING Not Found: /api/auth/token/refresh/
WARNING Unauthorized: /api/menu-badges/
WARNING Unauthorized: /api/menu-badges/
WARNING Not Found: /api/auth/token/refresh/
WARNING Unauthorized: /api/menu-badges/
[DEBUG 2026-07-22 14:15:12] send_email called for pk=9a3f894d-6872-48bf-8540-f23eed003c55
DEBUG: Invoice fetched: CZHUF2026000237
[DEBUG 2026-07-22 14:15:12] Starting PDF generation...
WARNING Ignored `word-break: break-word` at 133:13, invalid value.
WARNING Ignored `word-break: break-word` at 145:13, invalid value.
WARNING Ignored `word-break: break-word` at 183:48, invalid value.
DEBUG Reading 'maxp' table from disk
DEBUG Decompiling 'maxp' table
DEBUG Took 0.001s to load 'maxp'
DEBUG Took 0.000s to prune 'maxp'
INFO maxp pruned
DEBUG Reading 'cmap' table from disk
DEBUG Decompiling 'cmap' table
DEBUG Reading 'post' table from disk
DEBUG Decompiling 'post' table
DEBUG Took 0.012s to load 'cmap'
DEBUG Took 0.000s to prune 'cmap'
INFO cmap pruned
INFO fpgm dropped
INFO prep dropped
INFO cvt  dropped
INFO kern dropped
DEBUG Took 0.000s to load 'post'
DEBUG Took 0.000s to prune 'post'
INFO post pruned
INFO GPOS dropped
INFO GSUB dropped
DEBUG Reading 'glyf' table from disk
DEBUG Decompiling 'glyf' table
DEBUG Reading 'loca' table from disk
DEBUG Decompiling 'loca' table
DEBUG Reading 'head' table from disk
DEBUG Decompiling 'head' table
DEBUG Took 0.009s to load 'glyf'
DEBUG Took 0.000s to prune 'glyf'
INFO glyf pruned
DEBUG Took 0.001s to close glyph list over 'cmap'
INFO Added gid0 to subset
INFO Closing glyph list over 'glyf': 64 glyphs before
INFO Glyph names: ['.notdef', 'A', 'Aacute', 'B', 'C', 'D', 'E', 'Eacute', 'F', 'G', 'H', 'I', 'Iacute', 'K', 'M', 'N', 'Odieresis', 'Ohungarumlaut', 'R', 'S', 'T', 'U', 'Uhungarumlaut', 'V', 'Y', 'Z', 'a', 'aacute', 'colon', 'd', 'e', 'eacute', 'eight', 'f', 'five', 'four', 'g', 'hyphen', 'j', 'k', 'l', 'm', 'n', 'nine', 'oacute', 'odieresis', 'ohungarumlaut', 'one', 'parenleft', 'parenright', 'period', 'r', 's', 'seven', 'six', 'space', 't', 'three', 'two', 'u', 'v', 'y', 'z', 'zero']
INFO Glyph IDs:   [0, 3, 11, 12, 16, 17, 19, 20, 21, 22, 23, 24, 25, 26, 27, 28, 29, 36, 37, 38, 39, 40, 41, 42, 43, 44, 46, 48, 49, 53, 54, 55, 56, 57, 60, 61, 68, 71, 72, 73, 74, 77, 78, 79, 80, 81, 85, 86, 87, 88, 89, 92, 93, 131, 139, 143, 152, 163, 171, 181, 184, 274, 275, 306]
INFO Closed glyph list over 'glyf': 72 glyphs after
INFO Glyph names: ['.notdef', 'A', 'Aacute', 'Acute', 'B', 'C', 'D', 'Dieresis', 'E', 'Eacute', 'F', 'G', 'H', 'Hungarumlaut', 'I', 'Iacute', 'K', 'M', 'N', 'O', 'Odieresis', 'Ohungarumlaut', 'R', 'S', 'T', 'U', 'Uhungarumlaut', 'V', 'Y', 'Z', 'a', 'aacute', 'acute', 'colon', 'd', 'dieresis', 'e', 'eacute', 'eight', 'f', 'five', 'four', 'g', 'hungarumlaut', 'hyphen', 'j', 'k', 'l', 'm', 'n', 'nine', 'o', 'oacute', 'odieresis', 'ohungarumlaut', 'one', 'parenleft', 'parenright', 'period', 'r', 's', 'seven', 'six', 'space', 't', 'three', 'two', 'u', 'v', 'y', 'z', 'zero']
INFO Glyph IDs:   [0, 3, 11, 12, 16, 17, 19, 20, 21, 22, 23, 24, 25, 26, 27, 28, 29, 36, 37, 38, 39, 40, 41, 42, 43, 44, 46, 48, 49, 50, 53, 54, 55, 56, 57, 60, 61, 68, 71, 72, 73, 74, 77, 78, 79, 80, 81, 82, 85, 86, 87, 88, 89, 92, 93, 106, 118, 131, 139, 143, 152, 163, 171, 181, 184, 274, 275, 306, 671, 5902, 5903, 5910]
DEBUG Took 0.002s to close glyph list over 'glyf'
INFO Retaining 72 glyphs
INFO head subsetting not needed
INFO hhea subsetting not needed
INFO maxp subsetting not needed
INFO OS/2 subsetting not needed
DEBUG Reading 'hmtx' table from disk
DEBUG Decompiling 'hmtx' table
DEBUG Reading 'hhea' table from disk
DEBUG Decompiling 'hhea' table
DEBUG Took 0.006s to subset 'hmtx'
INFO hmtx subsetted
DEBUG Took 0.002s to subset 'cmap'
INFO cmap subsetted
INFO loca subsetting not needed
DEBUG Took 0.000s to subset 'post'
INFO post subsetted
INFO gasp subsetting not needed
INFO FFTM NOT subset; don't know how to subset
DEBUG Reading 'GDEF' table from disk
DEBUG Decompiling 'GDEF' table
DEBUG Took 0.003s to subset 'GDEF'
INFO GDEF subsetted
INFO name subsetting not needed
DEBUG Took 0.003s to subset 'glyf'
INFO glyf subsetted
DEBUG Took 0.000s to subset GlyphOrder
DEBUG Took 0.000s to prune 'head'
INFO head pruned
DEBUG Reading 'OS/2' table from disk
DEBUG Decompiling 'OS/2' table
INFO OS/2 Unicode ranges pruned: [0, 1, 2]
INFO OS/2 CodePage ranges pruned: [0]
DEBUG Took 0.002s to prune 'glyf'
INFO glyf pruned
DEBUG Took 0.000s to prune 'GDEF'
INFO GDEF pruned
DEBUG Reading 'name' table from disk
DEBUG Decompiling 'name' table
DEBUG Reading 'gasp' table from disk
DEBUG Decompiling 'gasp' table
DEBUG Reading 'FFTM' table from disk
DEBUG Decompiling 'FFTM' table
DEBUG Took 0.002s to prune 'name'
INFO name pruned
DEBUG Reading 'maxp' table from disk
DEBUG Decompiling 'maxp' table
DEBUG Took 0.001s to load 'maxp'
DEBUG Took 0.000s to prune 'maxp'
INFO maxp pruned
DEBUG Reading 'cmap' table from disk
DEBUG Decompiling 'cmap' table
DEBUG Reading 'post' table from disk
DEBUG Decompiling 'post' table
DEBUG Took 0.011s to load 'cmap'
DEBUG Took 0.000s to prune 'cmap'
INFO cmap pruned
INFO fpgm dropped
INFO prep dropped
INFO cvt  dropped
INFO kern dropped
DEBUG Took 0.000s to load 'post'
DEBUG Took 0.000s to prune 'post'
INFO post pruned
INFO GPOS dropped
INFO GSUB dropped
DEBUG Reading 'glyf' table from disk
DEBUG Decompiling 'glyf' table
DEBUG Reading 'loca' table from disk
DEBUG Decompiling 'loca' table
DEBUG Reading 'head' table from disk
DEBUG Decompiling 'head' table
DEBUG Took 0.008s to load 'glyf'
DEBUG Took 0.000s to prune 'glyf'
INFO glyf pruned
DEBUG Took 0.001s to close glyph list over 'cmap'
INFO Added gid0 to subset
INFO Closing glyph list over 'MATH': 82 glyphs before
INFO Glyph names: ['.notdef', 'A', 'Aacute', 'B', 'C', 'D', 'E', 'F', 'G', 'H', 'I', 'Iacute', 'J', 'K', 'M', 'N', 'Oacute', 'P', 'R', 'S', 'T', 'U', 'Uacute', 'V', 'X', 'Y', 'Z', 'a', 'aacute', 'at', 'b', 'c', 'colon', 'comma', 'd', 'e', 'eacute', 'eight', 'exclam', 'f', 'fi', 'five', 'four', 'g', 'h', 'hyphen', 'i', 'iacute', 'j', 'k', 'l', 'm', 'n', 'nine', 'o', 'oacute', 'odieresis', 'ohungarumlaut', 'one', 'p', 'parenleft', 'parenright', 'percent', 'period', 'plus', 'r', 's', 'seven', 'six', 'slash', 'space', 't', 'three', 'two', 'u', 'uacute', 'udieresis', 'v', 'x', 'y', 'z', 'zero']
INFO Glyph IDs:   [0, 3, 4, 8, 11, 12, 14, 15, 16, 17, 18, 19, 20, 21, 22, 23, 24, 25, 26, 27, 28, 29, 35, 36, 37, 38, 39, 40, 41, 42, 43, 44, 45, 46, 48, 49, 51, 53, 54, 55, 56, 57, 59, 60, 61, 68, 69, 70, 71, 72, 73, 74, 75, 76, 77, 78, 79, 80, 81, 82, 83, 85, 86, 87, 88, 89, 91, 92, 93, 131, 143, 149, 156, 163, 171, 175, 181, 184, 188, 190, 275, 5042]
DEBUG Reading 'MATH' table from disk
DEBUG Decompiling 'MATH' table
INFO Closed glyph list over 'MATH': 88 glyphs after
INFO Glyph names: ['.notdef', 'A', 'Aacute', 'B', 'C', 'D', 'E', 'F', 'G', 'H', 'I', 'Iacute', 'J', 'K', 'M', 'N', 'Oacute', 'P', 'R', 'S', 'T', 'U', 'Uacute', 'V', 'X', 'Y', 'Z', 'a', 'aacute', 'at', 'b', 'c', 'colon', 'comma', 'd', 'e', 'eacute', 'eight', 'exclam', 'f', 'fi', 'five', 'four', 'g', 'h', 'hyphen', 'i', 'iacute', 'j', 'k', 'l', 'm', 'n', 'nine', 'o', 'oacute', 'odieresis', 'ohungarumlaut', 'one', 'p', 'parenleft', 'parenright', 'percent', 'period', 'plus', 'r', 's', 'seven', 'six', 'slash', 'space', 't', 'three', 'two', 'u', 'uacute', 'udieresis', 'uni239B', 'uni239C', 'uni239D', 'uni239E', 'uni239F', 'uni23A0', 'v', 'x', 'y', 'z', 'zero']
INFO Glyph IDs:   [0, 3, 4, 8, 11, 12, 14, 15, 16, 17, 18, 19, 20, 21, 22, 23, 24, 25, 26, 27, 28, 29, 35, 36, 37, 38, 39, 40, 41, 42, 43, 44, 45, 46, 48, 49, 51, 53, 54, 55, 56, 57, 59, 60, 61, 68, 69, 70, 71, 72, 73, 74, 75, 76, 77, 78, 79, 80, 81, 82, 83, 85, 86, 87, 88, 89, 91, 92, 93, 131, 143, 149, 156, 163, 171, 175, 181, 184, 188, 190, 275, 3507, 3508, 3509, 3510, 3511, 3512, 5042]
DEBUG Took 0.006s to close glyph list over 'MATH'
INFO Closing glyph list over 'glyf': 88 glyphs before
INFO Glyph names: ['.notdef', 'A', 'Aacute', 'B', 'C', 'D', 'E', 'F', 'G', 'H', 'I', 'Iacute', 'J', 'K', 'M', 'N', 'Oacute', 'P', 'R', 'S', 'T', 'U', 'Uacute', 'V', 'X', 'Y', 'Z', 'a', 'aacute', 'at', 'b', 'c', 'colon', 'comma', 'd', 'e', 'eacute', 'eight', 'exclam', 'f', 'fi', 'five', 'four', 'g', 'h', 'hyphen', 'i', 'iacute', 'j', 'k', 'l', 'm', 'n', 'nine', 'o', 'oacute', 'odieresis', 'ohungarumlaut', 'one', 'p', 'parenleft', 'parenright', 'percent', 'period', 'plus', 'r', 's', 'seven', 'six', 'slash', 'space', 't', 'three', 'two', 'u', 'uacute', 'udieresis', 'uni239B', 'uni239C', 'uni239D', 'uni239E', 'uni239F', 'uni23A0', 'v', 'x', 'y', 'z', 'zero']
INFO Glyph IDs:   [0, 3, 4, 8, 11, 12, 14, 15, 16, 17, 18, 19, 20, 21, 22, 23, 24, 25, 26, 27, 28, 29, 35, 36, 37, 38, 39, 40, 41, 42, 43, 44, 45, 46, 48, 49, 51, 53, 54, 55, 56, 57, 59, 60, 61, 68, 69, 70, 71, 72, 73, 74, 75, 76, 77, 78, 79, 80, 81, 82, 83, 85, 86, 87, 88, 89, 91, 92, 93, 131, 143, 149, 156, 163, 171, 175, 181, 184, 188, 190, 275, 3507, 3508, 3509, 3510, 3511, 3512, 5042]
INFO Closed glyph list over 'glyf': 94 glyphs after
INFO Glyph names: ['.notdef', 'A', 'Aacute', 'Acute', 'B', 'C', 'D', 'E', 'F', 'G', 'H', 'I', 'Iacute', 'J', 'K', 'M', 'N', 'O', 'Oacute', 'P', 'R', 'S', 'T', 'U', 'Uacute', 'V', 'X', 'Y', 'Z', 'a', 'aacute', 'acute', 'at', 'b', 'c', 'colon', 'comma', 'd', 'dieresis', 'dotlessi', 'e', 'eacute', 'eight', 'exclam', 'f', 'fi', 'five', 'four', 'g', 'h', 'hungarumlaut', 'hyphen', 'i', 'iacute', 'j', 'k', 'l', 'm', 'n', 'nine', 'o', 'oacute', 'odieresis', 'ohungarumlaut', 'one', 'p', 'parenleft', 'parenright', 'percent', 'period', 'plus', 'r', 's', 'seven', 'six', 'slash', 'space', 't', 'three', 'two', 'u', 'uacute', 'udieresis', 'uni239B', 'uni239C', 'uni239D', 'uni239E', 'uni239F', 'uni23A0', 'v', 'x', 'y', 'z', 'zero']
INFO Glyph IDs:   [0, 3, 4, 8, 11, 12, 14, 15, 16, 17, 18, 19, 20, 21, 22, 23, 24, 25, 26, 27, 28, 29, 35, 36, 37, 38, 39, 40, 41, 42, 43, 44, 45, 46, 48, 49, 50, 51, 53, 54, 55, 56, 57, 59, 60, 61, 68, 69, 70, 71, 72, 73, 74, 75, 76, 77, 78, 79, 80, 81, 82, 83, 85, 86, 87, 88, 89, 91, 92, 93, 106, 118, 131, 143, 149, 156, 163, 171, 175, 181, 184, 188, 190, 243, 275, 671, 3507, 3508, 3509, 3510, 3511, 3512, 5042, 5923]
DEBUG Took 0.002s to close glyph list over 'glyf'
INFO Retaining 94 glyphs
INFO head subsetting not needed
INFO hhea subsetting not needed
INFO maxp subsetting not needed
INFO OS/2 subsetting not needed
DEBUG Reading 'hmtx' table from disk
DEBUG Decompiling 'hmtx' table
DEBUG Reading 'hhea' table from disk
DEBUG Decompiling 'hhea' table
DEBUG Took 0.006s to subset 'hmtx'
INFO hmtx subsetted
DEBUG Took 0.002s to subset 'cmap'
INFO cmap subsetted
INFO loca subsetting not needed
DEBUG Took 0.000s to subset 'post'
INFO post subsetted
INFO gasp subsetting not needed
INFO FFTM NOT subset; don't know how to subset
DEBUG Took 0.000s to subset 'MATH'
INFO MATH subsetted
DEBUG Reading 'GDEF' table from disk
DEBUG Decompiling 'GDEF' table
DEBUG Took 0.003s to subset 'GDEF'
INFO GDEF subsetted
INFO name subsetting not needed
DEBUG Took 0.003s to subset 'glyf'
INFO glyf subsetted
DEBUG Took 0.000s to subset GlyphOrder
DEBUG Took 0.000s to prune 'head'
INFO head pruned
DEBUG Reading 'OS/2' table from disk
DEBUG Decompiling 'OS/2' table
INFO OS/2 Unicode ranges pruned: [0, 1, 2, 62]
INFO OS/2 CodePage ranges pruned: [0]
DEBUG Took 0.002s to prune 'glyf'
INFO glyf pruned
DEBUG Took 0.000s to prune 'GDEF'
INFO GDEF pruned
DEBUG Reading 'name' table from disk
DEBUG Decompiling 'name' table
DEBUG Reading 'gasp' table from disk
DEBUG Decompiling 'gasp' table
DEBUG Reading 'FFTM' table from disk
DEBUG Decompiling 'FFTM' table
DEBUG Took 0.002s to prune 'name'
INFO name pruned
[DEBUG 2026-07-22 14:15:13] PDF generation finished.
[DEBUG 2026-07-22 14:15:13] SMTP Configuration: Host=mail.magyarmedia.com, Port=465, User=iroda@magyarmedia.com, TLS=True
[DEBUG 2026-07-22 14:15:13] Connecting to SMTP server...
[DEBUG 2026-07-22 14:15:14] Logging in (SSL)...
[DEBUG 2026-07-22 14:15:14] Sending message...
[DEBUG 2026-07-22 14:15:14] SMTP send clean success.
[DEBUG 2026-07-22 14:15:14] Checking IMAP...
[DEBUG 2026-07-22 14:15:14] Connecting to IMAP mail.magyarmedia.com
ERROR Internal Server Error: /api/customer-bank-accounts/
Traceback (most recent call last):
  File "/home/ceze/pixisys/pixinvoice/invoice_app/venv/lib/python3.11/site-packages/django/db/models/fields/__init__.py", line 2688, in to_python
    return uuid.UUID(**{input_form: value})
           ^^^^^^^^^^^^^^^^^^^^^^^^^^^^^^^^
  File "/usr/lib/python3.11/uuid.py", line 178, in __init__
    raise ValueError('badly formed hexadecimal UUID string')
ValueError: badly formed hexadecimal UUID string

During handling of the above exception, another exception occurred:

Traceback (most recent call last):
  File "/home/ceze/pixisys/pixinvoice/invoice_app/venv/lib/python3.11/site-packages/django/core/handlers/exception.py", line 55, in inner
    response = get_response(request)
               ^^^^^^^^^^^^^^^^^^^^^
  File "/home/ceze/pixisys/pixinvoice/invoice_app/venv/lib/python3.11/site-packages/django/core/handlers/base.py", line 197, in _get_response
    response = wrapped_callback(request, *callback_args, **callback_kwargs)
               ^^^^^^^^^^^^^^^^^^^^^^^^^^^^^^^^^^^^^^^^^^^^^^^^^^^^^^^^^^^^
  File "/home/ceze/pixisys/pixinvoice/invoice_app/venv/lib/python3.11/site-packages/django/views/decorators/csrf.py", line 56, in wrapper_view
    return view_func(*args, **kwargs)
           ^^^^^^^^^^^^^^^^^^^^^^^^^^
  File "/home/ceze/pixisys/pixinvoice/invoice_app/venv/lib/python3.11/site-packages/rest_framework/viewsets.py", line 125, in view
    return self.dispatch(request, *args, **kwargs)
           ^^^^^^^^^^^^^^^^^^^^^^^^^^^^^^^^^^^^^^^
  File "/home/ceze/pixisys/pixinvoice/invoice_app/venv/lib/python3.11/site-packages/rest_framework/views.py", line 509, in dispatch
    response = self.handle_exception(exc)
               ^^^^^^^^^^^^^^^^^^^^^^^^^^
  File "/home/ceze/pixisys/pixinvoice/invoice_app/venv/lib/python3.11/site-packages/rest_framework/views.py", line 469, in handle_exception
    self.raise_uncaught_exception(exc)
  File "/home/ceze/pixisys/pixinvoice/invoice_app/venv/lib/python3.11/site-packages/rest_framework/views.py", line 480, in raise_uncaught_exception
    raise exc
  File "/home/ceze/pixisys/pixinvoice/invoice_app/venv/lib/python3.11/site-packages/rest_framework/views.py", line 506, in dispatch
    response = handler(request, *args, **kwargs)
               ^^^^^^^^^^^^^^^^^^^^^^^^^^^^^^^^^
  File "/home/ceze/pixisys/pixinvoice/invoice_app/venv/lib/python3.11/site-packages/rest_framework/mixins.py", line 38, in list
    queryset = self.filter_queryset(self.get_queryset())
                                    ^^^^^^^^^^^^^^^^^^^
  File "/home/ceze/pixisys/pixinvoice/invoice_app/invoices/views/views.py", line 11311, in get_queryset
    qs = qs.filter(customer_id=customer_id)
         ^^^^^^^^^^^^^^^^^^^^^^^^^^^^^^^^^^
  File "/home/ceze/pixisys/pixinvoice/invoice_app/venv/lib/python3.11/site-packages/django/db/models/query.py", line 1436, in filter
    return self._filter_or_exclude(False, args, kwargs)
           ^^^^^^^^^^^^^^^^^^^^^^^^^^^^^^^^^^^^^^^^^^^^
  File "/home/ceze/pixisys/pixinvoice/invoice_app/venv/lib/python3.11/site-packages/django/db/models/query.py", line 1454, in _filter_or_exclude
    clone._filter_or_exclude_inplace(negate, args, kwargs)
  File "/home/ceze/pixisys/pixinvoice/invoice_app/venv/lib/python3.11/site-packages/django/db/models/query.py", line 1461, in _filter_or_exclude_inplace
    self._query.add_q(Q(*args, **kwargs))
  File "/home/ceze/pixisys/pixinvoice/invoice_app/venv/lib/python3.11/site-packages/django/db/models/sql/query.py", line 1545, in add_q
    clause, _ = self._add_q(q_object, self.used_aliases)
                ^^^^^^^^^^^^^^^^^^^^^^^^^^^^^^^^^^^^^^^^
  File "/home/ceze/pixisys/pixinvoice/invoice_app/venv/lib/python3.11/site-packages/django/db/models/sql/query.py", line 1576, in _add_q
    child_clause, needed_inner = self.build_filter(
                                 ^^^^^^^^^^^^^^^^^^
  File "/home/ceze/pixisys/pixinvoice/invoice_app/venv/lib/python3.11/site-packages/django/db/models/sql/query.py", line 1491, in build_filter
    condition = self.build_lookup(lookups, col, value)
                ^^^^^^^^^^^^^^^^^^^^^^^^^^^^^^^^^^^^^^
  File "/home/ceze/pixisys/pixinvoice/invoice_app/venv/lib/python3.11/site-packages/django/db/models/sql/query.py", line 1318, in build_lookup
    lookup = lookup_class(lhs, rhs)
             ^^^^^^^^^^^^^^^^^^^^^^
  File "/home/ceze/pixisys/pixinvoice/invoice_app/venv/lib/python3.11/site-packages/django/db/models/lookups.py", line 27, in __init__
    self.rhs = self.get_prep_lookup()
               ^^^^^^^^^^^^^^^^^^^^^^
  File "/home/ceze/pixisys/pixinvoice/invoice_app/venv/lib/python3.11/site-packages/django/db/models/fields/related_lookups.py", line 166, in get_prep_lookup
    self.rhs = target_field.get_prep_value(self.rhs)
               ^^^^^^^^^^^^^^^^^^^^^^^^^^^^^^^^^^^^^
  File "/home/ceze/pixisys/pixinvoice/invoice_app/venv/lib/python3.11/site-packages/django/db/models/fields/__init__.py", line 2672, in get_prep_value
    return self.to_python(value)
           ^^^^^^^^^^^^^^^^^^^^^
  File "/home/ceze/pixisys/pixinvoice/invoice_app/venv/lib/python3.11/site-packages/django/db/models/fields/__init__.py", line 2690, in to_python
    raise exceptions.ValidationError(
django.core.exceptions.ValidationError: ['A(z) "114" értéke nem érvényes UUID érték.']
/home/ceze/pixisys/pixinvoice/invoice_app/venv/lib/python3.11/site-packages/rest_framework/pagination.py:200: UnorderedObjectListWarning: Pagination may yield inconsistent results with an unordered object_list: <class 'invoices.models.CompanyEmailSettings'> QuerySet.
  paginator = self.django_paginator_class(queryset, page_size)
[DEBUG 2026-07-22 14:26:48] send_email called for pk=f3f40fc3-1d75-41b9-a685-f1b0f1d614b1
DEBUG: Invoice fetched: CZHUF2026000238
[DEBUG 2026-07-22 14:26:48] Starting PDF generation...
WARNING Ignored `word-break: break-word` at 133:13, invalid value.
WARNING Ignored `word-break: break-word` at 145:13, invalid value.
WARNING Ignored `word-break: break-word` at 183:48, invalid value.
DEBUG Reading 'maxp' table from disk
DEBUG Decompiling 'maxp' table
DEBUG Took 0.001s to load 'maxp'
DEBUG Took 0.000s to prune 'maxp'
INFO maxp pruned
DEBUG Reading 'cmap' table from disk
DEBUG Decompiling 'cmap' table
DEBUG Reading 'post' table from disk
DEBUG Decompiling 'post' table
DEBUG Took 0.011s to load 'cmap'
DEBUG Took 0.000s to prune 'cmap'
INFO cmap pruned
INFO fpgm dropped
INFO prep dropped
INFO cvt  dropped
INFO kern dropped
DEBUG Took 0.000s to load 'post'
DEBUG Took 0.000s to prune 'post'
INFO post pruned
INFO GPOS dropped
INFO GSUB dropped
DEBUG Reading 'glyf' table from disk
DEBUG Decompiling 'glyf' table
DEBUG Reading 'loca' table from disk
DEBUG Decompiling 'loca' table
DEBUG Reading 'head' table from disk
DEBUG Decompiling 'head' table
DEBUG Took 0.008s to load 'glyf'
DEBUG Took 0.000s to prune 'glyf'
INFO glyf pruned
DEBUG Took 0.001s to close glyph list over 'cmap'
INFO Added gid0 to subset
INFO Closing glyph list over 'glyf': 60 glyphs before
INFO Glyph names: ['.notdef', 'A', 'Aacute', 'B', 'C', 'D', 'E', 'F', 'G', 'H', 'I', 'K', 'M', 'N', 'Odieresis', 'R', 'S', 'T', 'U', 'V', 'Y', 'Z', 'a', 'aacute', 'colon', 'd', 'e', 'eacute', 'eight', 'f', 'five', 'four', 'g', 'hyphen', 'j', 'k', 'l', 'm', 'n', 'nine', 'oacute', 'odieresis', 'ohungarumlaut', 'one', 'parenleft', 'parenright', 'period', 'r', 's', 'seven', 'six', 'space', 't', 'three', 'two', 'u', 'v', 'y', 'z', 'zero']
INFO Glyph IDs:   [0, 3, 11, 12, 16, 17, 19, 20, 21, 22, 23, 24, 25, 26, 27, 28, 29, 36, 37, 38, 39, 40, 41, 42, 43, 44, 46, 48, 49, 53, 54, 55, 56, 57, 60, 61, 68, 71, 72, 73, 74, 77, 78, 79, 80, 81, 85, 86, 87, 88, 89, 92, 93, 131, 152, 163, 171, 181, 184, 275]
INFO Closed glyph list over 'glyf': 67 glyphs after
INFO Glyph names: ['.notdef', 'A', 'Aacute', 'Acute', 'B', 'C', 'D', 'Dieresis', 'E', 'F', 'G', 'H', 'I', 'K', 'M', 'N', 'O', 'Odieresis', 'R', 'S', 'T', 'U', 'V', 'Y', 'Z', 'a', 'aacute', 'acute', 'colon', 'd', 'dieresis', 'e', 'eacute', 'eight', 'f', 'five', 'four', 'g', 'hungarumlaut', 'hyphen', 'j', 'k', 'l', 'm', 'n', 'nine', 'o', 'oacute', 'odieresis', 'ohungarumlaut', 'one', 'parenleft', 'parenright', 'period', 'r', 's', 'seven', 'six', 'space', 't', 'three', 'two', 'u', 'v', 'y', 'z', 'zero']
INFO Glyph IDs:   [0, 3, 11, 12, 16, 17, 19, 20, 21, 22, 23, 24, 25, 26, 27, 28, 29, 36, 37, 38, 39, 40, 41, 42, 43, 44, 46, 48, 49, 50, 53, 54, 55, 56, 57, 60, 61, 68, 71, 72, 73, 74, 77, 78, 79, 80, 81, 82, 85, 86, 87, 88, 89, 92, 93, 106, 118, 131, 152, 163, 171, 181, 184, 275, 671, 5902, 5903]
DEBUG Took 0.003s to close glyph list over 'glyf'
INFO Retaining 67 glyphs
INFO head subsetting not needed
INFO hhea subsetting not needed
INFO maxp subsetting not needed
INFO OS/2 subsetting not needed
DEBUG Reading 'hmtx' table from disk
DEBUG Decompiling 'hmtx' table
DEBUG Reading 'hhea' table from disk
DEBUG Decompiling 'hhea' table
DEBUG Took 0.089s to subset 'hmtx'
INFO hmtx subsetted
DEBUG Took 0.002s to subset 'cmap'
INFO cmap subsetted
INFO loca subsetting not needed
DEBUG Took 0.000s to subset 'post'
INFO post subsetted
INFO gasp subsetting not needed
INFO FFTM NOT subset; don't know how to subset
DEBUG Reading 'GDEF' table from disk
DEBUG Decompiling 'GDEF' table
DEBUG Took 0.003s to subset 'GDEF'
INFO GDEF subsetted
INFO name subsetting not needed
DEBUG Took 0.004s to subset 'glyf'
INFO glyf subsetted
DEBUG Took 0.000s to subset GlyphOrder
DEBUG Took 0.000s to prune 'head'
INFO head pruned
DEBUG Reading 'OS/2' table from disk
DEBUG Decompiling 'OS/2' table
INFO OS/2 Unicode ranges pruned: [0, 1, 2]
INFO OS/2 CodePage ranges pruned: [0]
DEBUG Took 0.002s to prune 'glyf'
INFO glyf pruned
DEBUG Took 0.000s to prune 'GDEF'
INFO GDEF pruned
DEBUG Reading 'name' table from disk
DEBUG Decompiling 'name' table
DEBUG Reading 'gasp' table from disk
DEBUG Decompiling 'gasp' table
DEBUG Reading 'FFTM' table from disk
DEBUG Decompiling 'FFTM' table
DEBUG Took 0.002s to prune 'name'
INFO name pruned
DEBUG Reading 'maxp' table from disk
DEBUG Decompiling 'maxp' table
DEBUG Took 0.001s to load 'maxp'
DEBUG Took 0.000s to prune 'maxp'
INFO maxp pruned
DEBUG Reading 'cmap' table from disk
DEBUG Decompiling 'cmap' table
DEBUG Reading 'post' table from disk
DEBUG Decompiling 'post' table
DEBUG Took 0.012s to load 'cmap'
DEBUG Took 0.000s to prune 'cmap'
INFO cmap pruned
INFO fpgm dropped
INFO prep dropped
INFO cvt  dropped
INFO kern dropped
DEBUG Took 0.000s to load 'post'
DEBUG Took 0.000s to prune 'post'
INFO post pruned
INFO GPOS dropped
INFO GSUB dropped
DEBUG Reading 'glyf' table from disk
DEBUG Decompiling 'glyf' table
DEBUG Reading 'loca' table from disk
DEBUG Decompiling 'loca' table
DEBUG Reading 'head' table from disk
DEBUG Decompiling 'head' table
DEBUG Took 0.008s to load 'glyf'
DEBUG Took 0.000s to prune 'glyf'
INFO glyf pruned
DEBUG Took 0.001s to close glyph list over 'cmap'
INFO Added gid0 to subset
INFO Closing glyph list over 'MATH': 84 glyphs before
INFO Glyph names: ['.notdef', 'A', 'Aacute', 'B', 'C', 'D', 'E', 'Eacute', 'F', 'G', 'H', 'I', 'J', 'K', 'L', 'M', 'N', 'P', 'R', 'S', 'T', 'U', 'Uacute', 'Udieresis', 'V', 'X', 'Y', 'Z', 'a', 'aacute', 'asterisk', 'at', 'b', 'c', 'colon', 'comma', 'd', 'e', 'eacute', 'eight', 'exclam', 'f', 'fi', 'five', 'four', 'g', 'h', 'hyphen', 'i', 'iacute', 'j', 'k', 'l', 'm', 'n', 'nine', 'o', 'oacute', 'odieresis', 'ohungarumlaut', 'one', 'p', 'parenleft', 'parenright', 'percent', 'period', 'plus', 'r', 's', 'seven', 'six', 'slash', 'space', 't', 'three', 'two', 'u', 'uacute', 'udieresis', 'v', 'x', 'y', 'z', 'zero']
INFO Glyph IDs:   [0, 3, 4, 8, 11, 12, 13, 14, 15, 16, 17, 18, 19, 20, 21, 22, 23, 24, 25, 26, 27, 28, 29, 35, 36, 37, 38, 39, 40, 41, 42, 43, 44, 45, 46, 47, 48, 49, 51, 53, 54, 55, 56, 57, 59, 60, 61, 68, 69, 70, 71, 72, 73, 74, 75, 76, 77, 78, 79, 80, 81, 82, 83, 85, 86, 87, 88, 89, 91, 92, 93, 131, 139, 156, 158, 163, 171, 175, 181, 184, 188, 190, 275, 5042]
DEBUG Reading 'MATH' table from disk
DEBUG Decompiling 'MATH' table
INFO Closed glyph list over 'MATH': 90 glyphs after
INFO Glyph names: ['.notdef', 'A', 'Aacute', 'B', 'C', 'D', 'E', 'Eacute', 'F', 'G', 'H', 'I', 'J', 'K', 'L', 'M', 'N', 'P', 'R', 'S', 'T', 'U', 'Uacute', 'Udieresis', 'V', 'X', 'Y', 'Z', 'a', 'aacute', 'asterisk', 'at', 'b', 'c', 'colon', 'comma', 'd', 'e', 'eacute', 'eight', 'exclam', 'f', 'fi', 'five', 'four', 'g', 'h', 'hyphen', 'i', 'iacute', 'j', 'k', 'l', 'm', 'n', 'nine', 'o', 'oacute', 'odieresis', 'ohungarumlaut', 'one', 'p', 'parenleft', 'parenright', 'percent', 'period', 'plus', 'r', 's', 'seven', 'six', 'slash', 'space', 't', 'three', 'two', 'u', 'uacute', 'udieresis', 'uni239B', 'uni239C', 'uni239D', 'uni239E', 'uni239F', 'uni23A0', 'v', 'x', 'y', 'z', 'zero']
INFO Glyph IDs:   [0, 3, 4, 8, 11, 12, 13, 14, 15, 16, 17, 18, 19, 20, 21, 22, 23, 24, 25, 26, 27, 28, 29, 35, 36, 37, 38, 39, 40, 41, 42, 43, 44, 45, 46, 47, 48, 49, 51, 53, 54, 55, 56, 57, 59, 60, 61, 68, 69, 70, 71, 72, 73, 74, 75, 76, 77, 78, 79, 80, 81, 82, 83, 85, 86, 87, 88, 89, 91, 92, 93, 131, 139, 156, 158, 163, 171, 175, 181, 184, 188, 190, 275, 3507, 3508, 3509, 3510, 3511, 3512, 5042]
DEBUG Took 0.006s to close glyph list over 'MATH'
INFO Closing glyph list over 'glyf': 90 glyphs before
INFO Glyph names: ['.notdef', 'A', 'Aacute', 'B', 'C', 'D', 'E', 'Eacute', 'F', 'G', 'H', 'I', 'J', 'K', 'L', 'M', 'N', 'P', 'R', 'S', 'T', 'U', 'Uacute', 'Udieresis', 'V', 'X', 'Y', 'Z', 'a', 'aacute', 'asterisk', 'at', 'b', 'c', 'colon', 'comma', 'd', 'e', 'eacute', 'eight', 'exclam', 'f', 'fi', 'five', 'four', 'g', 'h', 'hyphen', 'i', 'iacute', 'j', 'k', 'l', 'm', 'n', 'nine', 'o', 'oacute', 'odieresis', 'ohungarumlaut', 'one', 'p', 'parenleft', 'parenright', 'percent', 'period', 'plus', 'r', 's', 'seven', 'six', 'slash', 'space', 't', 'three', 'two', 'u', 'uacute', 'udieresis', 'uni239B', 'uni239C', 'uni239D', 'uni239E', 'uni239F', 'uni23A0', 'v', 'x', 'y', 'z', 'zero']
INFO Glyph IDs:   [0, 3, 4, 8, 11, 12, 13, 14, 15, 16, 17, 18, 19, 20, 21, 22, 23, 24, 25, 26, 27, 28, 29, 35, 36, 37, 38, 39, 40, 41, 42, 43, 44, 45, 46, 47, 48, 49, 51, 53, 54, 55, 56, 57, 59, 60, 61, 68, 69, 70, 71, 72, 73, 74, 75, 76, 77, 78, 79, 80, 81, 82, 83, 85, 86, 87, 88, 89, 91, 92, 93, 131, 139, 156, 158, 163, 171, 175, 181, 184, 188, 190, 275, 3507, 3508, 3509, 3510, 3511, 3512, 5042]
INFO Closed glyph list over 'glyf': 96 glyphs after
INFO Glyph names: ['.notdef', 'A', 'Aacute', 'Acute', 'B', 'C', 'D', 'Dieresis', 'E', 'Eacute', 'F', 'G', 'H', 'I', 'J', 'K', 'L', 'M', 'N', 'P', 'R', 'S', 'T', 'U', 'Uacute', 'Udieresis', 'V', 'X', 'Y', 'Z', 'a', 'aacute', 'acute', 'asterisk', 'at', 'b', 'c', 'colon', 'comma', 'd', 'dieresis', 'dotlessi', 'e', 'eacute', 'eight', 'exclam', 'f', 'fi', 'five', 'four', 'g', 'h', 'hungarumlaut', 'hyphen', 'i', 'iacute', 'j', 'k', 'l', 'm', 'n', 'nine', 'o', 'oacute', 'odieresis', 'ohungarumlaut', 'one', 'p', 'parenleft', 'parenright', 'percent', 'period', 'plus', 'r', 's', 'seven', 'six', 'slash', 'space', 't', 'three', 'two', 'u', 'uacute', 'udieresis', 'uni239B', 'uni239C', 'uni239D', 'uni239E', 'uni239F', 'uni23A0', 'v', 'x', 'y', 'z', 'zero']
INFO Glyph IDs:   [0, 3, 4, 8, 11, 12, 13, 14, 15, 16, 17, 18, 19, 20, 21, 22, 23, 24, 25, 26, 27, 28, 29, 35, 36, 37, 38, 39, 40, 41, 42, 43, 44, 45, 46, 47, 48, 49, 51, 53, 54, 55, 56, 57, 59, 60, 61, 68, 69, 70, 71, 72, 73, 74, 75, 76, 77, 78, 79, 80, 81, 82, 83, 85, 86, 87, 88, 89, 91, 92, 93, 106, 118, 131, 139, 156, 158, 163, 171, 175, 181, 184, 188, 190, 243, 275, 671, 3507, 3508, 3509, 3510, 3511, 3512, 5042, 5922, 5923]
DEBUG Took 0.002s to close glyph list over 'glyf'
INFO Retaining 96 glyphs
INFO head subsetting not needed
INFO hhea subsetting not needed
INFO maxp subsetting not needed
INFO OS/2 subsetting not needed
DEBUG Reading 'hmtx' table from disk
DEBUG Decompiling 'hmtx' table
DEBUG Reading 'hhea' table from disk
DEBUG Decompiling 'hhea' table
DEBUG Took 0.005s to subset 'hmtx'
INFO hmtx subsetted
DEBUG Took 0.002s to subset 'cmap'
INFO cmap subsetted
INFO loca subsetting not needed
DEBUG Took 0.000s to subset 'post'
INFO post subsetted
INFO gasp subsetting not needed
INFO FFTM NOT subset; don't know how to subset
DEBUG Took 0.000s to subset 'MATH'
INFO MATH subsetted
DEBUG Reading 'GDEF' table from disk
DEBUG Decompiling 'GDEF' table
DEBUG Took 0.003s to subset 'GDEF'
INFO GDEF subsetted
INFO name subsetting not needed
DEBUG Took 0.004s to subset 'glyf'
INFO glyf subsetted
DEBUG Took 0.000s to subset GlyphOrder
DEBUG Took 0.000s to prune 'head'
INFO head pruned
DEBUG Reading 'OS/2' table from disk
DEBUG Decompiling 'OS/2' table
INFO OS/2 Unicode ranges pruned: [0, 1, 2, 62]
INFO OS/2 CodePage ranges pruned: [0]
DEBUG Took 0.002s to prune 'glyf'
INFO glyf pruned
DEBUG Took 0.000s to prune 'GDEF'
INFO GDEF pruned
DEBUG Reading 'name' table from disk
DEBUG Decompiling 'name' table
DEBUG Reading 'gasp' table from disk
DEBUG Decompiling 'gasp' table
DEBUG Reading 'FFTM' table from disk
DEBUG Decompiling 'FFTM' table
DEBUG Took 0.002s to prune 'name'
INFO name pruned
[DEBUG 2026-07-22 14:26:49] PDF generation finished.
[DEBUG 2026-07-22 14:26:49] SMTP Configuration: Host=mail.magyarmedia.com, Port=465, User=iroda@magyarmedia.com, TLS=True
[DEBUG 2026-07-22 14:26:49] Connecting to SMTP server...
[DEBUG 2026-07-22 14:26:49] Logging in (SSL)...
[DEBUG 2026-07-22 14:26:49] Sending message...
[DEBUG 2026-07-22 14:26:50] SMTP send clean success.
[DEBUG 2026-07-22 14:26:50] Checking IMAP...
[DEBUG 2026-07-22 14:26:50] Connecting to IMAP mail.magyarmedia.com
/home/ceze/pixisys/pixinvoice/invoice_app/venv/lib/python3.11/site-packages/rest_framework/pagination.py:200: UnorderedObjectListWarning: Pagination may yield inconsistent results with an unordered object_list: <class 'invoices.models.CompanyEmailSettings'> QuerySet.
  paginator = self.django_paginator_class(queryset, page_size)
[DEBUG 2026-07-22 14:29:44] send_email called for pk=2fd6cf35-08da-436a-8ae0-e0ba1631af65
DEBUG: Invoice fetched: CZHUF2026000239
[DEBUG 2026-07-22 14:29:44] Starting PDF generation...
WARNING Ignored `word-break: break-word` at 133:13, invalid value.
WARNING Ignored `word-break: break-word` at 145:13, invalid value.
WARNING Ignored `word-break: break-word` at 183:48, invalid value.
DEBUG Reading 'maxp' table from disk
DEBUG Decompiling 'maxp' table
DEBUG Took 0.001s to load 'maxp'
DEBUG Took 0.000s to prune 'maxp'
INFO maxp pruned
DEBUG Reading 'cmap' table from disk
DEBUG Decompiling 'cmap' table
DEBUG Reading 'post' table from disk
DEBUG Decompiling 'post' table
DEBUG Took 0.012s to load 'cmap'
DEBUG Took 0.000s to prune 'cmap'
INFO cmap pruned
INFO fpgm dropped
INFO prep dropped
INFO cvt  dropped
INFO kern dropped
DEBUG Took 0.000s to load 'post'
DEBUG Took 0.000s to prune 'post'
INFO post pruned
INFO GPOS dropped
INFO GSUB dropped
DEBUG Reading 'glyf' table from disk
DEBUG Decompiling 'glyf' table
DEBUG Reading 'loca' table from disk
DEBUG Decompiling 'loca' table
DEBUG Reading 'head' table from disk
DEBUG Decompiling 'head' table
DEBUG Took 0.009s to load 'glyf'
DEBUG Took 0.000s to prune 'glyf'
INFO glyf pruned
DEBUG Took 0.001s to close glyph list over 'cmap'
INFO Added gid0 to subset
INFO Closing glyph list over 'glyf': 60 glyphs before
INFO Glyph names: ['.notdef', 'A', 'Aacute', 'B', 'C', 'E', 'Eacute', 'F', 'G', 'H', 'K', 'L', 'M', 'N', 'O', 'Odieresis', 'Ohungarumlaut', 'R', 'S', 'T', 'U', 'Uhungarumlaut', 'V', 'Z', 'a', 'aacute', 'colon', 'd', 'e', 'eacute', 'f', 'four', 'g', 'hyphen', 'j', 'k', 'l', 'm', 'n', 'nine', 'oacute', 'odieresis', 'ohungarumlaut', 'one', 'parenleft', 'parenright', 'period', 'r', 's', 'seven', 'six', 'space', 't', 'three', 'two', 'u', 'v', 'y', 'z', 'zero']
INFO Glyph IDs:   [0, 3, 11, 12, 16, 17, 19, 20, 21, 22, 23, 25, 26, 28, 29, 36, 37, 38, 40, 41, 42, 43, 46, 47, 48, 49, 50, 53, 54, 55, 56, 57, 61, 68, 71, 72, 73, 74, 77, 78, 79, 80, 81, 85, 86, 87, 88, 89, 92, 93, 131, 139, 152, 163, 171, 181, 184, 274, 275, 306]
INFO Closed glyph list over 'glyf': 67 glyphs after
INFO Glyph names: ['.notdef', 'A', 'Aacute', 'Acute', 'B', 'C', 'Dieresis', 'E', 'Eacute', 'F', 'G', 'H', 'Hungarumlaut', 'K', 'L', 'M', 'N', 'O', 'Odieresis', 'Ohungarumlaut', 'R', 'S', 'T', 'U', 'Uhungarumlaut', 'V', 'Z', 'a', 'aacute', 'acute', 'colon', 'd', 'dieresis', 'e', 'eacute', 'f', 'four', 'g', 'hungarumlaut', 'hyphen', 'j', 'k', 'l', 'm', 'n', 'nine', 'o', 'oacute', 'odieresis', 'ohungarumlaut', 'one', 'parenleft', 'parenright', 'period', 'r', 's', 'seven', 'six', 'space', 't', 'three', 'two', 'u', 'v', 'y', 'z', 'zero']
INFO Glyph IDs:   [0, 3, 11, 12, 16, 17, 19, 20, 21, 22, 23, 25, 26, 28, 29, 36, 37, 38, 40, 41, 42, 43, 46, 47, 48, 49, 50, 53, 54, 55, 56, 57, 61, 68, 71, 72, 73, 74, 77, 78, 79, 80, 81, 82, 85, 86, 87, 88, 89, 92, 93, 106, 118, 131, 139, 152, 163, 171, 181, 184, 274, 275, 306, 671, 5902, 5903, 5910]
DEBUG Took 0.002s to close glyph list over 'glyf'
INFO Retaining 67 glyphs
INFO head subsetting not needed
INFO hhea subsetting not needed
INFO maxp subsetting not needed
INFO OS/2 subsetting not needed
DEBUG Reading 'hmtx' table from disk
DEBUG Decompiling 'hmtx' table
DEBUG Reading 'hhea' table from disk
DEBUG Decompiling 'hhea' table
DEBUG Took 0.006s to subset 'hmtx'
INFO hmtx subsetted
DEBUG Took 0.002s to subset 'cmap'
INFO cmap subsetted
INFO loca subsetting not needed
DEBUG Took 0.000s to subset 'post'
INFO post subsetted
INFO gasp subsetting not needed
INFO FFTM NOT subset; don't know how to subset
DEBUG Reading 'GDEF' table from disk
DEBUG Decompiling 'GDEF' table
DEBUG Took 0.003s to subset 'GDEF'
INFO GDEF subsetted
INFO name subsetting not needed
DEBUG Took 0.004s to subset 'glyf'
INFO glyf subsetted
DEBUG Took 0.000s to subset GlyphOrder
DEBUG Took 0.000s to prune 'head'
INFO head pruned
DEBUG Reading 'OS/2' table from disk
DEBUG Decompiling 'OS/2' table
INFO OS/2 Unicode ranges pruned: [0, 1, 2]
INFO OS/2 CodePage ranges pruned: [0]
DEBUG Took 0.002s to prune 'glyf'
INFO glyf pruned
DEBUG Took 0.000s to prune 'GDEF'
INFO GDEF pruned
DEBUG Reading 'name' table from disk
DEBUG Decompiling 'name' table
DEBUG Reading 'gasp' table from disk
DEBUG Decompiling 'gasp' table
DEBUG Reading 'FFTM' table from disk
DEBUG Decompiling 'FFTM' table
DEBUG Took 0.002s to prune 'name'
INFO name pruned
DEBUG Reading 'maxp' table from disk
DEBUG Decompiling 'maxp' table
DEBUG Took 0.001s to load 'maxp'
DEBUG Took 0.000s to prune 'maxp'
INFO maxp pruned
DEBUG Reading 'cmap' table from disk
DEBUG Decompiling 'cmap' table
DEBUG Reading 'post' table from disk
DEBUG Decompiling 'post' table
DEBUG Took 0.012s to load 'cmap'
DEBUG Took 0.000s to prune 'cmap'
INFO cmap pruned
INFO fpgm dropped
INFO prep dropped
INFO cvt  dropped
INFO kern dropped
DEBUG Took 0.000s to load 'post'
DEBUG Took 0.000s to prune 'post'
INFO post pruned
INFO GPOS dropped
INFO GSUB dropped
DEBUG Reading 'glyf' table from disk
DEBUG Decompiling 'glyf' table
DEBUG Reading 'loca' table from disk
DEBUG Decompiling 'loca' table
DEBUG Reading 'head' table from disk
DEBUG Decompiling 'head' table
DEBUG Took 0.008s to load 'glyf'
DEBUG Took 0.000s to prune 'glyf'
INFO glyf pruned
DEBUG Took 0.001s to close glyph list over 'cmap'
INFO Added gid0 to subset
INFO Closing glyph list over 'MATH': 79 glyphs before
INFO Glyph names: ['.notdef', 'A', 'Aacute', 'B', 'C', 'D', 'E', 'F', 'H', 'I', 'J', 'K', 'L', 'M', 'N', 'O', 'P', 'R', 'S', 'T', 'U', 'Uacute', 'V', 'X', 'a', 'aacute', 'at', 'b', 'c', 'colon', 'comma', 'd', 'e', 'eacute', 'eight', 'exclam', 'f', 'fi', 'five', 'four', 'g', 'h', 'hyphen', 'i', 'iacute', 'j', 'k', 'l', 'm', 'n', 'nine', 'o', 'oacute', 'odieresis', 'ohungarumlaut', 'one', 'p', 'parenleft', 'parenright', 'percent', 'period', 'plus', 'r', 's', 'seven', 'six', 'slash', 'space', 't', 'three', 'two', 'u', 'uacute', 'udieresis', 'v', 'x', 'y', 'z', 'zero']
INFO Glyph IDs:   [0, 3, 4, 8, 11, 12, 14, 15, 16, 17, 18, 19, 20, 21, 22, 23, 24, 25, 26, 27, 28, 29, 35, 36, 37, 38, 39, 40, 41, 43, 44, 45, 46, 47, 48, 49, 50, 51, 53, 54, 55, 56, 57, 59, 68, 69, 70, 71, 72, 73, 74, 75, 76, 77, 78, 79, 80, 81, 82, 83, 85, 86, 87, 88, 89, 91, 92, 93, 131, 156, 163, 171, 175, 181, 184, 188, 190, 275, 5042]
DEBUG Reading 'MATH' table from disk
DEBUG Decompiling 'MATH' table
INFO Closed glyph list over 'MATH': 85 glyphs after
INFO Glyph names: ['.notdef', 'A', 'Aacute', 'B', 'C', 'D', 'E', 'F', 'H', 'I', 'J', 'K', 'L', 'M', 'N', 'O', 'P', 'R', 'S', 'T', 'U', 'Uacute', 'V', 'X', 'a', 'aacute', 'at', 'b', 'c', 'colon', 'comma', 'd', 'e', 'eacute', 'eight', 'exclam', 'f', 'fi', 'five', 'four', 'g', 'h', 'hyphen', 'i', 'iacute', 'j', 'k', 'l', 'm', 'n', 'nine', 'o', 'oacute', 'odieresis', 'ohungarumlaut', 'one', 'p', 'parenleft', 'parenright', 'percent', 'period', 'plus', 'r', 's', 'seven', 'six', 'slash', 'space', 't', 'three', 'two', 'u', 'uacute', 'udieresis', 'uni239B', 'uni239C', 'uni239D', 'uni239E', 'uni239F', 'uni23A0', 'v', 'x', 'y', 'z', 'zero']
INFO Glyph IDs:   [0, 3, 4, 8, 11, 12, 14, 15, 16, 17, 18, 19, 20, 21, 22, 23, 24, 25, 26, 27, 28, 29, 35, 36, 37, 38, 39, 40, 41, 43, 44, 45, 46, 47, 48, 49, 50, 51, 53, 54, 55, 56, 57, 59, 68, 69, 70, 71, 72, 73, 74, 75, 76, 77, 78, 79, 80, 81, 82, 83, 85, 86, 87, 88, 89, 91, 92, 93, 131, 156, 163, 171, 175, 181, 184, 188, 190, 275, 3507, 3508, 3509, 3510, 3511, 3512, 5042]
DEBUG Took 0.006s to close glyph list over 'MATH'
INFO Closing glyph list over 'glyf': 85 glyphs before
INFO Glyph names: ['.notdef', 'A', 'Aacute', 'B', 'C', 'D', 'E', 'F', 'H', 'I', 'J', 'K', 'L', 'M', 'N', 'O', 'P', 'R', 'S', 'T', 'U', 'Uacute', 'V', 'X', 'a', 'aacute', 'at', 'b', 'c', 'colon', 'comma', 'd', 'e', 'eacute', 'eight', 'exclam', 'f', 'fi', 'five', 'four', 'g', 'h', 'hyphen', 'i', 'iacute', 'j', 'k', 'l', 'm', 'n', 'nine', 'o', 'oacute', 'odieresis', 'ohungarumlaut', 'one', 'p', 'parenleft', 'parenright', 'percent', 'period', 'plus', 'r', 's', 'seven', 'six', 'slash', 'space', 't', 'three', 'two', 'u', 'uacute', 'udieresis', 'uni239B', 'uni239C', 'uni239D', 'uni239E', 'uni239F', 'uni23A0', 'v', 'x', 'y', 'z', 'zero']
INFO Glyph IDs:   [0, 3, 4, 8, 11, 12, 14, 15, 16, 17, 18, 19, 20, 21, 22, 23, 24, 25, 26, 27, 28, 29, 35, 36, 37, 38, 39, 40, 41, 43, 44, 45, 46, 47, 48, 49, 50, 51, 53, 54, 55, 56, 57, 59, 68, 69, 70, 71, 72, 73, 74, 75, 76, 77, 78, 79, 80, 81, 82, 83, 85, 86, 87, 88, 89, 91, 92, 93, 131, 156, 163, 171, 175, 181, 184, 188, 190, 275, 3507, 3508, 3509, 3510, 3511, 3512, 5042]
INFO Closed glyph list over 'glyf': 90 glyphs after
INFO Glyph names: ['.notdef', 'A', 'Aacute', 'Acute', 'B', 'C', 'D', 'E', 'F', 'H', 'I', 'J', 'K', 'L', 'M', 'N', 'O', 'P', 'R', 'S', 'T', 'U', 'Uacute', 'V', 'X', 'a', 'aacute', 'acute', 'at', 'b', 'c', 'colon', 'comma', 'd', 'dieresis', 'dotlessi', 'e', 'eacute', 'eight', 'exclam', 'f', 'fi', 'five', 'four', 'g', 'h', 'hungarumlaut', 'hyphen', 'i', 'iacute', 'j', 'k', 'l', 'm', 'n', 'nine', 'o', 'oacute', 'odieresis', 'ohungarumlaut', 'one', 'p', 'parenleft', 'parenright', 'percent', 'period', 'plus', 'r', 's', 'seven', 'six', 'slash', 'space', 't', 'three', 'two', 'u', 'uacute', 'udieresis', 'uni239B', 'uni239C', 'uni239D', 'uni239E', 'uni239F', 'uni23A0', 'v', 'x', 'y', 'z', 'zero']
INFO Glyph IDs:   [0, 3, 4, 8, 11, 12, 14, 15, 16, 17, 18, 19, 20, 21, 22, 23, 24, 25, 26, 27, 28, 29, 35, 36, 37, 38, 39, 40, 41, 43, 44, 45, 46, 47, 48, 49, 50, 51, 53, 54, 55, 56, 57, 59, 68, 69, 70, 71, 72, 73, 74, 75, 76, 77, 78, 79, 80, 81, 82, 83, 85, 86, 87, 88, 89, 91, 92, 93, 106, 118, 131, 156, 163, 171, 175, 181, 184, 188, 190, 243, 275, 671, 3507, 3508, 3509, 3510, 3511, 3512, 5042, 5923]
DEBUG Took 0.002s to close glyph list over 'glyf'
INFO Retaining 90 glyphs
INFO head subsetting not needed
INFO hhea subsetting not needed
INFO maxp subsetting not needed
INFO OS/2 subsetting not needed
DEBUG Reading 'hmtx' table from disk
DEBUG Decompiling 'hmtx' table
DEBUG Reading 'hhea' table from disk
DEBUG Decompiling 'hhea' table
DEBUG Took 0.006s to subset 'hmtx'
INFO hmtx subsetted
DEBUG Took 0.002s to subset 'cmap'
INFO cmap subsetted
INFO loca subsetting not needed
DEBUG Took 0.000s to subset 'post'
INFO post subsetted
INFO gasp subsetting not needed
INFO FFTM NOT subset; don't know how to subset
DEBUG Took 0.000s to subset 'MATH'
INFO MATH subsetted
DEBUG Reading 'GDEF' table from disk
DEBUG Decompiling 'GDEF' table
DEBUG Took 0.003s to subset 'GDEF'
INFO GDEF subsetted
INFO name subsetting not needed
DEBUG Took 0.004s to subset 'glyf'
INFO glyf subsetted
DEBUG Took 0.000s to subset GlyphOrder
DEBUG Took 0.000s to prune 'head'
INFO head pruned
DEBUG Reading 'OS/2' table from disk
DEBUG Decompiling 'OS/2' table
INFO OS/2 Unicode ranges pruned: [0, 1, 2, 62]
INFO OS/2 CodePage ranges pruned: [0]
DEBUG Took 0.002s to prune 'glyf'
INFO glyf pruned
DEBUG Took 0.000s to prune 'GDEF'
INFO GDEF pruned
DEBUG Reading 'name' table from disk
DEBUG Decompiling 'name' table
DEBUG Reading 'gasp' table from disk
DEBUG Decompiling 'gasp' table
DEBUG Reading 'FFTM' table from disk
DEBUG Decompiling 'FFTM' table
DEBUG Took 0.002s to prune 'name'
INFO name pruned
[DEBUG 2026-07-22 14:29:45] PDF generation finished.
[DEBUG 2026-07-22 14:29:45] SMTP Configuration: Host=mail.magyarmedia.com, Port=465, User=iroda@magyarmedia.com, TLS=True
[DEBUG 2026-07-22 14:29:45] Connecting to SMTP server...
[DEBUG 2026-07-22 14:29:46] Logging in (SSL)...
[DEBUG 2026-07-22 14:29:46] Sending message...
[DEBUG 2026-07-22 14:29:46] SMTP send clean success.
[DEBUG 2026-07-22 14:29:46] Checking IMAP...
[DEBUG 2026-07-22 14:29:46] Connecting to IMAP mail.magyarmedia.com
[DEBUG 2026-07-22 15:23:46] send_email called for pk=68106e28-6081-4da1-8af7-f8686697b177
DEBUG: Invoice fetched: CZHUF2026000240
[DEBUG 2026-07-22 15:23:47] Starting PDF generation...
WARNING Ignored `word-break: break-word` at 133:13, invalid value.
WARNING Ignored `word-break: break-word` at 145:13, invalid value.
WARNING Ignored `word-break: break-word` at 183:48, invalid value.
DEBUG Reading 'maxp' table from disk
DEBUG Decompiling 'maxp' table
DEBUG Took 0.001s to load 'maxp'
DEBUG Took 0.000s to prune 'maxp'
INFO maxp pruned
DEBUG Reading 'cmap' table from disk
DEBUG Decompiling 'cmap' table
DEBUG Reading 'post' table from disk
DEBUG Decompiling 'post' table
DEBUG Took 0.013s to load 'cmap'
DEBUG Took 0.000s to prune 'cmap'
INFO cmap pruned
INFO fpgm dropped
INFO prep dropped
INFO cvt  dropped
INFO kern dropped
DEBUG Took 0.000s to load 'post'
DEBUG Took 0.000s to prune 'post'
INFO post pruned
INFO GPOS dropped
INFO GSUB dropped
DEBUG Reading 'glyf' table from disk
DEBUG Decompiling 'glyf' table
DEBUG Reading 'loca' table from disk
DEBUG Decompiling 'loca' table
DEBUG Reading 'head' table from disk
DEBUG Decompiling 'head' table
DEBUG Took 0.009s to load 'glyf'
DEBUG Took 0.000s to prune 'glyf'
INFO glyf pruned
DEBUG Took 0.001s to close glyph list over 'cmap'
INFO Added gid0 to subset
INFO Closing glyph list over 'glyf': 63 glyphs before
INFO Glyph names: ['.notdef', 'A', 'Aacute', 'B', 'C', 'D', 'E', 'Eacute', 'F', 'G', 'H', 'I', 'K', 'L', 'M', 'N', 'O', 'Oacute', 'Odieresis', 'Ohungarumlaut', 'R', 'S', 'T', 'U', 'Uhungarumlaut', 'V', 'Z', 'a', 'aacute', 'colon', 'd', 'e', 'eacute', 'f', 'five', 'four', 'g', 'hyphen', 'j', 'k', 'l', 'm', 'n', 'oacute', 'odieresis', 'ohungarumlaut', 'one', 'parenleft', 'parenright', 'period', 'r', 's', 'seven', 'six', 'space', 't', 'three', 'two', 'u', 'v', 'y', 'z', 'zero']
INFO Glyph IDs:   [0, 3, 11, 12, 16, 17, 19, 20, 21, 22, 23, 24, 25, 26, 29, 36, 37, 38, 39, 40, 41, 42, 43, 44, 46, 47, 48, 49, 50, 53, 54, 55, 56, 57, 61, 68, 71, 72, 73, 74, 77, 78, 79, 80, 81, 85, 86, 87, 88, 89, 92, 93, 131, 139, 149, 152, 163, 171, 181, 184, 274, 275, 306]
INFO Closed glyph list over 'glyf': 70 glyphs after
INFO Glyph names: ['.notdef', 'A', 'Aacute', 'Acute', 'B', 'C', 'D', 'Dieresis', 'E', 'Eacute', 'F', 'G', 'H', 'Hungarumlaut', 'I', 'K', 'L', 'M', 'N', 'O', 'Oacute', 'Odieresis', 'Ohungarumlaut', 'R', 'S', 'T', 'U', 'Uhungarumlaut', 'V', 'Z', 'a', 'aacute', 'acute', 'colon', 'd', 'dieresis', 'e', 'eacute', 'f', 'five', 'four', 'g', 'hungarumlaut', 'hyphen', 'j', 'k', 'l', 'm', 'n', 'o', 'oacute', 'odieresis', 'ohungarumlaut', 'one', 'parenleft', 'parenright', 'period', 'r', 's', 'seven', 'six', 'space', 't', 'three', 'two', 'u', 'v', 'y', 'z', 'zero']
INFO Glyph IDs:   [0, 3, 11, 12, 16, 17, 19, 20, 21, 22, 23, 24, 25, 26, 29, 36, 37, 38, 39, 40, 41, 42, 43, 44, 46, 47, 48, 49, 50, 53, 54, 55, 56, 57, 61, 68, 71, 72, 73, 74, 77, 78, 79, 80, 81, 82, 85, 86, 87, 88, 89, 92, 93, 106, 118, 131, 139, 149, 152, 163, 171, 181, 184, 274, 275, 306, 671, 5902, 5903, 5910]
DEBUG Took 0.003s to close glyph list over 'glyf'
INFO Retaining 70 glyphs
INFO head subsetting not needed
INFO hhea subsetting not needed
INFO maxp subsetting not needed
INFO OS/2 subsetting not needed
DEBUG Reading 'hmtx' table from disk
DEBUG Decompiling 'hmtx' table
DEBUG Reading 'hhea' table from disk
DEBUG Decompiling 'hhea' table
DEBUG Took 0.007s to subset 'hmtx'
INFO hmtx subsetted
DEBUG Took 0.003s to subset 'cmap'
INFO cmap subsetted
INFO loca subsetting not needed
DEBUG Took 0.000s to subset 'post'
INFO post subsetted
INFO gasp subsetting not needed
INFO FFTM NOT subset; don't know how to subset
DEBUG Reading 'GDEF' table from disk
DEBUG Decompiling 'GDEF' table
DEBUG Took 0.003s to subset 'GDEF'
INFO GDEF subsetted
INFO name subsetting not needed
DEBUG Took 0.003s to subset 'glyf'
INFO glyf subsetted
DEBUG Took 0.000s to subset GlyphOrder
DEBUG Took 0.000s to prune 'head'
INFO head pruned
DEBUG Reading 'OS/2' table from disk
DEBUG Decompiling 'OS/2' table
INFO OS/2 Unicode ranges pruned: [0, 1, 2]
INFO OS/2 CodePage ranges pruned: [0]
DEBUG Took 0.002s to prune 'glyf'
INFO glyf pruned
DEBUG Took 0.000s to prune 'GDEF'
INFO GDEF pruned
DEBUG Reading 'name' table from disk
DEBUG Decompiling 'name' table
DEBUG Reading 'gasp' table from disk
DEBUG Decompiling 'gasp' table
DEBUG Reading 'FFTM' table from disk
DEBUG Decompiling 'FFTM' table
DEBUG Took 0.002s to prune 'name'
INFO name pruned
DEBUG Reading 'maxp' table from disk
DEBUG Decompiling 'maxp' table
DEBUG Took 0.001s to load 'maxp'
DEBUG Took 0.000s to prune 'maxp'
INFO maxp pruned
DEBUG Reading 'cmap' table from disk
DEBUG Decompiling 'cmap' table
DEBUG Reading 'post' table from disk
DEBUG Decompiling 'post' table
DEBUG Took 0.011s to load 'cmap'
DEBUG Took 0.000s to prune 'cmap'
INFO cmap pruned
INFO fpgm dropped
INFO prep dropped
INFO cvt  dropped
INFO kern dropped
DEBUG Took 0.000s to load 'post'
DEBUG Took 0.000s to prune 'post'
INFO post pruned
INFO GPOS dropped
INFO GSUB dropped
DEBUG Reading 'glyf' table from disk
DEBUG Decompiling 'glyf' table
DEBUG Reading 'loca' table from disk
DEBUG Decompiling 'loca' table
DEBUG Reading 'head' table from disk
DEBUG Decompiling 'head' table
DEBUG Took 0.008s to load 'glyf'
DEBUG Took 0.000s to prune 'glyf'
INFO glyf pruned
DEBUG Took 0.001s to close glyph list over 'cmap'
INFO Added gid0 to subset
INFO Closing glyph list over 'MATH': 78 glyphs before
INFO Glyph names: ['.notdef', 'A', 'Aacute', 'B', 'C', 'D', 'E', 'F', 'G', 'H', 'I', 'J', 'K', 'M', 'N', 'P', 'R', 'S', 'T', 'U', 'Uacute', 'V', 'X', 'a', 'aacute', 'at', 'b', 'c', 'colon', 'comma', 'd', 'e', 'eacute', 'eight', 'exclam', 'f', 'fi', 'five', 'four', 'g', 'h', 'hyphen', 'i', 'iacute', 'j', 'k', 'l', 'm', 'n', 'nine', 'o', 'oacute', 'odieresis', 'ohungarumlaut', 'one', 'p', 'parenleft', 'parenright', 'percent', 'period', 'plus', 'r', 's', 'seven', 'six', 'slash', 'space', 't', 'three', 'two', 'u', 'uacute', 'udieresis', 'v', 'x', 'y', 'z', 'zero']
INFO Glyph IDs:   [0, 3, 4, 8, 11, 12, 14, 15, 16, 17, 18, 19, 20, 21, 22, 23, 24, 25, 26, 27, 28, 29, 35, 36, 37, 38, 39, 40, 41, 42, 43, 44, 45, 46, 48, 49, 51, 53, 54, 55, 56, 57, 59, 68, 69, 70, 71, 72, 73, 74, 75, 76, 77, 78, 79, 80, 81, 82, 83, 85, 86, 87, 88, 89, 91, 92, 93, 131, 156, 163, 171, 175, 181, 184, 188, 190, 275, 5042]
DEBUG Reading 'MATH' table from disk
DEBUG Decompiling 'MATH' table
INFO Closed glyph list over 'MATH': 84 glyphs after
INFO Glyph names: ['.notdef', 'A', 'Aacute', 'B', 'C', 'D', 'E', 'F', 'G', 'H', 'I', 'J', 'K', 'M', 'N', 'P', 'R', 'S', 'T', 'U', 'Uacute', 'V', 'X', 'a', 'aacute', 'at', 'b', 'c', 'colon', 'comma', 'd', 'e', 'eacute', 'eight', 'exclam', 'f', 'fi', 'five', 'four', 'g', 'h', 'hyphen', 'i', 'iacute', 'j', 'k', 'l', 'm', 'n', 'nine', 'o', 'oacute', 'odieresis', 'ohungarumlaut', 'one', 'p', 'parenleft', 'parenright', 'percent', 'period', 'plus', 'r', 's', 'seven', 'six', 'slash', 'space', 't', 'three', 'two', 'u', 'uacute', 'udieresis', 'uni239B', 'uni239C', 'uni239D', 'uni239E', 'uni239F', 'uni23A0', 'v', 'x', 'y', 'z', 'zero']
INFO Glyph IDs:   [0, 3, 4, 8, 11, 12, 14, 15, 16, 17, 18, 19, 20, 21, 22, 23, 24, 25, 26, 27, 28, 29, 35, 36, 37, 38, 39, 40, 41, 42, 43, 44, 45, 46, 48, 49, 51, 53, 54, 55, 56, 57, 59, 68, 69, 70, 71, 72, 73, 74, 75, 76, 77, 78, 79, 80, 81, 82, 83, 85, 86, 87, 88, 89, 91, 92, 93, 131, 156, 163, 171, 175, 181, 184, 188, 190, 275, 3507, 3508, 3509, 3510, 3511, 3512, 5042]
DEBUG Took 0.007s to close glyph list over 'MATH'
INFO Closing glyph list over 'glyf': 84 glyphs before
INFO Glyph names: ['.notdef', 'A', 'Aacute', 'B', 'C', 'D', 'E', 'F', 'G', 'H', 'I', 'J', 'K', 'M', 'N', 'P', 'R', 'S', 'T', 'U', 'Uacute', 'V', 'X', 'a', 'aacute', 'at', 'b', 'c', 'colon', 'comma', 'd', 'e', 'eacute', 'eight', 'exclam', 'f', 'fi', 'five', 'four', 'g', 'h', 'hyphen', 'i', 'iacute', 'j', 'k', 'l', 'm', 'n', 'nine', 'o', 'oacute', 'odieresis', 'ohungarumlaut', 'one', 'p', 'parenleft', 'parenright', 'percent', 'period', 'plus', 'r', 's', 'seven', 'six', 'slash', 'space', 't', 'three', 'two', 'u', 'uacute', 'udieresis', 'uni239B', 'uni239C', 'uni239D', 'uni239E', 'uni239F', 'uni23A0', 'v', 'x', 'y', 'z', 'zero']
INFO Glyph IDs:   [0, 3, 4, 8, 11, 12, 14, 15, 16, 17, 18, 19, 20, 21, 22, 23, 24, 25, 26, 27, 28, 29, 35, 36, 37, 38, 39, 40, 41, 42, 43, 44, 45, 46, 48, 49, 51, 53, 54, 55, 56, 57, 59, 68, 69, 70, 71, 72, 73, 74, 75, 76, 77, 78, 79, 80, 81, 82, 83, 85, 86, 87, 88, 89, 91, 92, 93, 131, 156, 163, 171, 175, 181, 184, 188, 190, 275, 3507, 3508, 3509, 3510, 3511, 3512, 5042]
INFO Closed glyph list over 'glyf': 89 glyphs after
INFO Glyph names: ['.notdef', 'A', 'Aacute', 'Acute', 'B', 'C', 'D', 'E', 'F', 'G', 'H', 'I', 'J', 'K', 'M', 'N', 'P', 'R', 'S', 'T', 'U', 'Uacute', 'V', 'X', 'a', 'aacute', 'acute', 'at', 'b', 'c', 'colon', 'comma', 'd', 'dieresis', 'dotlessi', 'e', 'eacute', 'eight', 'exclam', 'f', 'fi', 'five', 'four', 'g', 'h', 'hungarumlaut', 'hyphen', 'i', 'iacute', 'j', 'k', 'l', 'm', 'n', 'nine', 'o', 'oacute', 'odieresis', 'ohungarumlaut', 'one', 'p', 'parenleft', 'parenright', 'percent', 'period', 'plus', 'r', 's', 'seven', 'six', 'slash', 'space', 't', 'three', 'two', 'u', 'uacute', 'udieresis', 'uni239B', 'uni239C', 'uni239D', 'uni239E', 'uni239F', 'uni23A0', 'v', 'x', 'y', 'z', 'zero']
INFO Glyph IDs:   [0, 3, 4, 8, 11, 12, 14, 15, 16, 17, 18, 19, 20, 21, 22, 23, 24, 25, 26, 27, 28, 29, 35, 36, 37, 38, 39, 40, 41, 42, 43, 44, 45, 46, 48, 49, 51, 53, 54, 55, 56, 57, 59, 68, 69, 70, 71, 72, 73, 74, 75, 76, 77, 78, 79, 80, 81, 82, 83, 85, 86, 87, 88, 89, 91, 92, 93, 106, 118, 131, 156, 163, 171, 175, 181, 184, 188, 190, 243, 275, 671, 3507, 3508, 3509, 3510, 3511, 3512, 5042, 5923]
DEBUG Took 0.002s to close glyph list over 'glyf'
INFO Retaining 89 glyphs
INFO head subsetting not needed
INFO hhea subsetting not needed
INFO maxp subsetting not needed
INFO OS/2 subsetting not needed
DEBUG Reading 'hmtx' table from disk
DEBUG Decompiling 'hmtx' table
DEBUG Reading 'hhea' table from disk
DEBUG Decompiling 'hhea' table
DEBUG Took 0.006s to subset 'hmtx'
INFO hmtx subsetted
DEBUG Took 0.002s to subset 'cmap'
INFO cmap subsetted
INFO loca subsetting not needed
DEBUG Took 0.000s to subset 'post'
INFO post subsetted
INFO gasp subsetting not needed
INFO FFTM NOT subset; don't know how to subset
DEBUG Took 0.000s to subset 'MATH'
INFO MATH subsetted
DEBUG Reading 'GDEF' table from disk
DEBUG Decompiling 'GDEF' table
DEBUG Took 0.005s to subset 'GDEF'
INFO GDEF subsetted
INFO name subsetting not needed
DEBUG Took 0.003s to subset 'glyf'
INFO glyf subsetted
DEBUG Took 0.000s to subset GlyphOrder
DEBUG Took 0.000s to prune 'head'
INFO head pruned
DEBUG Reading 'OS/2' table from disk
DEBUG Decompiling 'OS/2' table
INFO OS/2 Unicode ranges pruned: [0, 1, 2, 62]
INFO OS/2 CodePage ranges pruned: [0]
DEBUG Took 0.002s to prune 'glyf'
INFO glyf pruned
DEBUG Took 0.000s to prune 'GDEF'
INFO GDEF pruned
DEBUG Reading 'name' table from disk
DEBUG Decompiling 'name' table
DEBUG Reading 'gasp' table from disk
DEBUG Decompiling 'gasp' table
DEBUG Reading 'FFTM' table from disk
DEBUG Decompiling 'FFTM' table
DEBUG Took 0.002s to prune 'name'
INFO name pruned
[DEBUG 2026-07-22 15:23:48] PDF generation finished.
[DEBUG 2026-07-22 15:23:48] SMTP Configuration: Host=mail.magyarmedia.com, Port=465, User=iroda@magyarmedia.com, TLS=True
[DEBUG 2026-07-22 15:23:48] Connecting to SMTP server...
[DEBUG 2026-07-22 15:23:48] Logging in (SSL)...
[DEBUG 2026-07-22 15:23:48] Sending message...
[DEBUG 2026-07-22 15:23:49] SMTP send clean success.
[DEBUG 2026-07-22 15:23:49] Checking IMAP...
[DEBUG 2026-07-22 15:23:49] Connecting to IMAP mail.magyarmedia.com
WARNING Ignored `word-break: break-word` at 133:13, invalid value.
WARNING Ignored `word-break: break-word` at 145:13, invalid value.
WARNING Ignored `word-break: break-word` at 183:48, invalid value.
DEBUG Reading 'maxp' table from disk
DEBUG Decompiling 'maxp' table
DEBUG Took 0.001s to load 'maxp'
DEBUG Took 0.000s to prune 'maxp'
INFO maxp pruned
DEBUG Reading 'cmap' table from disk
DEBUG Decompiling 'cmap' table
DEBUG Reading 'post' table from disk
DEBUG Decompiling 'post' table
DEBUG Took 0.012s to load 'cmap'
DEBUG Took 0.000s to prune 'cmap'
INFO cmap pruned
INFO fpgm dropped
INFO prep dropped
INFO cvt  dropped
INFO kern dropped
DEBUG Took 0.000s to load 'post'
DEBUG Took 0.000s to prune 'post'
INFO post pruned
INFO GPOS dropped
INFO GSUB dropped
DEBUG Reading 'glyf' table from disk
DEBUG Decompiling 'glyf' table
DEBUG Reading 'loca' table from disk
DEBUG Decompiling 'loca' table
DEBUG Reading 'head' table from disk
DEBUG Decompiling 'head' table
DEBUG Took 0.009s to load 'glyf'
DEBUG Took 0.000s to prune 'glyf'
INFO glyf pruned
DEBUG Took 0.001s to close glyph list over 'cmap'
INFO Added gid0 to subset
INFO Closing glyph list over 'glyf': 62 glyphs before
INFO Glyph names: ['.notdef', 'A', 'Aacute', 'B', 'C', 'D', 'E', 'Eacute', 'F', 'G', 'H', 'I', 'K', 'L', 'M', 'N', 'Odieresis', 'Ohungarumlaut', 'R', 'S', 'T', 'U', 'Uhungarumlaut', 'V', 'Y', 'Z', 'a', 'aacute', 'colon', 'd', 'e', 'eacute', 'eight', 'f', 'four', 'g', 'hyphen', 'j', 'k', 'l', 'm', 'n', 'nine', 'oacute', 'odieresis', 'ohungarumlaut', 'parenleft', 'parenright', 'period', 'r', 's', 'seven', 'six', 'space', 't', 'three', 'two', 'u', 'v', 'y', 'z', 'zero']
INFO Glyph IDs:   [0, 3, 11, 12, 16, 17, 19, 21, 22, 23, 25, 26, 27, 28, 29, 36, 37, 38, 39, 40, 41, 42, 43, 44, 46, 47, 48, 49, 53, 54, 55, 56, 57, 60, 61, 68, 71, 72, 73, 74, 77, 78, 79, 80, 81, 85, 86, 87, 88, 89, 92, 93, 131, 139, 152, 163, 171, 181, 184, 274, 275, 306]
INFO Closed glyph list over 'glyf': 70 glyphs after
INFO Glyph names: ['.notdef', 'A', 'Aacute', 'Acute', 'B', 'C', 'D', 'Dieresis', 'E', 'Eacute', 'F', 'G', 'H', 'Hungarumlaut', 'I', 'K', 'L', 'M', 'N', 'O', 'Odieresis', 'Ohungarumlaut', 'R', 'S', 'T', 'U', 'Uhungarumlaut', 'V', 'Y', 'Z', 'a', 'aacute', 'acute', 'colon', 'd', 'dieresis', 'e', 'eacute', 'eight', 'f', 'four', 'g', 'hungarumlaut', 'hyphen', 'j', 'k', 'l', 'm', 'n', 'nine', 'o', 'oacute', 'odieresis', 'ohungarumlaut', 'parenleft', 'parenright', 'period', 'r', 's', 'seven', 'six', 'space', 't', 'three', 'two', 'u', 'v', 'y', 'z', 'zero']
INFO Glyph IDs:   [0, 3, 11, 12, 16, 17, 19, 21, 22, 23, 25, 26, 27, 28, 29, 36, 37, 38, 39, 40, 41, 42, 43, 44, 46, 47, 48, 49, 50, 53, 54, 55, 56, 57, 60, 61, 68, 71, 72, 73, 74, 77, 78, 79, 80, 81, 82, 85, 86, 87, 88, 89, 92, 93, 106, 118, 131, 139, 152, 163, 171, 181, 184, 274, 275, 306, 671, 5902, 5903, 5910]
DEBUG Took 0.002s to close glyph list over 'glyf'
INFO Retaining 70 glyphs
INFO head subsetting not needed
INFO hhea subsetting not needed
INFO maxp subsetting not needed
INFO OS/2 subsetting not needed
DEBUG Reading 'hmtx' table from disk
DEBUG Decompiling 'hmtx' table
DEBUG Reading 'hhea' table from disk
DEBUG Decompiling 'hhea' table
DEBUG Took 0.006s to subset 'hmtx'
INFO hmtx subsetted
DEBUG Took 0.002s to subset 'cmap'
INFO cmap subsetted
INFO loca subsetting not needed
DEBUG Took 0.000s to subset 'post'
INFO post subsetted
INFO gasp subsetting not needed
INFO FFTM NOT subset; don't know how to subset
DEBUG Reading 'GDEF' table from disk
DEBUG Decompiling 'GDEF' table
DEBUG Took 0.003s to subset 'GDEF'
INFO GDEF subsetted
INFO name subsetting not needed
DEBUG Took 0.004s to subset 'glyf'
INFO glyf subsetted
DEBUG Took 0.000s to subset GlyphOrder
DEBUG Took 0.000s to prune 'head'
INFO head pruned
DEBUG Reading 'OS/2' table from disk
DEBUG Decompiling 'OS/2' table
INFO OS/2 Unicode ranges pruned: [0, 1, 2]
INFO OS/2 CodePage ranges pruned: [0]
DEBUG Took 0.002s to prune 'glyf'
INFO glyf pruned
DEBUG Took 0.000s to prune 'GDEF'
INFO GDEF pruned
DEBUG Reading 'name' table from disk
DEBUG Decompiling 'name' table
DEBUG Reading 'gasp' table from disk
DEBUG Decompiling 'gasp' table
DEBUG Reading 'FFTM' table from disk
DEBUG Decompiling 'FFTM' table
DEBUG Took 0.002s to prune 'name'
INFO name pruned
DEBUG Reading 'maxp' table from disk
DEBUG Decompiling 'maxp' table
DEBUG Took 0.001s to load 'maxp'
DEBUG Took 0.000s to prune 'maxp'
INFO maxp pruned
DEBUG Reading 'cmap' table from disk
DEBUG Decompiling 'cmap' table
DEBUG Reading 'post' table from disk
DEBUG Decompiling 'post' table
DEBUG Took 0.012s to load 'cmap'
DEBUG Took 0.000s to prune 'cmap'
INFO cmap pruned
INFO fpgm dropped
INFO prep dropped
INFO cvt  dropped
INFO kern dropped
DEBUG Took 0.000s to load 'post'
DEBUG Took 0.000s to prune 'post'
INFO post pruned
INFO GPOS dropped
INFO GSUB dropped
DEBUG Reading 'glyf' table from disk
DEBUG Decompiling 'glyf' table
DEBUG Reading 'loca' table from disk
DEBUG Decompiling 'loca' table
DEBUG Reading 'head' table from disk
DEBUG Decompiling 'head' table
DEBUG Took 0.009s to load 'glyf'
DEBUG Took 0.000s to prune 'glyf'
INFO glyf pruned
DEBUG Took 0.001s to close glyph list over 'cmap'
INFO Added gid0 to subset
INFO Closing glyph list over 'MATH': 79 glyphs before
INFO Glyph names: ['.notdef', 'A', 'Aacute', 'B', 'C', 'D', 'E', 'F', 'H', 'I', 'J', 'K', 'M', 'N', 'O', 'P', 'R', 'S', 'T', 'U', 'Uacute', 'V', 'X', 'Y', 'a', 'aacute', 'at', 'b', 'c', 'colon', 'comma', 'd', 'e', 'eacute', 'eight', 'exclam', 'f', 'fi', 'five', 'four', 'g', 'h', 'hyphen', 'i', 'iacute', 'j', 'k', 'l', 'm', 'n', 'nine', 'o', 'oacute', 'odieresis', 'ohungarumlaut', 'one', 'p', 'parenleft', 'parenright', 'percent', 'period', 'plus', 'r', 's', 'seven', 'six', 'slash', 'space', 't', 'three', 'two', 'u', 'uacute', 'udieresis', 'v', 'x', 'y', 'z', 'zero']
INFO Glyph IDs:   [0, 3, 4, 8, 11, 12, 14, 15, 16, 17, 18, 19, 20, 21, 22, 23, 24, 25, 26, 27, 28, 29, 35, 36, 37, 38, 39, 40, 41, 43, 44, 45, 46, 48, 49, 50, 51, 53, 54, 55, 56, 57, 59, 60, 68, 69, 70, 71, 72, 73, 74, 75, 76, 77, 78, 79, 80, 81, 82, 83, 85, 86, 87, 88, 89, 91, 92, 93, 131, 156, 163, 171, 175, 181, 184, 188, 190, 275, 5042]
DEBUG Reading 'MATH' table from disk
DEBUG Decompiling 'MATH' table
INFO Closed glyph list over 'MATH': 85 glyphs after
INFO Glyph names: ['.notdef', 'A', 'Aacute', 'B', 'C', 'D', 'E', 'F', 'H', 'I', 'J', 'K', 'M', 'N', 'O', 'P', 'R', 'S', 'T', 'U', 'Uacute', 'V', 'X', 'Y', 'a', 'aacute', 'at', 'b', 'c', 'colon', 'comma', 'd', 'e', 'eacute', 'eight', 'exclam', 'f', 'fi', 'five', 'four', 'g', 'h', 'hyphen', 'i', 'iacute', 'j', 'k', 'l', 'm', 'n', 'nine', 'o', 'oacute', 'odieresis', 'ohungarumlaut', 'one', 'p', 'parenleft', 'parenright', 'percent', 'period', 'plus', 'r', 's', 'seven', 'six', 'slash', 'space', 't', 'three', 'two', 'u', 'uacute', 'udieresis', 'uni239B', 'uni239C', 'uni239D', 'uni239E', 'uni239F', 'uni23A0', 'v', 'x', 'y', 'z', 'zero']
INFO Glyph IDs:   [0, 3, 4, 8, 11, 12, 14, 15, 16, 17, 18, 19, 20, 21, 22, 23, 24, 25, 26, 27, 28, 29, 35, 36, 37, 38, 39, 40, 41, 43, 44, 45, 46, 48, 49, 50, 51, 53, 54, 55, 56, 57, 59, 60, 68, 69, 70, 71, 72, 73, 74, 75, 76, 77, 78, 79, 80, 81, 82, 83, 85, 86, 87, 88, 89, 91, 92, 93, 131, 156, 163, 171, 175, 181, 184, 188, 190, 275, 3507, 3508, 3509, 3510, 3511, 3512, 5042]
DEBUG Took 0.006s to close glyph list over 'MATH'
INFO Closing glyph list over 'glyf': 85 glyphs before
INFO Glyph names: ['.notdef', 'A', 'Aacute', 'B', 'C', 'D', 'E', 'F', 'H', 'I', 'J', 'K', 'M', 'N', 'O', 'P', 'R', 'S', 'T', 'U', 'Uacute', 'V', 'X', 'Y', 'a', 'aacute', 'at', 'b', 'c', 'colon', 'comma', 'd', 'e', 'eacute', 'eight', 'exclam', 'f', 'fi', 'five', 'four', 'g', 'h', 'hyphen', 'i', 'iacute', 'j', 'k', 'l', 'm', 'n', 'nine', 'o', 'oacute', 'odieresis', 'ohungarumlaut', 'one', 'p', 'parenleft', 'parenright', 'percent', 'period', 'plus', 'r', 's', 'seven', 'six', 'slash', 'space', 't', 'three', 'two', 'u', 'uacute', 'udieresis', 'uni239B', 'uni239C', 'uni239D', 'uni239E', 'uni239F', 'uni23A0', 'v', 'x', 'y', 'z', 'zero']
INFO Glyph IDs:   [0, 3, 4, 8, 11, 12, 14, 15, 16, 17, 18, 19, 20, 21, 22, 23, 24, 25, 26, 27, 28, 29, 35, 36, 37, 38, 39, 40, 41, 43, 44, 45, 46, 48, 49, 50, 51, 53, 54, 55, 56, 57, 59, 60, 68, 69, 70, 71, 72, 73, 74, 75, 76, 77, 78, 79, 80, 81, 82, 83, 85, 86, 87, 88, 89, 91, 92, 93, 131, 156, 163, 171, 175, 181, 184, 188, 190, 275, 3507, 3508, 3509, 3510, 3511, 3512, 5042]
INFO Closed glyph list over 'glyf': 90 glyphs after
INFO Glyph names: ['.notdef', 'A', 'Aacute', 'Acute', 'B', 'C', 'D', 'E', 'F', 'H', 'I', 'J', 'K', 'M', 'N', 'O', 'P', 'R', 'S', 'T', 'U', 'Uacute', 'V', 'X', 'Y', 'a', 'aacute', 'acute', 'at', 'b', 'c', 'colon', 'comma', 'd', 'dieresis', 'dotlessi', 'e', 'eacute', 'eight', 'exclam', 'f', 'fi', 'five', 'four', 'g', 'h', 'hungarumlaut', 'hyphen', 'i', 'iacute', 'j', 'k', 'l', 'm', 'n', 'nine', 'o', 'oacute', 'odieresis', 'ohungarumlaut', 'one', 'p', 'parenleft', 'parenright', 'percent', 'period', 'plus', 'r', 's', 'seven', 'six', 'slash', 'space', 't', 'three', 'two', 'u', 'uacute', 'udieresis', 'uni239B', 'uni239C', 'uni239D', 'uni239E', 'uni239F', 'uni23A0', 'v', 'x', 'y', 'z', 'zero']
INFO Glyph IDs:   [0, 3, 4, 8, 11, 12, 14, 15, 16, 17, 18, 19, 20, 21, 22, 23, 24, 25, 26, 27, 28, 29, 35, 36, 37, 38, 39, 40, 41, 43, 44, 45, 46, 48, 49, 50, 51, 53, 54, 55, 56, 57, 59, 60, 68, 69, 70, 71, 72, 73, 74, 75, 76, 77, 78, 79, 80, 81, 82, 83, 85, 86, 87, 88, 89, 91, 92, 93, 106, 118, 131, 156, 163, 171, 175, 181, 184, 188, 190, 243, 275, 671, 3507, 3508, 3509, 3510, 3511, 3512, 5042, 5923]
DEBUG Took 0.002s to close glyph list over 'glyf'
INFO Retaining 90 glyphs
INFO head subsetting not needed
INFO hhea subsetting not needed
INFO maxp subsetting not needed
INFO OS/2 subsetting not needed
DEBUG Reading 'hmtx' table from disk
DEBUG Decompiling 'hmtx' table
DEBUG Reading 'hhea' table from disk
DEBUG Decompiling 'hhea' table
DEBUG Took 0.006s to subset 'hmtx'
INFO hmtx subsetted
DEBUG Took 0.002s to subset 'cmap'
INFO cmap subsetted
INFO loca subsetting not needed
DEBUG Took 0.000s to subset 'post'
INFO post subsetted
INFO gasp subsetting not needed
INFO FFTM NOT subset; don't know how to subset
DEBUG Took 0.000s to subset 'MATH'
INFO MATH subsetted
DEBUG Reading 'GDEF' table from disk
DEBUG Decompiling 'GDEF' table
DEBUG Took 0.003s to subset 'GDEF'
INFO GDEF subsetted
INFO name subsetting not needed
DEBUG Took 0.004s to subset 'glyf'
INFO glyf subsetted
DEBUG Took 0.000s to subset GlyphOrder
DEBUG Took 0.000s to prune 'head'
INFO head pruned
DEBUG Reading 'OS/2' table from disk
DEBUG Decompiling 'OS/2' table
INFO OS/2 Unicode ranges pruned: [0, 1, 2, 62]
INFO OS/2 CodePage ranges pruned: [0]
DEBUG Took 0.002s to prune 'glyf'
INFO glyf pruned
DEBUG Took 0.000s to prune 'GDEF'
INFO GDEF pruned
DEBUG Reading 'name' table from disk
DEBUG Decompiling 'name' table
DEBUG Reading 'gasp' table from disk
DEBUG Decompiling 'gasp' table
DEBUG Reading 'FFTM' table from disk
DEBUG Decompiling 'FFTM' table
DEBUG Took 0.002s to prune 'name'
INFO name pruned
WARNING Not Found: /api/auth/token/refresh/
WARNING Not Found: /api/auth/token/refresh/
WARNING Unauthorized: /api/menu-badges/
WARNING Unauthorized: /api/menu-badges/
WARNING Not Found: /api/.env
WARNING Not Found: /api/contacts/931/
WARNING Ignored `word-break: break-word` at 133:13, invalid value.
WARNING Ignored `word-break: break-word` at 145:13, invalid value.
WARNING Ignored `word-break: break-word` at 183:48, invalid value.
DEBUG Reading 'maxp' table from disk
DEBUG Decompiling 'maxp' table
DEBUG Took 0.001s to load 'maxp'
DEBUG Took 0.000s to prune 'maxp'
INFO maxp pruned
DEBUG Reading 'cmap' table from disk
DEBUG Decompiling 'cmap' table
DEBUG Reading 'post' table from disk
DEBUG Decompiling 'post' table
DEBUG Took 0.012s to load 'cmap'
DEBUG Took 0.000s to prune 'cmap'
INFO cmap pruned
INFO fpgm dropped
INFO prep dropped
INFO cvt  dropped
INFO kern dropped
DEBUG Took 0.000s to load 'post'
DEBUG Took 0.000s to prune 'post'
INFO post pruned
INFO GPOS dropped
INFO GSUB dropped
DEBUG Reading 'glyf' table from disk
DEBUG Decompiling 'glyf' table
DEBUG Reading 'loca' table from disk
DEBUG Decompiling 'loca' table
DEBUG Reading 'head' table from disk
DEBUG Decompiling 'head' table
DEBUG Took 0.009s to load 'glyf'
DEBUG Took 0.000s to prune 'glyf'
INFO glyf pruned
DEBUG Took 0.001s to close glyph list over 'cmap'
INFO Added gid0 to subset
INFO Closing glyph list over 'glyf': 63 glyphs before
INFO Glyph names: ['.notdef', 'A', 'Aacute', 'B', 'C', 'D', 'E', 'Eacute', 'F', 'G', 'H', 'I', 'K', 'L', 'M', 'N', 'Odieresis', 'Ohungarumlaut', 'R', 'S', 'T', 'U', 'Uhungarumlaut', 'V', 'Y', 'Z', 'a', 'aacute', 'colon', 'd', 'e', 'eacute', 'eight', 'f', 'four', 'g', 'hyphen', 'j', 'k', 'l', 'm', 'n', 'nine', 'oacute', 'odieresis', 'ohungarumlaut', 'one', 'parenleft', 'parenright', 'period', 'r', 's', 'seven', 'six', 'space', 't', 'three', 'two', 'u', 'v', 'y', 'z', 'zero']
INFO Glyph IDs:   [0, 3, 11, 12, 16, 17, 19, 20, 21, 22, 23, 25, 26, 27, 28, 29, 36, 37, 38, 39, 40, 41, 42, 43, 44, 46, 47, 48, 49, 53, 54, 55, 56, 57, 60, 61, 68, 71, 72, 73, 74, 77, 78, 79, 80, 81, 85, 86, 87, 88, 89, 92, 93, 131, 139, 152, 163, 171, 181, 184, 274, 275, 306]
INFO Closed glyph list over 'glyf': 71 glyphs after
INFO Glyph names: ['.notdef', 'A', 'Aacute', 'Acute', 'B', 'C', 'D', 'Dieresis', 'E', 'Eacute', 'F', 'G', 'H', 'Hungarumlaut', 'I', 'K', 'L', 'M', 'N', 'O', 'Odieresis', 'Ohungarumlaut', 'R', 'S', 'T', 'U', 'Uhungarumlaut', 'V', 'Y', 'Z', 'a', 'aacute', 'acute', 'colon', 'd', 'dieresis', 'e', 'eacute', 'eight', 'f', 'four', 'g', 'hungarumlaut', 'hyphen', 'j', 'k', 'l', 'm', 'n', 'nine', 'o', 'oacute', 'odieresis', 'ohungarumlaut', 'one', 'parenleft', 'parenright', 'period', 'r', 's', 'seven', 'six', 'space', 't', 'three', 'two', 'u', 'v', 'y', 'z', 'zero']
INFO Glyph IDs:   [0, 3, 11, 12, 16, 17, 19, 20, 21, 22, 23, 25, 26, 27, 28, 29, 36, 37, 38, 39, 40, 41, 42, 43, 44, 46, 47, 48, 49, 50, 53, 54, 55, 56, 57, 60, 61, 68, 71, 72, 73, 74, 77, 78, 79, 80, 81, 82, 85, 86, 87, 88, 89, 92, 93, 106, 118, 131, 139, 152, 163, 171, 181, 184, 274, 275, 306, 671, 5902, 5903, 5910]
DEBUG Took 0.002s to close glyph list over 'glyf'
INFO Retaining 71 glyphs
INFO head subsetting not needed
INFO hhea subsetting not needed
INFO maxp subsetting not needed
INFO OS/2 subsetting not needed
DEBUG Reading 'hmtx' table from disk
DEBUG Decompiling 'hmtx' table
DEBUG Reading 'hhea' table from disk
DEBUG Decompiling 'hhea' table
DEBUG Took 0.005s to subset 'hmtx'
INFO hmtx subsetted
DEBUG Took 0.002s to subset 'cmap'
INFO cmap subsetted
INFO loca subsetting not needed
DEBUG Took 0.000s to subset 'post'
INFO post subsetted
INFO gasp subsetting not needed
INFO FFTM NOT subset; don't know how to subset
DEBUG Reading 'GDEF' table from disk
DEBUG Decompiling 'GDEF' table
DEBUG Took 0.003s to subset 'GDEF'
INFO GDEF subsetted
INFO name subsetting not needed
DEBUG Took 0.004s to subset 'glyf'
INFO glyf subsetted
DEBUG Took 0.000s to subset GlyphOrder
DEBUG Took 0.000s to prune 'head'
INFO head pruned
DEBUG Reading 'OS/2' table from disk
DEBUG Decompiling 'OS/2' table
INFO OS/2 Unicode ranges pruned: [0, 1, 2]
INFO OS/2 CodePage ranges pruned: [0]
DEBUG Took 0.002s to prune 'glyf'
INFO glyf pruned
DEBUG Took 0.000s to prune 'GDEF'
INFO GDEF pruned
DEBUG Reading 'name' table from disk
DEBUG Decompiling 'name' table
DEBUG Reading 'gasp' table from disk
DEBUG Decompiling 'gasp' table
DEBUG Reading 'FFTM' table from disk
DEBUG Decompiling 'FFTM' table
DEBUG Took 0.002s to prune 'name'
INFO name pruned
DEBUG Reading 'maxp' table from disk
DEBUG Decompiling 'maxp' table
DEBUG Took 0.001s to load 'maxp'
DEBUG Took 0.000s to prune 'maxp'
INFO maxp pruned
DEBUG Reading 'cmap' table from disk
DEBUG Decompiling 'cmap' table
DEBUG Reading 'post' table from disk
DEBUG Decompiling 'post' table
DEBUG Took 0.011s to load 'cmap'
DEBUG Took 0.000s to prune 'cmap'
INFO cmap pruned
INFO fpgm dropped
INFO prep dropped
INFO cvt  dropped
INFO kern dropped
DEBUG Took 0.000s to load 'post'
DEBUG Took 0.000s to prune 'post'
INFO post pruned
INFO GPOS dropped
INFO GSUB dropped
DEBUG Reading 'glyf' table from disk
DEBUG Decompiling 'glyf' table
DEBUG Reading 'loca' table from disk
DEBUG Decompiling 'loca' table
DEBUG Reading 'head' table from disk
DEBUG Decompiling 'head' table
DEBUG Took 0.008s to load 'glyf'
DEBUG Took 0.000s to prune 'glyf'
INFO glyf pruned
DEBUG Took 0.001s to close glyph list over 'cmap'
INFO Added gid0 to subset
INFO Closing glyph list over 'MATH': 79 glyphs before
INFO Glyph names: ['.notdef', 'A', 'Aacute', 'B', 'C', 'D', 'E', 'F', 'H', 'I', 'J', 'K', 'M', 'N', 'O', 'P', 'R', 'S', 'T', 'U', 'Uacute', 'V', 'X', 'Y', 'a', 'aacute', 'at', 'b', 'c', 'colon', 'comma', 'd', 'e', 'eacute', 'eight', 'exclam', 'f', 'fi', 'five', 'four', 'g', 'h', 'hyphen', 'i', 'iacute', 'j', 'k', 'l', 'm', 'n', 'nine', 'o', 'oacute', 'odieresis', 'ohungarumlaut', 'one', 'p', 'parenleft', 'parenright', 'percent', 'period', 'plus', 'r', 's', 'seven', 'six', 'slash', 'space', 't', 'three', 'two', 'u', 'uacute', 'udieresis', 'v', 'x', 'y', 'z', 'zero']
INFO Glyph IDs:   [0, 3, 4, 8, 11, 12, 14, 15, 16, 17, 18, 19, 20, 21, 22, 23, 24, 25, 26, 27, 28, 29, 35, 36, 37, 38, 39, 40, 41, 43, 44, 45, 46, 48, 49, 50, 51, 53, 54, 55, 56, 57, 59, 60, 68, 69, 70, 71, 72, 73, 74, 75, 76, 77, 78, 79, 80, 81, 82, 83, 85, 86, 87, 88, 89, 91, 92, 93, 131, 156, 163, 171, 175, 181, 184, 188, 190, 275, 5042]
DEBUG Reading 'MATH' table from disk
DEBUG Decompiling 'MATH' table
INFO Closed glyph list over 'MATH': 85 glyphs after
INFO Glyph names: ['.notdef', 'A', 'Aacute', 'B', 'C', 'D', 'E', 'F', 'H', 'I', 'J', 'K', 'M', 'N', 'O', 'P', 'R', 'S', 'T', 'U', 'Uacute', 'V', 'X', 'Y', 'a', 'aacute', 'at', 'b', 'c', 'colon', 'comma', 'd', 'e', 'eacute', 'eight', 'exclam', 'f', 'fi', 'five', 'four', 'g', 'h', 'hyphen', 'i', 'iacute', 'j', 'k', 'l', 'm', 'n', 'nine', 'o', 'oacute', 'odieresis', 'ohungarumlaut', 'one', 'p', 'parenleft', 'parenright', 'percent', 'period', 'plus', 'r', 's', 'seven', 'six', 'slash', 'space', 't', 'three', 'two', 'u', 'uacute', 'udieresis', 'uni239B', 'uni239C', 'uni239D', 'uni239E', 'uni239F', 'uni23A0', 'v', 'x', 'y', 'z', 'zero']
INFO Glyph IDs:   [0, 3, 4, 8, 11, 12, 14, 15, 16, 17, 18, 19, 20, 21, 22, 23, 24, 25, 26, 27, 28, 29, 35, 36, 37, 38, 39, 40, 41, 43, 44, 45, 46, 48, 49, 50, 51, 53, 54, 55, 56, 57, 59, 60, 68, 69, 70, 71, 72, 73, 74, 75, 76, 77, 78, 79, 80, 81, 82, 83, 85, 86, 87, 88, 89, 91, 92, 93, 131, 156, 163, 171, 175, 181, 184, 188, 190, 275, 3507, 3508, 3509, 3510, 3511, 3512, 5042]
DEBUG Took 0.006s to close glyph list over 'MATH'
INFO Closing glyph list over 'glyf': 85 glyphs before
INFO Glyph names: ['.notdef', 'A', 'Aacute', 'B', 'C', 'D', 'E', 'F', 'H', 'I', 'J', 'K', 'M', 'N', 'O', 'P', 'R', 'S', 'T', 'U', 'Uacute', 'V', 'X', 'Y', 'a', 'aacute', 'at', 'b', 'c', 'colon', 'comma', 'd', 'e', 'eacute', 'eight', 'exclam', 'f', 'fi', 'five', 'four', 'g', 'h', 'hyphen', 'i', 'iacute', 'j', 'k', 'l', 'm', 'n', 'nine', 'o', 'oacute', 'odieresis', 'ohungarumlaut', 'one', 'p', 'parenleft', 'parenright', 'percent', 'period', 'plus', 'r', 's', 'seven', 'six', 'slash', 'space', 't', 'three', 'two', 'u', 'uacute', 'udieresis', 'uni239B', 'uni239C', 'uni239D', 'uni239E', 'uni239F', 'uni23A0', 'v', 'x', 'y', 'z', 'zero']
INFO Glyph IDs:   [0, 3, 4, 8, 11, 12, 14, 15, 16, 17, 18, 19, 20, 21, 22, 23, 24, 25, 26, 27, 28, 29, 35, 36, 37, 38, 39, 40, 41, 43, 44, 45, 46, 48, 49, 50, 51, 53, 54, 55, 56, 57, 59, 60, 68, 69, 70, 71, 72, 73, 74, 75, 76, 77, 78, 79, 80, 81, 82, 83, 85, 86, 87, 88, 89, 91, 92, 93, 131, 156, 163, 171, 175, 181, 184, 188, 190, 275, 3507, 3508, 3509, 3510, 3511, 3512, 5042]
INFO Closed glyph list over 'glyf': 90 glyphs after
INFO Glyph names: ['.notdef', 'A', 'Aacute', 'Acute', 'B', 'C', 'D', 'E', 'F', 'H', 'I', 'J', 'K', 'M', 'N', 'O', 'P', 'R', 'S', 'T', 'U', 'Uacute', 'V', 'X', 'Y', 'a', 'aacute', 'acute', 'at', 'b', 'c', 'colon', 'comma', 'd', 'dieresis', 'dotlessi', 'e', 'eacute', 'eight', 'exclam', 'f', 'fi', 'five', 'four', 'g', 'h', 'hungarumlaut', 'hyphen', 'i', 'iacute', 'j', 'k', 'l', 'm', 'n', 'nine', 'o', 'oacute', 'odieresis', 'ohungarumlaut', 'one', 'p', 'parenleft', 'parenright', 'percent', 'period', 'plus', 'r', 's', 'seven', 'six', 'slash', 'space', 't', 'three', 'two', 'u', 'uacute', 'udieresis', 'uni239B', 'uni239C', 'uni239D', 'uni239E', 'uni239F', 'uni23A0', 'v', 'x', 'y', 'z', 'zero']
INFO Glyph IDs:   [0, 3, 4, 8, 11, 12, 14, 15, 16, 17, 18, 19, 20, 21, 22, 23, 24, 25, 26, 27, 28, 29, 35, 36, 37, 38, 39, 40, 41, 43, 44, 45, 46, 48, 49, 50, 51, 53, 54, 55, 56, 57, 59, 60, 68, 69, 70, 71, 72, 73, 74, 75, 76, 77, 78, 79, 80, 81, 82, 83, 85, 86, 87, 88, 89, 91, 92, 93, 106, 118, 131, 156, 163, 171, 175, 181, 184, 188, 190, 243, 275, 671, 3507, 3508, 3509, 3510, 3511, 3512, 5042, 5923]
DEBUG Took 0.002s to close glyph list over 'glyf'
INFO Retaining 90 glyphs
INFO head subsetting not needed
INFO hhea subsetting not needed
INFO maxp subsetting not needed
INFO OS/2 subsetting not needed
DEBUG Reading 'hmtx' table from disk
DEBUG Decompiling 'hmtx' table
DEBUG Reading 'hhea' table from disk
DEBUG Decompiling 'hhea' table
DEBUG Took 0.005s to subset 'hmtx'
INFO hmtx subsetted
DEBUG Took 0.002s to subset 'cmap'
INFO cmap subsetted
INFO loca subsetting not needed
DEBUG Took 0.000s to subset 'post'
INFO post subsetted
INFO gasp subsetting not needed
INFO FFTM NOT subset; don't know how to subset
DEBUG Took 0.000s to subset 'MATH'
INFO MATH subsetted
DEBUG Reading 'GDEF' table from disk
DEBUG Decompiling 'GDEF' table
DEBUG Took 0.003s to subset 'GDEF'
INFO GDEF subsetted
INFO name subsetting not needed
DEBUG Took 0.004s to subset 'glyf'
INFO glyf subsetted
DEBUG Took 0.000s to subset GlyphOrder
DEBUG Took 0.000s to prune 'head'
INFO head pruned
DEBUG Reading 'OS/2' table from disk
DEBUG Decompiling 'OS/2' table
INFO OS/2 Unicode ranges pruned: [0, 1, 2, 62]
INFO OS/2 CodePage ranges pruned: [0]
DEBUG Took 0.002s to prune 'glyf'
INFO glyf pruned
DEBUG Took 0.000s to prune 'GDEF'
INFO GDEF pruned
DEBUG Reading 'name' table from disk
DEBUG Decompiling 'name' table
DEBUG Reading 'gasp' table from disk
DEBUG Decompiling 'gasp' table
DEBUG Reading 'FFTM' table from disk
DEBUG Decompiling 'FFTM' table
DEBUG Took 0.002s to prune 'name'
INFO name pruned
[DEBUG 2026-07-23 14:59:33] send_email called for pk=e0cda0d4-7afb-438f-a429-076473e34c2e
DEBUG: Invoice fetched: CZHUF2026000241
[DEBUG 2026-07-23 14:59:33] Starting PDF generation...
WARNING Ignored `word-break: break-word` at 133:13, invalid value.
WARNING Ignored `word-break: break-word` at 145:13, invalid value.
WARNING Ignored `word-break: break-word` at 183:48, invalid value.
DEBUG Reading 'maxp' table from disk
DEBUG Decompiling 'maxp' table
DEBUG Took 0.001s to load 'maxp'
DEBUG Took 0.000s to prune 'maxp'
INFO maxp pruned
DEBUG Reading 'cmap' table from disk
DEBUG Decompiling 'cmap' table
DEBUG Reading 'post' table from disk
DEBUG Decompiling 'post' table
DEBUG Took 0.012s to load 'cmap'
DEBUG Took 0.000s to prune 'cmap'
INFO cmap pruned
INFO fpgm dropped
INFO prep dropped
INFO cvt  dropped
INFO kern dropped
DEBUG Took 0.000s to load 'post'
DEBUG Took 0.000s to prune 'post'
INFO post pruned
INFO GPOS dropped
INFO GSUB dropped
DEBUG Reading 'glyf' table from disk
DEBUG Decompiling 'glyf' table
DEBUG Reading 'loca' table from disk
DEBUG Decompiling 'loca' table
DEBUG Reading 'head' table from disk
DEBUG Decompiling 'head' table
DEBUG Took 0.010s to load 'glyf'
DEBUG Took 0.000s to prune 'glyf'
INFO glyf pruned
DEBUG Took 0.001s to close glyph list over 'cmap'
INFO Added gid0 to subset
INFO Closing glyph list over 'glyf': 63 glyphs before
INFO Glyph names: ['.notdef', 'A', 'Aacute', 'B', 'C', 'D', 'E', 'Eacute', 'F', 'G', 'H', 'I', 'K', 'L', 'M', 'N', 'Odieresis', 'Ohungarumlaut', 'R', 'S', 'T', 'U', 'Uhungarumlaut', 'V', 'Y', 'Z', 'a', 'aacute', 'colon', 'd', 'e', 'eacute', 'eight', 'f', 'four', 'g', 'hyphen', 'j', 'k', 'l', 'm', 'n', 'nine', 'oacute', 'odieresis', 'ohungarumlaut', 'one', 'parenleft', 'parenright', 'period', 'r', 's', 'seven', 'six', 'space', 't', 'three', 'two', 'u', 'v', 'y', 'z', 'zero']
INFO Glyph IDs:   [0, 3, 11, 12, 16, 17, 19, 20, 21, 22, 23, 25, 26, 27, 28, 29, 36, 37, 38, 39, 40, 41, 42, 43, 44, 46, 47, 48, 49, 53, 54, 55, 56, 57, 60, 61, 68, 71, 72, 73, 74, 77, 78, 79, 80, 81, 85, 86, 87, 88, 89, 92, 93, 131, 139, 152, 163, 171, 181, 184, 274, 275, 306]
INFO Closed glyph list over 'glyf': 71 glyphs after
INFO Glyph names: ['.notdef', 'A', 'Aacute', 'Acute', 'B', 'C', 'D', 'Dieresis', 'E', 'Eacute', 'F', 'G', 'H', 'Hungarumlaut', 'I', 'K', 'L', 'M', 'N', 'O', 'Odieresis', 'Ohungarumlaut', 'R', 'S', 'T', 'U', 'Uhungarumlaut', 'V', 'Y', 'Z', 'a', 'aacute', 'acute', 'colon', 'd', 'dieresis', 'e', 'eacute', 'eight', 'f', 'four', 'g', 'hungarumlaut', 'hyphen', 'j', 'k', 'l', 'm', 'n', 'nine', 'o', 'oacute', 'odieresis', 'ohungarumlaut', 'one', 'parenleft', 'parenright', 'period', 'r', 's', 'seven', 'six', 'space', 't', 'three', 'two', 'u', 'v', 'y', 'z', 'zero']
INFO Glyph IDs:   [0, 3, 11, 12, 16, 17, 19, 20, 21, 22, 23, 25, 26, 27, 28, 29, 36, 37, 38, 39, 40, 41, 42, 43, 44, 46, 47, 48, 49, 50, 53, 54, 55, 56, 57, 60, 61, 68, 71, 72, 73, 74, 77, 78, 79, 80, 81, 82, 85, 86, 87, 88, 89, 92, 93, 106, 118, 131, 139, 152, 163, 171, 181, 184, 274, 275, 306, 671, 5902, 5903, 5910]
DEBUG Took 0.003s to close glyph list over 'glyf'
INFO Retaining 71 glyphs
INFO head subsetting not needed
INFO hhea subsetting not needed
INFO maxp subsetting not needed
INFO OS/2 subsetting not needed
DEBUG Reading 'hmtx' table from disk
DEBUG Decompiling 'hmtx' table
DEBUG Reading 'hhea' table from disk
DEBUG Decompiling 'hhea' table
DEBUG Took 0.006s to subset 'hmtx'
INFO hmtx subsetted
DEBUG Took 0.002s to subset 'cmap'
INFO cmap subsetted
INFO loca subsetting not needed
DEBUG Took 0.000s to subset 'post'
INFO post subsetted
INFO gasp subsetting not needed
INFO FFTM NOT subset; don't know how to subset
DEBUG Reading 'GDEF' table from disk
DEBUG Decompiling 'GDEF' table
DEBUG Took 0.003s to subset 'GDEF'
INFO GDEF subsetted
INFO name subsetting not needed
DEBUG Took 0.003s to subset 'glyf'
INFO glyf subsetted
DEBUG Took 0.000s to subset GlyphOrder
DEBUG Took 0.000s to prune 'head'
INFO head pruned
DEBUG Reading 'OS/2' table from disk
DEBUG Decompiling 'OS/2' table
INFO OS/2 Unicode ranges pruned: [0, 1, 2]
INFO OS/2 CodePage ranges pruned: [0]
DEBUG Took 0.002s to prune 'glyf'
INFO glyf pruned
DEBUG Took 0.000s to prune 'GDEF'
INFO GDEF pruned
DEBUG Reading 'name' table from disk
DEBUG Decompiling 'name' table
DEBUG Reading 'gasp' table from disk
DEBUG Decompiling 'gasp' table
DEBUG Reading 'FFTM' table from disk
DEBUG Decompiling 'FFTM' table
DEBUG Took 0.002s to prune 'name'
INFO name pruned
DEBUG Reading 'maxp' table from disk
DEBUG Decompiling 'maxp' table
DEBUG Took 0.001s to load 'maxp'
DEBUG Took 0.000s to prune 'maxp'
INFO maxp pruned
DEBUG Reading 'cmap' table from disk
DEBUG Decompiling 'cmap' table
DEBUG Reading 'post' table from disk
DEBUG Decompiling 'post' table
DEBUG Took 0.011s to load 'cmap'
DEBUG Took 0.000s to prune 'cmap'
INFO cmap pruned
INFO fpgm dropped
INFO prep dropped
INFO cvt  dropped
INFO kern dropped
DEBUG Took 0.000s to load 'post'
DEBUG Took 0.000s to prune 'post'
INFO post pruned
INFO GPOS dropped
INFO GSUB dropped
DEBUG Reading 'glyf' table from disk
DEBUG Decompiling 'glyf' table
DEBUG Reading 'loca' table from disk
DEBUG Decompiling 'loca' table
DEBUG Reading 'head' table from disk
DEBUG Decompiling 'head' table
DEBUG Took 0.008s to load 'glyf'
DEBUG Took 0.000s to prune 'glyf'
INFO glyf pruned
DEBUG Took 0.001s to close glyph list over 'cmap'
INFO Added gid0 to subset
INFO Closing glyph list over 'MATH': 80 glyphs before
INFO Glyph names: ['.notdef', 'A', 'Aacute', 'B', 'C', 'D', 'E', 'F', 'H', 'I', 'J', 'K', 'M', 'N', 'O', 'P', 'R', 'S', 'T', 'U', 'Uacute', 'V', 'X', 'Y', 'Z', 'a', 'aacute', 'at', 'b', 'c', 'colon', 'comma', 'd', 'e', 'eacute', 'eight', 'exclam', 'f', 'fi', 'five', 'four', 'g', 'h', 'hyphen', 'i', 'iacute', 'j', 'k', 'l', 'm', 'n', 'nine', 'o', 'oacute', 'odieresis', 'ohungarumlaut', 'one', 'p', 'parenleft', 'parenright', 'percent', 'period', 'plus', 'r', 's', 'seven', 'six', 'slash', 'space', 't', 'three', 'two', 'u', 'uacute', 'udieresis', 'v', 'x', 'y', 'z', 'zero']
INFO Glyph IDs:   [0, 3, 4, 8, 11, 12, 14, 15, 16, 17, 18, 19, 20, 21, 22, 23, 24, 25, 26, 27, 28, 29, 35, 36, 37, 38, 39, 40, 41, 43, 44, 45, 46, 48, 49, 50, 51, 53, 54, 55, 56, 57, 59, 60, 61, 68, 69, 70, 71, 72, 73, 74, 75, 76, 77, 78, 79, 80, 81, 82, 83, 85, 86, 87, 88, 89, 91, 92, 93, 131, 156, 163, 171, 175, 181, 184, 188, 190, 275, 5042]
DEBUG Reading 'MATH' table from disk
DEBUG Decompiling 'MATH' table
INFO Closed glyph list over 'MATH': 86 glyphs after
INFO Glyph names: ['.notdef', 'A', 'Aacute', 'B', 'C', 'D', 'E', 'F', 'H', 'I', 'J', 'K', 'M', 'N', 'O', 'P', 'R', 'S', 'T', 'U', 'Uacute', 'V', 'X', 'Y', 'Z', 'a', 'aacute', 'at', 'b', 'c', 'colon', 'comma', 'd', 'e', 'eacute', 'eight', 'exclam', 'f', 'fi', 'five', 'four', 'g', 'h', 'hyphen', 'i', 'iacute', 'j', 'k', 'l', 'm', 'n', 'nine', 'o', 'oacute', 'odieresis', 'ohungarumlaut', 'one', 'p', 'parenleft', 'parenright', 'percent', 'period', 'plus', 'r', 's', 'seven', 'six', 'slash', 'space', 't', 'three', 'two', 'u', 'uacute', 'udieresis', 'uni239B', 'uni239C', 'uni239D', 'uni239E', 'uni239F', 'uni23A0', 'v', 'x', 'y', 'z', 'zero']
INFO Glyph IDs:   [0, 3, 4, 8, 11, 12, 14, 15, 16, 17, 18, 19, 20, 21, 22, 23, 24, 25, 26, 27, 28, 29, 35, 36, 37, 38, 39, 40, 41, 43, 44, 45, 46, 48, 49, 50, 51, 53, 54, 55, 56, 57, 59, 60, 61, 68, 69, 70, 71, 72, 73, 74, 75, 76, 77, 78, 79, 80, 81, 82, 83, 85, 86, 87, 88, 89, 91, 92, 93, 131, 156, 163, 171, 175, 181, 184, 188, 190, 275, 3507, 3508, 3509, 3510, 3511, 3512, 5042]
DEBUG Took 0.006s to close glyph list over 'MATH'
INFO Closing glyph list over 'glyf': 86 glyphs before
INFO Glyph names: ['.notdef', 'A', 'Aacute', 'B', 'C', 'D', 'E', 'F', 'H', 'I', 'J', 'K', 'M', 'N', 'O', 'P', 'R', 'S', 'T', 'U', 'Uacute', 'V', 'X', 'Y', 'Z', 'a', 'aacute', 'at', 'b', 'c', 'colon', 'comma', 'd', 'e', 'eacute', 'eight', 'exclam', 'f', 'fi', 'five', 'four', 'g', 'h', 'hyphen', 'i', 'iacute', 'j', 'k', 'l', 'm', 'n', 'nine', 'o', 'oacute', 'odieresis', 'ohungarumlaut', 'one', 'p', 'parenleft', 'parenright', 'percent', 'period', 'plus', 'r', 's', 'seven', 'six', 'slash', 'space', 't', 'three', 'two', 'u', 'uacute', 'udieresis', 'uni239B', 'uni239C', 'uni239D', 'uni239E', 'uni239F', 'uni23A0', 'v', 'x', 'y', 'z', 'zero']
INFO Glyph IDs:   [0, 3, 4, 8, 11, 12, 14, 15, 16, 17, 18, 19, 20, 21, 22, 23, 24, 25, 26, 27, 28, 29, 35, 36, 37, 38, 39, 40, 41, 43, 44, 45, 46, 48, 49, 50, 51, 53, 54, 55, 56, 57, 59, 60, 61, 68, 69, 70, 71, 72, 73, 74, 75, 76, 77, 78, 79, 80, 81, 82, 83, 85, 86, 87, 88, 89, 91, 92, 93, 131, 156, 163, 171, 175, 181, 184, 188, 190, 275, 3507, 3508, 3509, 3510, 3511, 3512, 5042]
INFO Closed glyph list over 'glyf': 91 glyphs after
INFO Glyph names: ['.notdef', 'A', 'Aacute', 'Acute', 'B', 'C', 'D', 'E', 'F', 'H', 'I', 'J', 'K', 'M', 'N', 'O', 'P', 'R', 'S', 'T', 'U', 'Uacute', 'V', 'X', 'Y', 'Z', 'a', 'aacute', 'acute', 'at', 'b', 'c', 'colon', 'comma', 'd', 'dieresis', 'dotlessi', 'e', 'eacute', 'eight', 'exclam', 'f', 'fi', 'five', 'four', 'g', 'h', 'hungarumlaut', 'hyphen', 'i', 'iacute', 'j', 'k', 'l', 'm', 'n', 'nine', 'o', 'oacute', 'odieresis', 'ohungarumlaut', 'one', 'p', 'parenleft', 'parenright', 'percent', 'period', 'plus', 'r', 's', 'seven', 'six', 'slash', 'space', 't', 'three', 'two', 'u', 'uacute', 'udieresis', 'uni239B', 'uni239C', 'uni239D', 'uni239E', 'uni239F', 'uni23A0', 'v', 'x', 'y', 'z', 'zero']
INFO Glyph IDs:   [0, 3, 4, 8, 11, 12, 14, 15, 16, 17, 18, 19, 20, 21, 22, 23, 24, 25, 26, 27, 28, 29, 35, 36, 37, 38, 39, 40, 41, 43, 44, 45, 46, 48, 49, 50, 51, 53, 54, 55, 56, 57, 59, 60, 61, 68, 69, 70, 71, 72, 73, 74, 75, 76, 77, 78, 79, 80, 81, 82, 83, 85, 86, 87, 88, 89, 91, 92, 93, 106, 118, 131, 156, 163, 171, 175, 181, 184, 188, 190, 243, 275, 671, 3507, 3508, 3509, 3510, 3511, 3512, 5042, 5923]
DEBUG Took 0.002s to close glyph list over 'glyf'
INFO Retaining 91 glyphs
INFO head subsetting not needed
INFO hhea subsetting not needed
INFO maxp subsetting not needed
INFO OS/2 subsetting not needed
DEBUG Reading 'hmtx' table from disk
DEBUG Decompiling 'hmtx' table
DEBUG Reading 'hhea' table from disk
DEBUG Decompiling 'hhea' table
DEBUG Took 0.005s to subset 'hmtx'
INFO hmtx subsetted
DEBUG Took 0.002s to subset 'cmap'
INFO cmap subsetted
INFO loca subsetting not needed
DEBUG Took 0.000s to subset 'post'
INFO post subsetted
INFO gasp subsetting not needed
INFO FFTM NOT subset; don't know how to subset
DEBUG Took 0.000s to subset 'MATH'
INFO MATH subsetted
DEBUG Reading 'GDEF' table from disk
DEBUG Decompiling 'GDEF' table
DEBUG Took 0.003s to subset 'GDEF'
INFO GDEF subsetted
INFO name subsetting not needed
DEBUG Took 0.004s to subset 'glyf'
INFO glyf subsetted
DEBUG Took 0.000s to subset GlyphOrder
DEBUG Took 0.000s to prune 'head'
INFO head pruned
DEBUG Reading 'OS/2' table from disk
DEBUG Decompiling 'OS/2' table
INFO OS/2 Unicode ranges pruned: [0, 1, 2, 62]
INFO OS/2 CodePage ranges pruned: [0]
DEBUG Took 0.002s to prune 'glyf'
INFO glyf pruned
DEBUG Took 0.000s to prune 'GDEF'
INFO GDEF pruned
DEBUG Reading 'name' table from disk
DEBUG Decompiling 'name' table
DEBUG Reading 'gasp' table from disk
DEBUG Decompiling 'gasp' table
DEBUG Reading 'FFTM' table from disk
DEBUG Decompiling 'FFTM' table
DEBUG Took 0.002s to prune 'name'
INFO name pruned
[DEBUG 2026-07-23 14:59:35] PDF generation finished.
[DEBUG 2026-07-23 14:59:35] SMTP Configuration: Host=mail.magyarmedia.com, Port=465, User=iroda@magyarmedia.com, TLS=True
[DEBUG 2026-07-23 14:59:35] Connecting to SMTP server...
[DEBUG 2026-07-23 14:59:35] Logging in (SSL)...
[DEBUG 2026-07-23 14:59:35] Sending message...
[DEBUG 2026-07-23 14:59:35] SMTP send clean success.
[DEBUG 2026-07-23 14:59:35] Checking IMAP...
[DEBUG 2026-07-23 14:59:35] Connecting to IMAP mail.magyarmedia.com
/home/ceze/pixisys/pixinvoice/invoice_app/venv/lib/python3.11/site-packages/rest_framework/pagination.py:200: UnorderedObjectListWarning: Pagination may yield inconsistent results with an unordered object_list: <class 'invoices.models.CompanyEmailSettings'> QuerySet.
  paginator = self.django_paginator_class(queryset, page_size)
[DEBUG 2026-07-23 15:00:01] send_email called for pk=e7e7bd67-5f79-43b5-b2fd-2c286a095589
DEBUG: Invoice fetched: CZHUF2026000242
[DEBUG 2026-07-23 15:00:01] Starting PDF generation...
WARNING Ignored `word-break: break-word` at 133:13, invalid value.
WARNING Ignored `word-break: break-word` at 145:13, invalid value.
WARNING Ignored `word-break: break-word` at 183:48, invalid value.
DEBUG Reading 'maxp' table from disk
DEBUG Decompiling 'maxp' table
DEBUG Took 0.001s to load 'maxp'
DEBUG Took 0.000s to prune 'maxp'
INFO maxp pruned
DEBUG Reading 'cmap' table from disk
DEBUG Decompiling 'cmap' table
DEBUG Reading 'post' table from disk
DEBUG Decompiling 'post' table
DEBUG Took 0.012s to load 'cmap'
DEBUG Took 0.000s to prune 'cmap'
INFO cmap pruned
INFO fpgm dropped
INFO prep dropped
INFO cvt  dropped
INFO kern dropped
DEBUG Took 0.000s to load 'post'
DEBUG Took 0.000s to prune 'post'
INFO post pruned
INFO GPOS dropped
INFO GSUB dropped
DEBUG Reading 'glyf' table from disk
DEBUG Decompiling 'glyf' table
DEBUG Reading 'loca' table from disk
DEBUG Decompiling 'loca' table
DEBUG Reading 'head' table from disk
DEBUG Decompiling 'head' table
DEBUG Took 0.009s to load 'glyf'
DEBUG Took 0.000s to prune 'glyf'
INFO glyf pruned
DEBUG Took 0.001s to close glyph list over 'cmap'
INFO Added gid0 to subset
INFO Closing glyph list over 'glyf': 63 glyphs before
INFO Glyph names: ['.notdef', 'A', 'Aacute', 'B', 'C', 'D', 'E', 'Eacute', 'F', 'G', 'H', 'I', 'K', 'L', 'M', 'N', 'Odieresis', 'Ohungarumlaut', 'R', 'S', 'T', 'U', 'Uhungarumlaut', 'V', 'Y', 'Z', 'a', 'aacute', 'colon', 'd', 'e', 'eacute', 'eight', 'f', 'four', 'g', 'hyphen', 'j', 'k', 'l', 'm', 'n', 'nine', 'oacute', 'odieresis', 'ohungarumlaut', 'one', 'parenleft', 'parenright', 'period', 'r', 's', 'seven', 'six', 'space', 't', 'three', 'two', 'u', 'v', 'y', 'z', 'zero']
INFO Glyph IDs:   [0, 3, 11, 12, 16, 17, 19, 20, 21, 22, 23, 25, 26, 27, 28, 29, 36, 37, 38, 39, 40, 41, 42, 43, 44, 46, 47, 48, 49, 53, 54, 55, 56, 57, 60, 61, 68, 71, 72, 73, 74, 77, 78, 79, 80, 81, 85, 86, 87, 88, 89, 92, 93, 131, 139, 152, 163, 171, 181, 184, 274, 275, 306]
INFO Closed glyph list over 'glyf': 71 glyphs after
INFO Glyph names: ['.notdef', 'A', 'Aacute', 'Acute', 'B', 'C', 'D', 'Dieresis', 'E', 'Eacute', 'F', 'G', 'H', 'Hungarumlaut', 'I', 'K', 'L', 'M', 'N', 'O', 'Odieresis', 'Ohungarumlaut', 'R', 'S', 'T', 'U', 'Uhungarumlaut', 'V', 'Y', 'Z', 'a', 'aacute', 'acute', 'colon', 'd', 'dieresis', 'e', 'eacute', 'eight', 'f', 'four', 'g', 'hungarumlaut', 'hyphen', 'j', 'k', 'l', 'm', 'n', 'nine', 'o', 'oacute', 'odieresis', 'ohungarumlaut', 'one', 'parenleft', 'parenright', 'period', 'r', 's', 'seven', 'six', 'space', 't', 'three', 'two', 'u', 'v', 'y', 'z', 'zero']
INFO Glyph IDs:   [0, 3, 11, 12, 16, 17, 19, 20, 21, 22, 23, 25, 26, 27, 28, 29, 36, 37, 38, 39, 40, 41, 42, 43, 44, 46, 47, 48, 49, 50, 53, 54, 55, 56, 57, 60, 61, 68, 71, 72, 73, 74, 77, 78, 79, 80, 81, 82, 85, 86, 87, 88, 89, 92, 93, 106, 118, 131, 139, 152, 163, 171, 181, 184, 274, 275, 306, 671, 5902, 5903, 5910]
DEBUG Took 0.002s to close glyph list over 'glyf'
INFO Retaining 71 glyphs
INFO head subsetting not needed
INFO hhea subsetting not needed
INFO maxp subsetting not needed
INFO OS/2 subsetting not needed
DEBUG Reading 'hmtx' table from disk
DEBUG Decompiling 'hmtx' table
DEBUG Reading 'hhea' table from disk
DEBUG Decompiling 'hhea' table
DEBUG Took 0.006s to subset 'hmtx'
INFO hmtx subsetted
DEBUG Took 0.002s to subset 'cmap'
INFO cmap subsetted
INFO loca subsetting not needed
DEBUG Took 0.000s to subset 'post'
INFO post subsetted
INFO gasp subsetting not needed
INFO FFTM NOT subset; don't know how to subset
DEBUG Reading 'GDEF' table from disk
DEBUG Decompiling 'GDEF' table
DEBUG Took 0.003s to subset 'GDEF'
INFO GDEF subsetted
INFO name subsetting not needed
DEBUG Took 0.003s to subset 'glyf'
INFO glyf subsetted
DEBUG Took 0.000s to subset GlyphOrder
DEBUG Took 0.000s to prune 'head'
INFO head pruned
DEBUG Reading 'OS/2' table from disk
DEBUG Decompiling 'OS/2' table
INFO OS/2 Unicode ranges pruned: [0, 1, 2]
INFO OS/2 CodePage ranges pruned: [0]
DEBUG Took 0.002s to prune 'glyf'
INFO glyf pruned
DEBUG Took 0.000s to prune 'GDEF'
INFO GDEF pruned
DEBUG Reading 'name' table from disk
DEBUG Decompiling 'name' table
DEBUG Reading 'gasp' table from disk
DEBUG Decompiling 'gasp' table
DEBUG Reading 'FFTM' table from disk
DEBUG Decompiling 'FFTM' table
DEBUG Took 0.002s to prune 'name'
INFO name pruned
DEBUG Reading 'maxp' table from disk
DEBUG Decompiling 'maxp' table
DEBUG Took 0.001s to load 'maxp'
DEBUG Took 0.000s to prune 'maxp'
INFO maxp pruned
DEBUG Reading 'cmap' table from disk
DEBUG Decompiling 'cmap' table
DEBUG Reading 'post' table from disk
DEBUG Decompiling 'post' table
DEBUG Took 0.011s to load 'cmap'
DEBUG Took 0.000s to prune 'cmap'
INFO cmap pruned
INFO fpgm dropped
INFO prep dropped
INFO cvt  dropped
INFO kern dropped
DEBUG Took 0.000s to load 'post'
DEBUG Took 0.000s to prune 'post'
INFO post pruned
INFO GPOS dropped
INFO GSUB dropped
DEBUG Reading 'glyf' table from disk
DEBUG Decompiling 'glyf' table
DEBUG Reading 'loca' table from disk
DEBUG Decompiling 'loca' table
DEBUG Reading 'head' table from disk
DEBUG Decompiling 'head' table
DEBUG Took 0.008s to load 'glyf'
DEBUG Took 0.000s to prune 'glyf'
INFO glyf pruned
DEBUG Took 0.001s to close glyph list over 'cmap'
INFO Added gid0 to subset
INFO Closing glyph list over 'MATH': 79 glyphs before
INFO Glyph names: ['.notdef', 'A', 'Aacute', 'B', 'C', 'D', 'E', 'F', 'H', 'I', 'J', 'K', 'M', 'N', 'O', 'P', 'R', 'S', 'T', 'U', 'Uacute', 'V', 'X', 'Y', 'a', 'aacute', 'at', 'b', 'c', 'colon', 'comma', 'd', 'e', 'eacute', 'eight', 'exclam', 'f', 'fi', 'five', 'four', 'g', 'h', 'hyphen', 'i', 'iacute', 'j', 'k', 'l', 'm', 'n', 'nine', 'o', 'oacute', 'odieresis', 'ohungarumlaut', 'one', 'p', 'parenleft', 'parenright', 'percent', 'period', 'plus', 'r', 's', 'seven', 'six', 'slash', 'space', 't', 'three', 'two', 'u', 'uacute', 'udieresis', 'v', 'x', 'y', 'z', 'zero']
INFO Glyph IDs:   [0, 3, 4, 8, 11, 12, 14, 15, 16, 17, 18, 19, 20, 21, 22, 23, 24, 25, 26, 27, 28, 29, 35, 36, 37, 38, 39, 40, 41, 43, 44, 45, 46, 48, 49, 50, 51, 53, 54, 55, 56, 57, 59, 60, 68, 69, 70, 71, 72, 73, 74, 75, 76, 77, 78, 79, 80, 81, 82, 83, 85, 86, 87, 88, 89, 91, 92, 93, 131, 156, 163, 171, 175, 181, 184, 188, 190, 275, 5042]
DEBUG Reading 'MATH' table from disk
DEBUG Decompiling 'MATH' table
INFO Closed glyph list over 'MATH': 85 glyphs after
INFO Glyph names: ['.notdef', 'A', 'Aacute', 'B', 'C', 'D', 'E', 'F', 'H', 'I', 'J', 'K', 'M', 'N', 'O', 'P', 'R', 'S', 'T', 'U', 'Uacute', 'V', 'X', 'Y', 'a', 'aacute', 'at', 'b', 'c', 'colon', 'comma', 'd', 'e', 'eacute', 'eight', 'exclam', 'f', 'fi', 'five', 'four', 'g', 'h', 'hyphen', 'i', 'iacute', 'j', 'k', 'l', 'm', 'n', 'nine', 'o', 'oacute', 'odieresis', 'ohungarumlaut', 'one', 'p', 'parenleft', 'parenright', 'percent', 'period', 'plus', 'r', 's', 'seven', 'six', 'slash', 'space', 't', 'three', 'two', 'u', 'uacute', 'udieresis', 'uni239B', 'uni239C', 'uni239D', 'uni239E', 'uni239F', 'uni23A0', 'v', 'x', 'y', 'z', 'zero']
INFO Glyph IDs:   [0, 3, 4, 8, 11, 12, 14, 15, 16, 17, 18, 19, 20, 21, 22, 23, 24, 25, 26, 27, 28, 29, 35, 36, 37, 38, 39, 40, 41, 43, 44, 45, 46, 48, 49, 50, 51, 53, 54, 55, 56, 57, 59, 60, 68, 69, 70, 71, 72, 73, 74, 75, 76, 77, 78, 79, 80, 81, 82, 83, 85, 86, 87, 88, 89, 91, 92, 93, 131, 156, 163, 171, 175, 181, 184, 188, 190, 275, 3507, 3508, 3509, 3510, 3511, 3512, 5042]
DEBUG Took 0.006s to close glyph list over 'MATH'
INFO Closing glyph list over 'glyf': 85 glyphs before
INFO Glyph names: ['.notdef', 'A', 'Aacute', 'B', 'C', 'D', 'E', 'F', 'H', 'I', 'J', 'K', 'M', 'N', 'O', 'P', 'R', 'S', 'T', 'U', 'Uacute', 'V', 'X', 'Y', 'a', 'aacute', 'at', 'b', 'c', 'colon', 'comma', 'd', 'e', 'eacute', 'eight', 'exclam', 'f', 'fi', 'five', 'four', 'g', 'h', 'hyphen', 'i', 'iacute', 'j', 'k', 'l', 'm', 'n', 'nine', 'o', 'oacute', 'odieresis', 'ohungarumlaut', 'one', 'p', 'parenleft', 'parenright', 'percent', 'period', 'plus', 'r', 's', 'seven', 'six', 'slash', 'space', 't', 'three', 'two', 'u', 'uacute', 'udieresis', 'uni239B', 'uni239C', 'uni239D', 'uni239E', 'uni239F', 'uni23A0', 'v', 'x', 'y', 'z', 'zero']
INFO Glyph IDs:   [0, 3, 4, 8, 11, 12, 14, 15, 16, 17, 18, 19, 20, 21, 22, 23, 24, 25, 26, 27, 28, 29, 35, 36, 37, 38, 39, 40, 41, 43, 44, 45, 46, 48, 49, 50, 51, 53, 54, 55, 56, 57, 59, 60, 68, 69, 70, 71, 72, 73, 74, 75, 76, 77, 78, 79, 80, 81, 82, 83, 85, 86, 87, 88, 89, 91, 92, 93, 131, 156, 163, 171, 175, 181, 184, 188, 190, 275, 3507, 3508, 3509, 3510, 3511, 3512, 5042]
INFO Closed glyph list over 'glyf': 90 glyphs after
INFO Glyph names: ['.notdef', 'A', 'Aacute', 'Acute', 'B', 'C', 'D', 'E', 'F', 'H', 'I', 'J', 'K', 'M', 'N', 'O', 'P', 'R', 'S', 'T', 'U', 'Uacute', 'V', 'X', 'Y', 'a', 'aacute', 'acute', 'at', 'b', 'c', 'colon', 'comma', 'd', 'dieresis', 'dotlessi', 'e', 'eacute', 'eight', 'exclam', 'f', 'fi', 'five', 'four', 'g', 'h', 'hungarumlaut', 'hyphen', 'i', 'iacute', 'j', 'k', 'l', 'm', 'n', 'nine', 'o', 'oacute', 'odieresis', 'ohungarumlaut', 'one', 'p', 'parenleft', 'parenright', 'percent', 'period', 'plus', 'r', 's', 'seven', 'six', 'slash', 'space', 't', 'three', 'two', 'u', 'uacute', 'udieresis', 'uni239B', 'uni239C', 'uni239D', 'uni239E', 'uni239F', 'uni23A0', 'v', 'x', 'y', 'z', 'zero']
INFO Glyph IDs:   [0, 3, 4, 8, 11, 12, 14, 15, 16, 17, 18, 19, 20, 21, 22, 23, 24, 25, 26, 27, 28, 29, 35, 36, 37, 38, 39, 40, 41, 43, 44, 45, 46, 48, 49, 50, 51, 53, 54, 55, 56, 57, 59, 60, 68, 69, 70, 71, 72, 73, 74, 75, 76, 77, 78, 79, 80, 81, 82, 83, 85, 86, 87, 88, 89, 91, 92, 93, 106, 118, 131, 156, 163, 171, 175, 181, 184, 188, 190, 243, 275, 671, 3507, 3508, 3509, 3510, 3511, 3512, 5042, 5923]
DEBUG Took 0.002s to close glyph list over 'glyf'
INFO Retaining 90 glyphs
INFO head subsetting not needed
INFO hhea subsetting not needed
INFO maxp subsetting not needed
INFO OS/2 subsetting not needed
DEBUG Reading 'hmtx' table from disk
DEBUG Decompiling 'hmtx' table
DEBUG Reading 'hhea' table from disk
DEBUG Decompiling 'hhea' table
DEBUG Took 0.005s to subset 'hmtx'
INFO hmtx subsetted
DEBUG Took 0.002s to subset 'cmap'
INFO cmap subsetted
INFO loca subsetting not needed
DEBUG Took 0.000s to subset 'post'
INFO post subsetted
INFO gasp subsetting not needed
INFO FFTM NOT subset; don't know how to subset
DEBUG Took 0.000s to subset 'MATH'
INFO MATH subsetted
DEBUG Reading 'GDEF' table from disk
DEBUG Decompiling 'GDEF' table
DEBUG Took 0.003s to subset 'GDEF'
INFO GDEF subsetted
INFO name subsetting not needed
DEBUG Took 0.004s to subset 'glyf'
INFO glyf subsetted
DEBUG Took 0.000s to subset GlyphOrder
DEBUG Took 0.000s to prune 'head'
INFO head pruned
DEBUG Reading 'OS/2' table from disk
DEBUG Decompiling 'OS/2' table
INFO OS/2 Unicode ranges pruned: [0, 1, 2, 62]
INFO OS/2 CodePage ranges pruned: [0]
DEBUG Took 0.002s to prune 'glyf'
INFO glyf pruned
DEBUG Took 0.000s to prune 'GDEF'
INFO GDEF pruned
DEBUG Reading 'name' table from disk
DEBUG Decompiling 'name' table
DEBUG Reading 'gasp' table from disk
DEBUG Decompiling 'gasp' table
DEBUG Reading 'FFTM' table from disk
DEBUG Decompiling 'FFTM' table
DEBUG Took 0.002s to prune 'name'
INFO name pruned
[DEBUG 2026-07-23 15:00:02] PDF generation finished.
[DEBUG 2026-07-23 15:00:02] SMTP Configuration: Host=mail.magyarmedia.com, Port=465, User=iroda@magyarmedia.com, TLS=True
[DEBUG 2026-07-23 15:00:02] Connecting to SMTP server...
[DEBUG 2026-07-23 15:00:02] Logging in (SSL)...
[DEBUG 2026-07-23 15:00:02] Sending message...
[DEBUG 2026-07-23 15:00:02] SMTP send clean success.
[DEBUG 2026-07-23 15:00:02] Checking IMAP...
[DEBUG 2026-07-23 15:00:02] Connecting to IMAP mail.magyarmedia.com
WARNING Ignored `word-break: break-word` at 133:13, invalid value.
WARNING Ignored `word-break: break-word` at 145:13, invalid value.
WARNING Ignored `word-break: break-word` at 183:48, invalid value.
DEBUG Reading 'maxp' table from disk
DEBUG Decompiling 'maxp' table
DEBUG Took 0.001s to load 'maxp'
DEBUG Took 0.000s to prune 'maxp'
INFO maxp pruned
DEBUG Reading 'cmap' table from disk
DEBUG Decompiling 'cmap' table
DEBUG Reading 'post' table from disk
DEBUG Decompiling 'post' table
DEBUG Took 0.011s to load 'cmap'
DEBUG Took 0.000s to prune 'cmap'
INFO cmap pruned
INFO fpgm dropped
INFO prep dropped
INFO cvt  dropped
INFO kern dropped
DEBUG Took 0.000s to load 'post'
DEBUG Took 0.000s to prune 'post'
INFO post pruned
INFO GPOS dropped
INFO GSUB dropped
DEBUG Reading 'glyf' table from disk
DEBUG Decompiling 'glyf' table
DEBUG Reading 'loca' table from disk
DEBUG Decompiling 'loca' table
DEBUG Reading 'head' table from disk
DEBUG Decompiling 'head' table
DEBUG Took 0.008s to load 'glyf'
DEBUG Took 0.000s to prune 'glyf'
INFO glyf pruned
DEBUG Took 0.001s to close glyph list over 'cmap'
INFO Added gid0 to subset
INFO Closing glyph list over 'glyf': 66 glyphs before
INFO Glyph names: ['.notdef', 'A', 'Aacute', 'B', 'C', 'D', 'E', 'Eacute', 'F', 'G', 'H', 'I', 'K', 'L', 'M', 'N', 'O', 'Oacute', 'Odieresis', 'Ohungarumlaut', 'R', 'S', 'T', 'U', 'Uhungarumlaut', 'V', 'W', 'Y', 'Z', 'a', 'aacute', 'colon', 'd', 'e', 'eacute', 'eight', 'f', 'five', 'four', 'g', 'hyphen', 'j', 'k', 'l', 'm', 'n', 'nine', 'oacute', 'odieresis', 'ohungarumlaut', 'one', 'parenleft', 'parenright', 'period', 'r', 's', 'six', 'space', 't', 'three', 'two', 'u', 'v', 'y', 'z', 'zero']
INFO Glyph IDs:   [0, 3, 11, 12, 16, 17, 19, 20, 21, 22, 23, 24, 25, 27, 28, 29, 36, 37, 38, 39, 40, 41, 42, 43, 44, 46, 47, 48, 49, 50, 53, 54, 55, 56, 57, 58, 60, 61, 68, 71, 72, 73, 74, 77, 78, 79, 80, 81, 85, 86, 87, 88, 89, 92, 93, 131, 139, 149, 152, 163, 171, 181, 184, 274, 275, 306]
INFO Closed glyph list over 'glyf': 73 glyphs after
INFO Glyph names: ['.notdef', 'A', 'Aacute', 'Acute', 'B', 'C', 'D', 'Dieresis', 'E', 'Eacute', 'F', 'G', 'H', 'Hungarumlaut', 'I', 'K', 'L', 'M', 'N', 'O', 'Oacute', 'Odieresis', 'Ohungarumlaut', 'R', 'S', 'T', 'U', 'Uhungarumlaut', 'V', 'W', 'Y', 'Z', 'a', 'aacute', 'acute', 'colon', 'd', 'dieresis', 'e', 'eacute', 'eight', 'f', 'five', 'four', 'g', 'hungarumlaut', 'hyphen', 'j', 'k', 'l', 'm', 'n', 'nine', 'o', 'oacute', 'odieresis', 'ohungarumlaut', 'one', 'parenleft', 'parenright', 'period', 'r', 's', 'six', 'space', 't', 'three', 'two', 'u', 'v', 'y', 'z', 'zero']
INFO Glyph IDs:   [0, 3, 11, 12, 16, 17, 19, 20, 21, 22, 23, 24, 25, 27, 28, 29, 36, 37, 38, 39, 40, 41, 42, 43, 44, 46, 47, 48, 49, 50, 53, 54, 55, 56, 57, 58, 60, 61, 68, 71, 72, 73, 74, 77, 78, 79, 80, 81, 82, 85, 86, 87, 88, 89, 92, 93, 106, 118, 131, 139, 149, 152, 163, 171, 181, 184, 274, 275, 306, 671, 5902, 5903, 5910]
DEBUG Took 0.002s to close glyph list over 'glyf'
INFO Retaining 73 glyphs
INFO head subsetting not needed
INFO hhea subsetting not needed
INFO maxp subsetting not needed
INFO OS/2 subsetting not needed
DEBUG Reading 'hmtx' table from disk
DEBUG Decompiling 'hmtx' table
DEBUG Reading 'hhea' table from disk
DEBUG Decompiling 'hhea' table
DEBUG Took 0.006s to subset 'hmtx'
INFO hmtx subsetted
DEBUG Took 0.002s to subset 'cmap'
INFO cmap subsetted
INFO loca subsetting not needed
DEBUG Took 0.000s to subset 'post'
INFO post subsetted
INFO gasp subsetting not needed
INFO FFTM NOT subset; don't know how to subset
DEBUG Reading 'GDEF' table from disk
DEBUG Decompiling 'GDEF' table
DEBUG Took 0.003s to subset 'GDEF'
INFO GDEF subsetted
INFO name subsetting not needed
DEBUG Took 0.003s to subset 'glyf'
INFO glyf subsetted
DEBUG Took 0.000s to subset GlyphOrder
DEBUG Took 0.000s to prune 'head'
INFO head pruned
DEBUG Reading 'OS/2' table from disk
DEBUG Decompiling 'OS/2' table
INFO OS/2 Unicode ranges pruned: [0, 1, 2]
INFO OS/2 CodePage ranges pruned: [0]
DEBUG Took 0.002s to prune 'glyf'
INFO glyf pruned
DEBUG Took 0.000s to prune 'GDEF'
INFO GDEF pruned
DEBUG Reading 'name' table from disk
DEBUG Decompiling 'name' table
DEBUG Reading 'gasp' table from disk
DEBUG Decompiling 'gasp' table
DEBUG Reading 'FFTM' table from disk
DEBUG Decompiling 'FFTM' table
DEBUG Took 0.002s to prune 'name'
INFO name pruned
DEBUG Reading 'maxp' table from disk
DEBUG Decompiling 'maxp' table
DEBUG Took 0.001s to load 'maxp'
DEBUG Took 0.000s to prune 'maxp'
INFO maxp pruned
DEBUG Reading 'cmap' table from disk
DEBUG Decompiling 'cmap' table
DEBUG Reading 'post' table from disk
DEBUG Decompiling 'post' table
DEBUG Took 0.021s to load 'cmap'
DEBUG Took 0.000s to prune 'cmap'
INFO cmap pruned
INFO fpgm dropped
INFO prep dropped
INFO cvt  dropped
INFO kern dropped
DEBUG Took 0.000s to load 'post'
DEBUG Took 0.000s to prune 'post'
INFO post pruned
INFO GPOS dropped
INFO GSUB dropped
DEBUG Reading 'glyf' table from disk
DEBUG Decompiling 'glyf' table
DEBUG Reading 'loca' table from disk
DEBUG Decompiling 'loca' table
DEBUG Reading 'head' table from disk
DEBUG Decompiling 'head' table
DEBUG Took 0.014s to load 'glyf'
DEBUG Took 0.000s to prune 'glyf'
INFO glyf pruned
DEBUG Took 0.002s to close glyph list over 'cmap'
INFO Added gid0 to subset
INFO Closing glyph list over 'MATH': 83 glyphs before
INFO Glyph names: ['.notdef', 'A', 'Aacute', 'B', 'C', 'D', 'E', 'F', 'G', 'H', 'I', 'J', 'K', 'M', 'N', 'O', 'P', 'Q', 'R', 'S', 'T', 'U', 'Uacute', 'V', 'X', 'Z', 'a', 'aacute', 'at', 'b', 'c', 'colon', 'comma', 'd', 'e', 'eacute', 'eight', 'exclam', 'f', 'fi', 'five', 'four', 'g', 'h', 'hyphen', 'i', 'iacute', 'j', 'k', 'l', 'm', 'n', 'nine', 'o', 'oacute', 'odieresis', 'ohungarumlaut', 'one', 'p', 'parenleft', 'parenright', 'percent', 'period', 'plus', 'r', 's', 'seven', 'six', 'slash', 'space', 't', 'three', 'two', 'u', 'uacute', 'udieresis', 'underscore', 'v', 'w', 'x', 'y', 'z', 'zero']
INFO Glyph IDs:   [0, 3, 4, 8, 11, 12, 14, 15, 16, 17, 18, 19, 20, 21, 22, 23, 24, 25, 26, 27, 28, 29, 35, 36, 37, 38, 39, 40, 41, 42, 43, 44, 45, 46, 48, 49, 50, 51, 52, 53, 54, 55, 56, 57, 59, 61, 66, 68, 69, 70, 71, 72, 73, 74, 75, 76, 77, 78, 79, 80, 81, 82, 83, 85, 86, 87, 88, 89, 90, 91, 92, 93, 131, 156, 163, 171, 175, 181, 184, 188, 190, 275, 5042]
DEBUG Reading 'MATH' table from disk
DEBUG Decompiling 'MATH' table
INFO Closed glyph list over 'MATH': 89 glyphs after
INFO Glyph names: ['.notdef', 'A', 'Aacute', 'B', 'C', 'D', 'E', 'F', 'G', 'H', 'I', 'J', 'K', 'M', 'N', 'O', 'P', 'Q', 'R', 'S', 'T', 'U', 'Uacute', 'V', 'X', 'Z', 'a', 'aacute', 'at', 'b', 'c', 'colon', 'comma', 'd', 'e', 'eacute', 'eight', 'exclam', 'f', 'fi', 'five', 'four', 'g', 'h', 'hyphen', 'i', 'iacute', 'j', 'k', 'l', 'm', 'n', 'nine', 'o', 'oacute', 'odieresis', 'ohungarumlaut', 'one', 'p', 'parenleft', 'parenright', 'percent', 'period', 'plus', 'r', 's', 'seven', 'six', 'slash', 'space', 't', 'three', 'two', 'u', 'uacute', 'udieresis', 'underscore', 'uni239B', 'uni239C', 'uni239D', 'uni239E', 'uni239F', 'uni23A0', 'v', 'w', 'x', 'y', 'z', 'zero']
INFO Glyph IDs:   [0, 3, 4, 8, 11, 12, 14, 15, 16, 17, 18, 19, 20, 21, 22, 23, 24, 25, 26, 27, 28, 29, 35, 36, 37, 38, 39, 40, 41, 42, 43, 44, 45, 46, 48, 49, 50, 51, 52, 53, 54, 55, 56, 57, 59, 61, 66, 68, 69, 70, 71, 72, 73, 74, 75, 76, 77, 78, 79, 80, 81, 82, 83, 85, 86, 87, 88, 89, 90, 91, 92, 93, 131, 156, 163, 171, 175, 181, 184, 188, 190, 275, 3507, 3508, 3509, 3510, 3511, 3512, 5042]
DEBUG Took 0.011s to close glyph list over 'MATH'
INFO Closing glyph list over 'glyf': 89 glyphs before
INFO Glyph names: ['.notdef', 'A', 'Aacute', 'B', 'C', 'D', 'E', 'F', 'G', 'H', 'I', 'J', 'K', 'M', 'N', 'O', 'P', 'Q', 'R', 'S', 'T', 'U', 'Uacute', 'V', 'X', 'Z', 'a', 'aacute', 'at', 'b', 'c', 'colon', 'comma', 'd', 'e', 'eacute', 'eight', 'exclam', 'f', 'fi', 'five', 'four', 'g', 'h', 'hyphen', 'i', 'iacute', 'j', 'k', 'l', 'm', 'n', 'nine', 'o', 'oacute', 'odieresis', 'ohungarumlaut', 'one', 'p', 'parenleft', 'parenright', 'percent', 'period', 'plus', 'r', 's', 'seven', 'six', 'slash', 'space', 't', 'three', 'two', 'u', 'uacute', 'udieresis', 'underscore', 'uni239B', 'uni239C', 'uni239D', 'uni239E', 'uni239F', 'uni23A0', 'v', 'w', 'x', 'y', 'z', 'zero']
INFO Glyph IDs:   [0, 3, 4, 8, 11, 12, 14, 15, 16, 17, 18, 19, 20, 21, 22, 23, 24, 25, 26, 27, 28, 29, 35, 36, 37, 38, 39, 40, 41, 42, 43, 44, 45, 46, 48, 49, 50, 51, 52, 53, 54, 55, 56, 57, 59, 61, 66, 68, 69, 70, 71, 72, 73, 74, 75, 76, 77, 78, 79, 80, 81, 82, 83, 85, 86, 87, 88, 89, 90, 91, 92, 93, 131, 156, 163, 171, 175, 181, 184, 188, 190, 275, 3507, 3508, 3509, 3510, 3511, 3512, 5042]
INFO Closed glyph list over 'glyf': 94 glyphs after
INFO Glyph names: ['.notdef', 'A', 'Aacute', 'Acute', 'B', 'C', 'D', 'E', 'F', 'G', 'H', 'I', 'J', 'K', 'M', 'N', 'O', 'P', 'Q', 'R', 'S', 'T', 'U', 'Uacute', 'V', 'X', 'Z', 'a', 'aacute', 'acute', 'at', 'b', 'c', 'colon', 'comma', 'd', 'dieresis', 'dotlessi', 'e', 'eacute', 'eight', 'exclam', 'f', 'fi', 'five', 'four', 'g', 'h', 'hungarumlaut', 'hyphen', 'i', 'iacute', 'j', 'k', 'l', 'm', 'n', 'nine', 'o', 'oacute', 'odieresis', 'ohungarumlaut', 'one', 'p', 'parenleft', 'parenright', 'percent', 'period', 'plus', 'r', 's', 'seven', 'six', 'slash', 'space', 't', 'three', 'two', 'u', 'uacute', 'udieresis', 'underscore', 'uni239B', 'uni239C', 'uni239D', 'uni239E', 'uni239F', 'uni23A0', 'v', 'w', 'x', 'y', 'z', 'zero']
INFO Glyph IDs:   [0, 3, 4, 8, 11, 12, 14, 15, 16, 17, 18, 19, 20, 21, 22, 23, 24, 25, 26, 27, 28, 29, 35, 36, 37, 38, 39, 40, 41, 42, 43, 44, 45, 46, 48, 49, 50, 51, 52, 53, 54, 55, 56, 57, 59, 61, 66, 68, 69, 70, 71, 72, 73, 74, 75, 76, 77, 78, 79, 80, 81, 82, 83, 85, 86, 87, 88, 89, 90, 91, 92, 93, 106, 118, 131, 156, 163, 171, 175, 181, 184, 188, 190, 243, 275, 671, 3507, 3508, 3509, 3510, 3511, 3512, 5042, 5923]
DEBUG Took 0.004s to close glyph list over 'glyf'
INFO Retaining 94 glyphs
INFO head subsetting not needed
INFO hhea subsetting not needed
INFO maxp subsetting not needed
INFO OS/2 subsetting not needed
DEBUG Reading 'hmtx' table from disk
DEBUG Decompiling 'hmtx' table
DEBUG Reading 'hhea' table from disk
DEBUG Decompiling 'hhea' table
DEBUG Took 0.010s to subset 'hmtx'
INFO hmtx subsetted
DEBUG Took 0.004s to subset 'cmap'
INFO cmap subsetted
INFO loca subsetting not needed
DEBUG Took 0.000s to subset 'post'
INFO post subsetted
INFO gasp subsetting not needed
INFO FFTM NOT subset; don't know how to subset
DEBUG Took 0.000s to subset 'MATH'
INFO MATH subsetted
DEBUG Reading 'GDEF' table from disk
DEBUG Decompiling 'GDEF' table
DEBUG Took 0.003s to subset 'GDEF'
INFO GDEF subsetted
INFO name subsetting not needed
DEBUG Took 0.004s to subset 'glyf'
INFO glyf subsetted
DEBUG Took 0.000s to subset GlyphOrder
DEBUG Took 0.000s to prune 'head'
INFO head pruned
DEBUG Reading 'OS/2' table from disk
DEBUG Decompiling 'OS/2' table
INFO OS/2 Unicode ranges pruned: [0, 1, 2, 62]
INFO OS/2 CodePage ranges pruned: [0]
DEBUG Took 0.002s to prune 'glyf'
INFO glyf pruned
DEBUG Took 0.000s to prune 'GDEF'
INFO GDEF pruned
DEBUG Reading 'name' table from disk
DEBUG Decompiling 'name' table
DEBUG Reading 'gasp' table from disk
DEBUG Decompiling 'gasp' table
DEBUG Reading 'FFTM' table from disk
DEBUG Decompiling 'FFTM' table
DEBUG Took 0.002s to prune 'name'
INFO name pruned
[DEBUG 2026-07-23 15:04:38] send_email called for pk=e999088d-6ec5-4bef-9a02-0133c54ef58c
DEBUG: Invoice fetched: CZHUF2026000243
[DEBUG 2026-07-23 15:04:38] Starting PDF generation...
WARNING Ignored `word-break: break-word` at 133:13, invalid value.
WARNING Ignored `word-break: break-word` at 145:13, invalid value.
WARNING Ignored `word-break: break-word` at 183:48, invalid value.
DEBUG Reading 'maxp' table from disk
DEBUG Decompiling 'maxp' table
DEBUG Took 0.001s to load 'maxp'
DEBUG Took 0.000s to prune 'maxp'
INFO maxp pruned
DEBUG Reading 'cmap' table from disk
DEBUG Decompiling 'cmap' table
DEBUG Reading 'post' table from disk
DEBUG Decompiling 'post' table
DEBUG Took 0.011s to load 'cmap'
DEBUG Took 0.000s to prune 'cmap'
INFO cmap pruned
INFO fpgm dropped
INFO prep dropped
INFO cvt  dropped
INFO kern dropped
DEBUG Took 0.000s to load 'post'
DEBUG Took 0.000s to prune 'post'
INFO post pruned
INFO GPOS dropped
INFO GSUB dropped
DEBUG Reading 'glyf' table from disk
DEBUG Decompiling 'glyf' table
DEBUG Reading 'loca' table from disk
DEBUG Decompiling 'loca' table
DEBUG Reading 'head' table from disk
DEBUG Decompiling 'head' table
DEBUG Took 0.007s to load 'glyf'
DEBUG Took 0.000s to prune 'glyf'
INFO glyf pruned
DEBUG Took 0.001s to close glyph list over 'cmap'
INFO Added gid0 to subset
INFO Closing glyph list over 'glyf': 66 glyphs before
INFO Glyph names: ['.notdef', 'A', 'Aacute', 'B', 'C', 'D', 'E', 'Eacute', 'F', 'G', 'H', 'I', 'K', 'L', 'M', 'N', 'O', 'Oacute', 'Odieresis', 'Ohungarumlaut', 'R', 'S', 'T', 'U', 'Uhungarumlaut', 'V', 'W', 'Y', 'Z', 'a', 'aacute', 'colon', 'd', 'e', 'eacute', 'eight', 'f', 'five', 'four', 'g', 'hyphen', 'j', 'k', 'l', 'm', 'n', 'nine', 'oacute', 'odieresis', 'ohungarumlaut', 'one', 'parenleft', 'parenright', 'period', 'r', 's', 'six', 'space', 't', 'three', 'two', 'u', 'v', 'y', 'z', 'zero']
INFO Glyph IDs:   [0, 3, 11, 12, 16, 17, 19, 20, 21, 22, 23, 24, 25, 27, 28, 29, 36, 37, 38, 39, 40, 41, 42, 43, 44, 46, 47, 48, 49, 50, 53, 54, 55, 56, 57, 58, 60, 61, 68, 71, 72, 73, 74, 77, 78, 79, 80, 81, 85, 86, 87, 88, 89, 92, 93, 131, 139, 149, 152, 163, 171, 181, 184, 274, 275, 306]
INFO Closed glyph list over 'glyf': 73 glyphs after
INFO Glyph names: ['.notdef', 'A', 'Aacute', 'Acute', 'B', 'C', 'D', 'Dieresis', 'E', 'Eacute', 'F', 'G', 'H', 'Hungarumlaut', 'I', 'K', 'L', 'M', 'N', 'O', 'Oacute', 'Odieresis', 'Ohungarumlaut', 'R', 'S', 'T', 'U', 'Uhungarumlaut', 'V', 'W', 'Y', 'Z', 'a', 'aacute', 'acute', 'colon', 'd', 'dieresis', 'e', 'eacute', 'eight', 'f', 'five', 'four', 'g', 'hungarumlaut', 'hyphen', 'j', 'k', 'l', 'm', 'n', 'nine', 'o', 'oacute', 'odieresis', 'ohungarumlaut', 'one', 'parenleft', 'parenright', 'period', 'r', 's', 'six', 'space', 't', 'three', 'two', 'u', 'v', 'y', 'z', 'zero']
INFO Glyph IDs:   [0, 3, 11, 12, 16, 17, 19, 20, 21, 22, 23, 24, 25, 27, 28, 29, 36, 37, 38, 39, 40, 41, 42, 43, 44, 46, 47, 48, 49, 50, 53, 54, 55, 56, 57, 58, 60, 61, 68, 71, 72, 73, 74, 77, 78, 79, 80, 81, 82, 85, 86, 87, 88, 89, 92, 93, 106, 118, 131, 139, 149, 152, 163, 171, 181, 184, 274, 275, 306, 671, 5902, 5903, 5910]
DEBUG Took 0.002s to close glyph list over 'glyf'
INFO Retaining 73 glyphs
INFO head subsetting not needed
INFO hhea subsetting not needed
INFO maxp subsetting not needed
INFO OS/2 subsetting not needed
DEBUG Reading 'hmtx' table from disk
DEBUG Decompiling 'hmtx' table
DEBUG Reading 'hhea' table from disk
DEBUG Decompiling 'hhea' table
DEBUG Took 0.005s to subset 'hmtx'
INFO hmtx subsetted
DEBUG Took 0.003s to subset 'cmap'
INFO cmap subsetted
INFO loca subsetting not needed
DEBUG Took 0.000s to subset 'post'
INFO post subsetted
INFO gasp subsetting not needed
INFO FFTM NOT subset; don't know how to subset
DEBUG Reading 'GDEF' table from disk
DEBUG Decompiling 'GDEF' table
DEBUG Took 0.003s to subset 'GDEF'
INFO GDEF subsetted
INFO name subsetting not needed
DEBUG Took 0.003s to subset 'glyf'
INFO glyf subsetted
DEBUG Took 0.000s to subset GlyphOrder
DEBUG Took 0.000s to prune 'head'
INFO head pruned
DEBUG Reading 'OS/2' table from disk
DEBUG Decompiling 'OS/2' table
INFO OS/2 Unicode ranges pruned: [0, 1, 2]
INFO OS/2 CodePage ranges pruned: [0]
DEBUG Took 0.002s to prune 'glyf'
INFO glyf pruned
DEBUG Took 0.000s to prune 'GDEF'
INFO GDEF pruned
DEBUG Reading 'name' table from disk
DEBUG Decompiling 'name' table
DEBUG Reading 'gasp' table from disk
DEBUG Decompiling 'gasp' table
DEBUG Reading 'FFTM' table from disk
DEBUG Decompiling 'FFTM' table
DEBUG Took 0.002s to prune 'name'
INFO name pruned
DEBUG Reading 'maxp' table from disk
DEBUG Decompiling 'maxp' table
DEBUG Took 0.001s to load 'maxp'
DEBUG Took 0.000s to prune 'maxp'
INFO maxp pruned
DEBUG Reading 'cmap' table from disk
DEBUG Decompiling 'cmap' table
DEBUG Reading 'post' table from disk
DEBUG Decompiling 'post' table
DEBUG Took 0.011s to load 'cmap'
DEBUG Took 0.000s to prune 'cmap'
INFO cmap pruned
INFO fpgm dropped
INFO prep dropped
INFO cvt  dropped
INFO kern dropped
DEBUG Took 0.000s to load 'post'
DEBUG Took 0.000s to prune 'post'
INFO post pruned
INFO GPOS dropped
INFO GSUB dropped
DEBUG Reading 'glyf' table from disk
DEBUG Decompiling 'glyf' table
DEBUG Reading 'loca' table from disk
DEBUG Decompiling 'loca' table
DEBUG Reading 'head' table from disk
DEBUG Decompiling 'head' table
DEBUG Took 0.007s to load 'glyf'
DEBUG Took 0.000s to prune 'glyf'
INFO glyf pruned
DEBUG Took 0.001s to close glyph list over 'cmap'
INFO Added gid0 to subset
INFO Closing glyph list over 'MATH': 83 glyphs before
INFO Glyph names: ['.notdef', 'A', 'Aacute', 'B', 'C', 'D', 'E', 'F', 'G', 'H', 'I', 'J', 'K', 'M', 'N', 'O', 'P', 'Q', 'R', 'S', 'T', 'U', 'Uacute', 'V', 'X', 'Z', 'a', 'aacute', 'at', 'b', 'c', 'colon', 'comma', 'd', 'e', 'eacute', 'eight', 'exclam', 'f', 'fi', 'five', 'four', 'g', 'h', 'hyphen', 'i', 'iacute', 'j', 'k', 'l', 'm', 'n', 'nine', 'o', 'oacute', 'odieresis', 'ohungarumlaut', 'one', 'p', 'parenleft', 'parenright', 'percent', 'period', 'plus', 'r', 's', 'seven', 'six', 'slash', 'space', 't', 'three', 'two', 'u', 'uacute', 'udieresis', 'underscore', 'v', 'w', 'x', 'y', 'z', 'zero']
INFO Glyph IDs:   [0, 3, 4, 8, 11, 12, 14, 15, 16, 17, 18, 19, 20, 21, 22, 23, 24, 25, 26, 27, 28, 29, 35, 36, 37, 38, 39, 40, 41, 42, 43, 44, 45, 46, 48, 49, 50, 51, 52, 53, 54, 55, 56, 57, 59, 61, 66, 68, 69, 70, 71, 72, 73, 74, 75, 76, 77, 78, 79, 80, 81, 82, 83, 85, 86, 87, 88, 89, 90, 91, 92, 93, 131, 156, 163, 171, 175, 181, 184, 188, 190, 275, 5042]
DEBUG Reading 'MATH' table from disk
DEBUG Decompiling 'MATH' table
INFO Closed glyph list over 'MATH': 89 glyphs after
INFO Glyph names: ['.notdef', 'A', 'Aacute', 'B', 'C', 'D', 'E', 'F', 'G', 'H', 'I', 'J', 'K', 'M', 'N', 'O', 'P', 'Q', 'R', 'S', 'T', 'U', 'Uacute', 'V', 'X', 'Z', 'a', 'aacute', 'at', 'b', 'c', 'colon', 'comma', 'd', 'e', 'eacute', 'eight', 'exclam', 'f', 'fi', 'five', 'four', 'g', 'h', 'hyphen', 'i', 'iacute', 'j', 'k', 'l', 'm', 'n', 'nine', 'o', 'oacute', 'odieresis', 'ohungarumlaut', 'one', 'p', 'parenleft', 'parenright', 'percent', 'period', 'plus', 'r', 's', 'seven', 'six', 'slash', 'space', 't', 'three', 'two', 'u', 'uacute', 'udieresis', 'underscore', 'uni239B', 'uni239C', 'uni239D', 'uni239E', 'uni239F', 'uni23A0', 'v', 'w', 'x', 'y', 'z', 'zero']
INFO Glyph IDs:   [0, 3, 4, 8, 11, 12, 14, 15, 16, 17, 18, 19, 20, 21, 22, 23, 24, 25, 26, 27, 28, 29, 35, 36, 37, 38, 39, 40, 41, 42, 43, 44, 45, 46, 48, 49, 50, 51, 52, 53, 54, 55, 56, 57, 59, 61, 66, 68, 69, 70, 71, 72, 73, 74, 75, 76, 77, 78, 79, 80, 81, 82, 83, 85, 86, 87, 88, 89, 90, 91, 92, 93, 131, 156, 163, 171, 175, 181, 184, 188, 190, 275, 3507, 3508, 3509, 3510, 3511, 3512, 5042]
DEBUG Took 0.006s to close glyph list over 'MATH'
INFO Closing glyph list over 'glyf': 89 glyphs before
INFO Glyph names: ['.notdef', 'A', 'Aacute', 'B', 'C', 'D', 'E', 'F', 'G', 'H', 'I', 'J', 'K', 'M', 'N', 'O', 'P', 'Q', 'R', 'S', 'T', 'U', 'Uacute', 'V', 'X', 'Z', 'a', 'aacute', 'at', 'b', 'c', 'colon', 'comma', 'd', 'e', 'eacute', 'eight', 'exclam', 'f', 'fi', 'five', 'four', 'g', 'h', 'hyphen', 'i', 'iacute', 'j', 'k', 'l', 'm', 'n', 'nine', 'o', 'oacute', 'odieresis', 'ohungarumlaut', 'one', 'p', 'parenleft', 'parenright', 'percent', 'period', 'plus', 'r', 's', 'seven', 'six', 'slash', 'space', 't', 'three', 'two', 'u', 'uacute', 'udieresis', 'underscore', 'uni239B', 'uni239C', 'uni239D', 'uni239E', 'uni239F', 'uni23A0', 'v', 'w', 'x', 'y', 'z', 'zero']
INFO Glyph IDs:   [0, 3, 4, 8, 11, 12, 14, 15, 16, 17, 18, 19, 20, 21, 22, 23, 24, 25, 26, 27, 28, 29, 35, 36, 37, 38, 39, 40, 41, 42, 43, 44, 45, 46, 48, 49, 50, 51, 52, 53, 54, 55, 56, 57, 59, 61, 66, 68, 69, 70, 71, 72, 73, 74, 75, 76, 77, 78, 79, 80, 81, 82, 83, 85, 86, 87, 88, 89, 90, 91, 92, 93, 131, 156, 163, 171, 175, 181, 184, 188, 190, 275, 3507, 3508, 3509, 3510, 3511, 3512, 5042]
INFO Closed glyph list over 'glyf': 94 glyphs after
INFO Glyph names: ['.notdef', 'A', 'Aacute', 'Acute', 'B', 'C', 'D', 'E', 'F', 'G', 'H', 'I', 'J', 'K', 'M', 'N', 'O', 'P', 'Q', 'R', 'S', 'T', 'U', 'Uacute', 'V', 'X', 'Z', 'a', 'aacute', 'acute', 'at', 'b', 'c', 'colon', 'comma', 'd', 'dieresis', 'dotlessi', 'e', 'eacute', 'eight', 'exclam', 'f', 'fi', 'five', 'four', 'g', 'h', 'hungarumlaut', 'hyphen', 'i', 'iacute', 'j', 'k', 'l', 'm', 'n', 'nine', 'o', 'oacute', 'odieresis', 'ohungarumlaut', 'one', 'p', 'parenleft', 'parenright', 'percent', 'period', 'plus', 'r', 's', 'seven', 'six', 'slash', 'space', 't', 'three', 'two', 'u', 'uacute', 'udieresis', 'underscore', 'uni239B', 'uni239C', 'uni239D', 'uni239E', 'uni239F', 'uni23A0', 'v', 'w', 'x', 'y', 'z', 'zero']
INFO Glyph IDs:   [0, 3, 4, 8, 11, 12, 14, 15, 16, 17, 18, 19, 20, 21, 22, 23, 24, 25, 26, 27, 28, 29, 35, 36, 37, 38, 39, 40, 41, 42, 43, 44, 45, 46, 48, 49, 50, 51, 52, 53, 54, 55, 56, 57, 59, 61, 66, 68, 69, 70, 71, 72, 73, 74, 75, 76, 77, 78, 79, 80, 81, 82, 83, 85, 86, 87, 88, 89, 90, 91, 92, 93, 106, 118, 131, 156, 163, 171, 175, 181, 184, 188, 190, 243, 275, 671, 3507, 3508, 3509, 3510, 3511, 3512, 5042, 5923]
DEBUG Took 0.002s to close glyph list over 'glyf'
INFO Retaining 94 glyphs
INFO head subsetting not needed
INFO hhea subsetting not needed
INFO maxp subsetting not needed
INFO OS/2 subsetting not needed
DEBUG Reading 'hmtx' table from disk
DEBUG Decompiling 'hmtx' table
DEBUG Reading 'hhea' table from disk
DEBUG Decompiling 'hhea' table
DEBUG Took 0.006s to subset 'hmtx'
INFO hmtx subsetted
DEBUG Took 0.002s to subset 'cmap'
INFO cmap subsetted
INFO loca subsetting not needed
DEBUG Took 0.000s to subset 'post'
INFO post subsetted
INFO gasp subsetting not needed
INFO FFTM NOT subset; don't know how to subset
DEBUG Took 0.000s to subset 'MATH'
INFO MATH subsetted
DEBUG Reading 'GDEF' table from disk
DEBUG Decompiling 'GDEF' table
DEBUG Took 0.003s to subset 'GDEF'
INFO GDEF subsetted
INFO name subsetting not needed
DEBUG Took 0.003s to subset 'glyf'
INFO glyf subsetted
DEBUG Took 0.000s to subset GlyphOrder
DEBUG Took 0.000s to prune 'head'
INFO head pruned
DEBUG Reading 'OS/2' table from disk
DEBUG Decompiling 'OS/2' table
INFO OS/2 Unicode ranges pruned: [0, 1, 2, 62]
INFO OS/2 CodePage ranges pruned: [0]
DEBUG Took 0.002s to prune 'glyf'
INFO glyf pruned
DEBUG Took 0.000s to prune 'GDEF'
INFO GDEF pruned
DEBUG Reading 'name' table from disk
DEBUG Decompiling 'name' table
DEBUG Reading 'gasp' table from disk
DEBUG Decompiling 'gasp' table
DEBUG Reading 'FFTM' table from disk
DEBUG Decompiling 'FFTM' table
DEBUG Took 0.002s to prune 'name'
INFO name pruned
[DEBUG 2026-07-23 15:04:39] PDF generation finished.
[DEBUG 2026-07-23 15:04:39] SMTP Configuration: Host=mail.magyarmedia.com, Port=465, User=iroda@magyarmedia.com, TLS=True
[DEBUG 2026-07-23 15:04:39] Connecting to SMTP server...
[DEBUG 2026-07-23 15:04:40] Logging in (SSL)...
[DEBUG 2026-07-23 15:04:40] Sending message...
[DEBUG 2026-07-23 15:04:40] SMTP send clean success.
[DEBUG 2026-07-23 15:04:40] Checking IMAP...
[DEBUG 2026-07-23 15:04:40] Connecting to IMAP mail.magyarmedia.com
WARNING Ignored `word-break: break-word` at 133:13, invalid value.
WARNING Ignored `word-break: break-word` at 145:13, invalid value.
WARNING Ignored `word-break: break-word` at 183:48, invalid value.
DEBUG Reading 'maxp' table from disk
DEBUG Decompiling 'maxp' table
DEBUG Took 0.001s to load 'maxp'
DEBUG Took 0.000s to prune 'maxp'
INFO maxp pruned
DEBUG Reading 'cmap' table from disk
DEBUG Decompiling 'cmap' table
DEBUG Reading 'post' table from disk
DEBUG Decompiling 'post' table
DEBUG Took 0.011s to load 'cmap'
DEBUG Took 0.000s to prune 'cmap'
INFO cmap pruned
INFO fpgm dropped
INFO prep dropped
INFO cvt  dropped
INFO kern dropped
DEBUG Took 0.000s to load 'post'
DEBUG Took 0.000s to prune 'post'
INFO post pruned
INFO GPOS dropped
INFO GSUB dropped
DEBUG Reading 'glyf' table from disk
DEBUG Decompiling 'glyf' table
DEBUG Reading 'loca' table from disk
DEBUG Decompiling 'loca' table
DEBUG Reading 'head' table from disk
DEBUG Decompiling 'head' table
DEBUG Took 0.008s to load 'glyf'
DEBUG Took 0.000s to prune 'glyf'
INFO glyf pruned
DEBUG Took 0.001s to close glyph list over 'cmap'
INFO Added gid0 to subset
INFO Closing glyph list over 'glyf': 56 glyphs before
INFO Glyph names: ['.notdef', 'A', 'Aacute', 'B', 'C', 'D', 'E', 'F', 'H', 'I', 'K', 'L', 'M', 'N', 'O', 'Odieresis', 'R', 'S', 'T', 'U', 'V', 'Z', 'a', 'aacute', 'colon', 'd', 'e', 'eacute', 'eight', 'f', 'g', 'hyphen', 'k', 'l', 'm', 'n', 'nine', 'oacute', 'odieresis', 'ohungarumlaut', 'one', 'parenleft', 'parenright', 'period', 'r', 's', 'six', 'space', 't', 'three', 'two', 'u', 'v', 'y', 'z', 'zero']
INFO Glyph IDs:   [0, 3, 11, 12, 16, 17, 19, 20, 21, 22, 25, 27, 28, 29, 36, 37, 38, 39, 40, 41, 43, 44, 46, 47, 48, 49, 50, 53, 54, 55, 56, 57, 61, 68, 71, 72, 73, 74, 78, 79, 80, 81, 85, 86, 87, 88, 89, 92, 93, 131, 152, 163, 171, 181, 184, 275]
INFO Closed glyph list over 'glyf': 62 glyphs after
INFO Glyph names: ['.notdef', 'A', 'Aacute', 'Acute', 'B', 'C', 'D', 'Dieresis', 'E', 'F', 'H', 'I', 'K', 'L', 'M', 'N', 'O', 'Odieresis', 'R', 'S', 'T', 'U', 'V', 'Z', 'a', 'aacute', 'acute', 'colon', 'd', 'dieresis', 'e', 'eacute', 'eight', 'f', 'g', 'hungarumlaut', 'hyphen', 'k', 'l', 'm', 'n', 'nine', 'o', 'oacute', 'odieresis', 'ohungarumlaut', 'one', 'parenleft', 'parenright', 'period', 'r', 's', 'six', 'space', 't', 'three', 'two', 'u', 'v', 'y', 'z', 'zero']
INFO Glyph IDs:   [0, 3, 11, 12, 16, 17, 19, 20, 21, 22, 25, 27, 28, 29, 36, 37, 38, 39, 40, 41, 43, 44, 46, 47, 48, 49, 50, 53, 54, 55, 56, 57, 61, 68, 71, 72, 73, 74, 78, 79, 80, 81, 82, 85, 86, 87, 88, 89, 92, 93, 106, 118, 131, 152, 163, 171, 181, 184, 275, 671, 5902, 5903]
DEBUG Took 0.002s to close glyph list over 'glyf'
INFO Retaining 62 glyphs
INFO head subsetting not needed
INFO hhea subsetting not needed
INFO maxp subsetting not needed
INFO OS/2 subsetting not needed
DEBUG Reading 'hmtx' table from disk
DEBUG Decompiling 'hmtx' table
DEBUG Reading 'hhea' table from disk
DEBUG Decompiling 'hhea' table
DEBUG Took 0.006s to subset 'hmtx'
INFO hmtx subsetted
DEBUG Took 0.002s to subset 'cmap'
INFO cmap subsetted
INFO loca subsetting not needed
DEBUG Took 0.000s to subset 'post'
INFO post subsetted
INFO gasp subsetting not needed
INFO FFTM NOT subset; don't know how to subset
DEBUG Reading 'GDEF' table from disk
DEBUG Decompiling 'GDEF' table
DEBUG Took 0.003s to subset 'GDEF'
INFO GDEF subsetted
INFO name subsetting not needed
DEBUG Took 0.004s to subset 'glyf'
INFO glyf subsetted
DEBUG Took 0.000s to subset GlyphOrder
DEBUG Took 0.000s to prune 'head'
INFO head pruned
DEBUG Reading 'OS/2' table from disk
DEBUG Decompiling 'OS/2' table
INFO OS/2 Unicode ranges pruned: [0, 1, 2]
INFO OS/2 CodePage ranges pruned: [0]
DEBUG Took 0.002s to prune 'glyf'
INFO glyf pruned
DEBUG Took 0.000s to prune 'GDEF'
INFO GDEF pruned
DEBUG Reading 'name' table from disk
DEBUG Decompiling 'name' table
DEBUG Reading 'gasp' table from disk
DEBUG Decompiling 'gasp' table
DEBUG Reading 'FFTM' table from disk
DEBUG Decompiling 'FFTM' table
DEBUG Took 0.002s to prune 'name'
INFO name pruned
DEBUG Reading 'maxp' table from disk
DEBUG Decompiling 'maxp' table
DEBUG Took 0.001s to load 'maxp'
DEBUG Took 0.000s to prune 'maxp'
INFO maxp pruned
DEBUG Reading 'cmap' table from disk
DEBUG Decompiling 'cmap' table
DEBUG Reading 'post' table from disk
DEBUG Decompiling 'post' table
DEBUG Took 0.014s to load 'cmap'
DEBUG Took 0.000s to prune 'cmap'
INFO cmap pruned
INFO fpgm dropped
INFO prep dropped
INFO cvt  dropped
INFO kern dropped
DEBUG Took 0.000s to load 'post'
DEBUG Took 0.000s to prune 'post'
INFO post pruned
INFO GPOS dropped
INFO GSUB dropped
DEBUG Reading 'glyf' table from disk
DEBUG Decompiling 'glyf' table
DEBUG Reading 'loca' table from disk
DEBUG Decompiling 'loca' table
DEBUG Reading 'head' table from disk
DEBUG Decompiling 'head' table
DEBUG Took 0.011s to load 'glyf'
DEBUG Took 0.000s to prune 'glyf'
INFO glyf pruned
DEBUG Took 0.001s to close glyph list over 'cmap'
INFO Added gid0 to subset
INFO Closing glyph list over 'MATH': 82 glyphs before
INFO Glyph names: ['.notdef', 'A', 'Aacute', 'B', 'C', 'D', 'E', 'F', 'G', 'H', 'I', 'J', 'K', 'L', 'M', 'N', 'O', 'P', 'Q', 'R', 'S', 'T', 'U', 'Uacute', 'V', 'X', 'Z', 'a', 'aacute', 'at', 'b', 'c', 'colon', 'comma', 'd', 'e', 'eacute', 'eight', 'f', 'five', 'four', 'g', 'h', 'hyphen', 'i', 'iacute', 'j', 'k', 'l', 'm', 'n', 'nine', 'o', 'oacute', 'odieresis', 'ohungarumlaut', 'one', 'p', 'parenleft', 'parenright', 'percent', 'period', 'plus', 'r', 's', 'seven', 'six', 'slash', 'space', 't', 'three', 'two', 'u', 'uacute', 'udieresis', 'underscore', 'v', 'w', 'x', 'y', 'z', 'zero']
INFO Glyph IDs:   [0, 3, 8, 11, 12, 14, 15, 16, 17, 18, 19, 20, 21, 22, 23, 24, 25, 26, 27, 28, 29, 35, 36, 37, 38, 39, 40, 41, 42, 43, 44, 45, 46, 47, 48, 49, 50, 51, 52, 53, 54, 55, 56, 57, 59, 61, 66, 68, 69, 70, 71, 72, 73, 74, 75, 76, 77, 78, 79, 80, 81, 82, 83, 85, 86, 87, 88, 89, 90, 91, 92, 93, 131, 156, 163, 171, 175, 181, 184, 188, 190, 275]
DEBUG Reading 'MATH' table from disk
DEBUG Decompiling 'MATH' table
INFO Closed glyph list over 'MATH': 88 glyphs after
INFO Glyph names: ['.notdef', 'A', 'Aacute', 'B', 'C', 'D', 'E', 'F', 'G', 'H', 'I', 'J', 'K', 'L', 'M', 'N', 'O', 'P', 'Q', 'R', 'S', 'T', 'U', 'Uacute', 'V', 'X', 'Z', 'a', 'aacute', 'at', 'b', 'c', 'colon', 'comma', 'd', 'e', 'eacute', 'eight', 'f', 'five', 'four', 'g', 'h', 'hyphen', 'i', 'iacute', 'j', 'k', 'l', 'm', 'n', 'nine', 'o', 'oacute', 'odieresis', 'ohungarumlaut', 'one', 'p', 'parenleft', 'parenright', 'percent', 'period', 'plus', 'r', 's', 'seven', 'six', 'slash', 'space', 't', 'three', 'two', 'u', 'uacute', 'udieresis', 'underscore', 'uni239B', 'uni239C', 'uni239D', 'uni239E', 'uni239F', 'uni23A0', 'v', 'w', 'x', 'y', 'z', 'zero']
INFO Glyph IDs:   [0, 3, 8, 11, 12, 14, 15, 16, 17, 18, 19, 20, 21, 22, 23, 24, 25, 26, 27, 28, 29, 35, 36, 37, 38, 39, 40, 41, 42, 43, 44, 45, 46, 47, 48, 49, 50, 51, 52, 53, 54, 55, 56, 57, 59, 61, 66, 68, 69, 70, 71, 72, 73, 74, 75, 76, 77, 78, 79, 80, 81, 82, 83, 85, 86, 87, 88, 89, 90, 91, 92, 93, 131, 156, 163, 171, 175, 181, 184, 188, 190, 275, 3507, 3508, 3509, 3510, 3511, 3512]
DEBUG Took 0.006s to close glyph list over 'MATH'
INFO Closing glyph list over 'glyf': 88 glyphs before
INFO Glyph names: ['.notdef', 'A', 'Aacute', 'B', 'C', 'D', 'E', 'F', 'G', 'H', 'I', 'J', 'K', 'L', 'M', 'N', 'O', 'P', 'Q', 'R', 'S', 'T', 'U', 'Uacute', 'V', 'X', 'Z', 'a', 'aacute', 'at', 'b', 'c', 'colon', 'comma', 'd', 'e', 'eacute', 'eight', 'f', 'five', 'four', 'g', 'h', 'hyphen', 'i', 'iacute', 'j', 'k', 'l', 'm', 'n', 'nine', 'o', 'oacute', 'odieresis', 'ohungarumlaut', 'one', 'p', 'parenleft', 'parenright', 'percent', 'period', 'plus', 'r', 's', 'seven', 'six', 'slash', 'space', 't', 'three', 'two', 'u', 'uacute', 'udieresis', 'underscore', 'uni239B', 'uni239C', 'uni239D', 'uni239E', 'uni239F', 'uni23A0', 'v', 'w', 'x', 'y', 'z', 'zero']
INFO Glyph IDs:   [0, 3, 8, 11, 12, 14, 15, 16, 17, 18, 19, 20, 21, 22, 23, 24, 25, 26, 27, 28, 29, 35, 36, 37, 38, 39, 40, 41, 42, 43, 44, 45, 46, 47, 48, 49, 50, 51, 52, 53, 54, 55, 56, 57, 59, 61, 66, 68, 69, 70, 71, 72, 73, 74, 75, 76, 77, 78, 79, 80, 81, 82, 83, 85, 86, 87, 88, 89, 90, 91, 92, 93, 131, 156, 163, 171, 175, 181, 184, 188, 190, 275, 3507, 3508, 3509, 3510, 3511, 3512]
INFO Closed glyph list over 'glyf': 93 glyphs after
INFO Glyph names: ['.notdef', 'A', 'Aacute', 'Acute', 'B', 'C', 'D', 'E', 'F', 'G', 'H', 'I', 'J', 'K', 'L', 'M', 'N', 'O', 'P', 'Q', 'R', 'S', 'T', 'U', 'Uacute', 'V', 'X', 'Z', 'a', 'aacute', 'acute', 'at', 'b', 'c', 'colon', 'comma', 'd', 'dieresis', 'dotlessi', 'e', 'eacute', 'eight', 'f', 'five', 'four', 'g', 'h', 'hungarumlaut', 'hyphen', 'i', 'iacute', 'j', 'k', 'l', 'm', 'n', 'nine', 'o', 'oacute', 'odieresis', 'ohungarumlaut', 'one', 'p', 'parenleft', 'parenright', 'percent', 'period', 'plus', 'r', 's', 'seven', 'six', 'slash', 'space', 't', 'three', 'two', 'u', 'uacute', 'udieresis', 'underscore', 'uni239B', 'uni239C', 'uni239D', 'uni239E', 'uni239F', 'uni23A0', 'v', 'w', 'x', 'y', 'z', 'zero']
INFO Glyph IDs:   [0, 3, 8, 11, 12, 14, 15, 16, 17, 18, 19, 20, 21, 22, 23, 24, 25, 26, 27, 28, 29, 35, 36, 37, 38, 39, 40, 41, 42, 43, 44, 45, 46, 47, 48, 49, 50, 51, 52, 53, 54, 55, 56, 57, 59, 61, 66, 68, 69, 70, 71, 72, 73, 74, 75, 76, 77, 78, 79, 80, 81, 82, 83, 85, 86, 87, 88, 89, 90, 91, 92, 93, 106, 118, 131, 156, 163, 171, 175, 181, 184, 188, 190, 243, 275, 671, 3507, 3508, 3509, 3510, 3511, 3512, 5923]
DEBUG Took 0.002s to close glyph list over 'glyf'
INFO Retaining 93 glyphs
INFO head subsetting not needed
INFO hhea subsetting not needed
INFO maxp subsetting not needed
INFO OS/2 subsetting not needed
DEBUG Reading 'hmtx' table from disk
DEBUG Decompiling 'hmtx' table
DEBUG Reading 'hhea' table from disk
DEBUG Decompiling 'hhea' table
DEBUG Took 0.006s to subset 'hmtx'
INFO hmtx subsetted
DEBUG Took 0.002s to subset 'cmap'
INFO cmap subsetted
INFO loca subsetting not needed
DEBUG Took 0.000s to subset 'post'
INFO post subsetted
INFO gasp subsetting not needed
INFO FFTM NOT subset; don't know how to subset
DEBUG Took 0.000s to subset 'MATH'
INFO MATH subsetted
DEBUG Reading 'GDEF' table from disk
DEBUG Decompiling 'GDEF' table
DEBUG Took 0.003s to subset 'GDEF'
INFO GDEF subsetted
INFO name subsetting not needed
DEBUG Took 0.003s to subset 'glyf'
INFO glyf subsetted
DEBUG Took 0.000s to subset GlyphOrder
DEBUG Took 0.000s to prune 'head'
INFO head pruned
DEBUG Reading 'OS/2' table from disk
DEBUG Decompiling 'OS/2' table
INFO OS/2 Unicode ranges pruned: [0, 1, 2]
INFO OS/2 CodePage ranges pruned: [0]
DEBUG Took 0.002s to prune 'glyf'
INFO glyf pruned
DEBUG Took 0.000s to prune 'GDEF'
INFO GDEF pruned
DEBUG Reading 'name' table from disk
DEBUG Decompiling 'name' table
DEBUG Reading 'gasp' table from disk
DEBUG Decompiling 'gasp' table
DEBUG Reading 'FFTM' table from disk
DEBUG Decompiling 'FFTM' table
DEBUG Took 0.002s to prune 'name'
INFO name pruned
[DEBUG 2026-07-23 15:12:26] send_email called for pk=844e3b06-2a08-4e7a-b58c-597af6eaf4cb
DEBUG: Invoice fetched: CZEUR2026000023
[DEBUG 2026-07-23 15:12:27] Starting PDF generation...
WARNING Ignored `word-break: break-word` at 133:13, invalid value.
WARNING Ignored `word-break: break-word` at 145:13, invalid value.
WARNING Ignored `word-break: break-word` at 183:48, invalid value.
DEBUG Reading 'maxp' table from disk
DEBUG Decompiling 'maxp' table
DEBUG Took 0.001s to load 'maxp'
DEBUG Took 0.000s to prune 'maxp'
INFO maxp pruned
DEBUG Reading 'cmap' table from disk
DEBUG Decompiling 'cmap' table
DEBUG Reading 'post' table from disk
DEBUG Decompiling 'post' table
DEBUG Took 0.012s to load 'cmap'
DEBUG Took 0.000s to prune 'cmap'
INFO cmap pruned
INFO fpgm dropped
INFO prep dropped
INFO cvt  dropped
INFO kern dropped
DEBUG Took 0.000s to load 'post'
DEBUG Took 0.000s to prune 'post'
INFO post pruned
INFO GPOS dropped
INFO GSUB dropped
DEBUG Reading 'glyf' table from disk
DEBUG Decompiling 'glyf' table
DEBUG Reading 'loca' table from disk
DEBUG Decompiling 'loca' table
DEBUG Reading 'head' table from disk
DEBUG Decompiling 'head' table
DEBUG Took 0.008s to load 'glyf'
DEBUG Took 0.000s to prune 'glyf'
INFO glyf pruned
DEBUG Took 0.001s to close glyph list over 'cmap'
INFO Added gid0 to subset
INFO Closing glyph list over 'glyf': 56 glyphs before
INFO Glyph names: ['.notdef', 'A', 'Aacute', 'B', 'C', 'D', 'E', 'F', 'H', 'I', 'K', 'L', 'M', 'N', 'O', 'Odieresis', 'R', 'S', 'T', 'U', 'V', 'Z', 'a', 'aacute', 'colon', 'd', 'e', 'eacute', 'eight', 'f', 'g', 'hyphen', 'k', 'l', 'm', 'n', 'nine', 'oacute', 'odieresis', 'ohungarumlaut', 'one', 'parenleft', 'parenright', 'period', 'r', 's', 'six', 'space', 't', 'three', 'two', 'u', 'v', 'y', 'z', 'zero']
INFO Glyph IDs:   [0, 3, 11, 12, 16, 17, 19, 20, 21, 22, 25, 27, 28, 29, 36, 37, 38, 39, 40, 41, 43, 44, 46, 47, 48, 49, 50, 53, 54, 55, 56, 57, 61, 68, 71, 72, 73, 74, 78, 79, 80, 81, 85, 86, 87, 88, 89, 92, 93, 131, 152, 163, 171, 181, 184, 275]
INFO Closed glyph list over 'glyf': 62 glyphs after
INFO Glyph names: ['.notdef', 'A', 'Aacute', 'Acute', 'B', 'C', 'D', 'Dieresis', 'E', 'F', 'H', 'I', 'K', 'L', 'M', 'N', 'O', 'Odieresis', 'R', 'S', 'T', 'U', 'V', 'Z', 'a', 'aacute', 'acute', 'colon', 'd', 'dieresis', 'e', 'eacute', 'eight', 'f', 'g', 'hungarumlaut', 'hyphen', 'k', 'l', 'm', 'n', 'nine', 'o', 'oacute', 'odieresis', 'ohungarumlaut', 'one', 'parenleft', 'parenright', 'period', 'r', 's', 'six', 'space', 't', 'three', 'two', 'u', 'v', 'y', 'z', 'zero']
INFO Glyph IDs:   [0, 3, 11, 12, 16, 17, 19, 20, 21, 22, 25, 27, 28, 29, 36, 37, 38, 39, 40, 41, 43, 44, 46, 47, 48, 49, 50, 53, 54, 55, 56, 57, 61, 68, 71, 72, 73, 74, 78, 79, 80, 81, 82, 85, 86, 87, 88, 89, 92, 93, 106, 118, 131, 152, 163, 171, 181, 184, 275, 671, 5902, 5903]
DEBUG Took 0.002s to close glyph list over 'glyf'
INFO Retaining 62 glyphs
INFO head subsetting not needed
INFO hhea subsetting not needed
INFO maxp subsetting not needed
INFO OS/2 subsetting not needed
DEBUG Reading 'hmtx' table from disk
DEBUG Decompiling 'hmtx' table
DEBUG Reading 'hhea' table from disk
DEBUG Decompiling 'hhea' table
DEBUG Took 0.005s to subset 'hmtx'
INFO hmtx subsetted
DEBUG Took 0.002s to subset 'cmap'
INFO cmap subsetted
INFO loca subsetting not needed
DEBUG Took 0.000s to subset 'post'
INFO post subsetted
INFO gasp subsetting not needed
INFO FFTM NOT subset; don't know how to subset
DEBUG Reading 'GDEF' table from disk
DEBUG Decompiling 'GDEF' table
DEBUG Took 0.003s to subset 'GDEF'
INFO GDEF subsetted
INFO name subsetting not needed
DEBUG Took 0.004s to subset 'glyf'
INFO glyf subsetted
DEBUG Took 0.000s to subset GlyphOrder
DEBUG Took 0.000s to prune 'head'
INFO head pruned
DEBUG Reading 'OS/2' table from disk
DEBUG Decompiling 'OS/2' table
INFO OS/2 Unicode ranges pruned: [0, 1, 2]
INFO OS/2 CodePage ranges pruned: [0]
DEBUG Took 0.002s to prune 'glyf'
INFO glyf pruned
DEBUG Took 0.000s to prune 'GDEF'
INFO GDEF pruned
DEBUG Reading 'name' table from disk
DEBUG Decompiling 'name' table
DEBUG Reading 'gasp' table from disk
DEBUG Decompiling 'gasp' table
DEBUG Reading 'FFTM' table from disk
DEBUG Decompiling 'FFTM' table
DEBUG Took 0.002s to prune 'name'
INFO name pruned
DEBUG Reading 'maxp' table from disk
DEBUG Decompiling 'maxp' table
DEBUG Took 0.001s to load 'maxp'
DEBUG Took 0.000s to prune 'maxp'
INFO maxp pruned
DEBUG Reading 'cmap' table from disk
DEBUG Decompiling 'cmap' table
DEBUG Reading 'post' table from disk
DEBUG Decompiling 'post' table
DEBUG Took 0.011s to load 'cmap'
DEBUG Took 0.000s to prune 'cmap'
INFO cmap pruned
INFO fpgm dropped
INFO prep dropped
INFO cvt  dropped
INFO kern dropped
DEBUG Took 0.000s to load 'post'
DEBUG Took 0.000s to prune 'post'
INFO post pruned
INFO GPOS dropped
INFO GSUB dropped
DEBUG Reading 'glyf' table from disk
DEBUG Decompiling 'glyf' table
DEBUG Reading 'loca' table from disk
DEBUG Decompiling 'loca' table
DEBUG Reading 'head' table from disk
DEBUG Decompiling 'head' table
DEBUG Took 0.008s to load 'glyf'
DEBUG Took 0.000s to prune 'glyf'
INFO glyf pruned
DEBUG Took 0.001s to close glyph list over 'cmap'
INFO Added gid0 to subset
INFO Closing glyph list over 'MATH': 82 glyphs before
INFO Glyph names: ['.notdef', 'A', 'Aacute', 'B', 'C', 'D', 'E', 'F', 'G', 'H', 'I', 'J', 'K', 'L', 'M', 'N', 'O', 'P', 'Q', 'R', 'S', 'T', 'U', 'Uacute', 'V', 'X', 'Z', 'a', 'aacute', 'at', 'b', 'c', 'colon', 'comma', 'd', 'e', 'eacute', 'eight', 'f', 'five', 'four', 'g', 'h', 'hyphen', 'i', 'iacute', 'j', 'k', 'l', 'm', 'n', 'nine', 'o', 'oacute', 'odieresis', 'ohungarumlaut', 'one', 'p', 'parenleft', 'parenright', 'percent', 'period', 'plus', 'r', 's', 'seven', 'six', 'slash', 'space', 't', 'three', 'two', 'u', 'uacute', 'udieresis', 'underscore', 'v', 'w', 'x', 'y', 'z', 'zero']
INFO Glyph IDs:   [0, 3, 8, 11, 12, 14, 15, 16, 17, 18, 19, 20, 21, 22, 23, 24, 25, 26, 27, 28, 29, 35, 36, 37, 38, 39, 40, 41, 42, 43, 44, 45, 46, 47, 48, 49, 50, 51, 52, 53, 54, 55, 56, 57, 59, 61, 66, 68, 69, 70, 71, 72, 73, 74, 75, 76, 77, 78, 79, 80, 81, 82, 83, 85, 86, 87, 88, 89, 90, 91, 92, 93, 131, 156, 163, 171, 175, 181, 184, 188, 190, 275]
DEBUG Reading 'MATH' table from disk
DEBUG Decompiling 'MATH' table
INFO Closed glyph list over 'MATH': 88 glyphs after
INFO Glyph names: ['.notdef', 'A', 'Aacute', 'B', 'C', 'D', 'E', 'F', 'G', 'H', 'I', 'J', 'K', 'L', 'M', 'N', 'O', 'P', 'Q', 'R', 'S', 'T', 'U', 'Uacute', 'V', 'X', 'Z', 'a', 'aacute', 'at', 'b', 'c', 'colon', 'comma', 'd', 'e', 'eacute', 'eight', 'f', 'five', 'four', 'g', 'h', 'hyphen', 'i', 'iacute', 'j', 'k', 'l', 'm', 'n', 'nine', 'o', 'oacute', 'odieresis', 'ohungarumlaut', 'one', 'p', 'parenleft', 'parenright', 'percent', 'period', 'plus', 'r', 's', 'seven', 'six', 'slash', 'space', 't', 'three', 'two', 'u', 'uacute', 'udieresis', 'underscore', 'uni239B', 'uni239C', 'uni239D', 'uni239E', 'uni239F', 'uni23A0', 'v', 'w', 'x', 'y', 'z', 'zero']
INFO Glyph IDs:   [0, 3, 8, 11, 12, 14, 15, 16, 17, 18, 19, 20, 21, 22, 23, 24, 25, 26, 27, 28, 29, 35, 36, 37, 38, 39, 40, 41, 42, 43, 44, 45, 46, 47, 48, 49, 50, 51, 52, 53, 54, 55, 56, 57, 59, 61, 66, 68, 69, 70, 71, 72, 73, 74, 75, 76, 77, 78, 79, 80, 81, 82, 83, 85, 86, 87, 88, 89, 90, 91, 92, 93, 131, 156, 163, 171, 175, 181, 184, 188, 190, 275, 3507, 3508, 3509, 3510, 3511, 3512]
DEBUG Took 0.006s to close glyph list over 'MATH'
INFO Closing glyph list over 'glyf': 88 glyphs before
INFO Glyph names: ['.notdef', 'A', 'Aacute', 'B', 'C', 'D', 'E', 'F', 'G', 'H', 'I', 'J', 'K', 'L', 'M', 'N', 'O', 'P', 'Q', 'R', 'S', 'T', 'U', 'Uacute', 'V', 'X', 'Z', 'a', 'aacute', 'at', 'b', 'c', 'colon', 'comma', 'd', 'e', 'eacute', 'eight', 'f', 'five', 'four', 'g', 'h', 'hyphen', 'i', 'iacute', 'j', 'k', 'l', 'm', 'n', 'nine', 'o', 'oacute', 'odieresis', 'ohungarumlaut', 'one', 'p', 'parenleft', 'parenright', 'percent', 'period', 'plus', 'r', 's', 'seven', 'six', 'slash', 'space', 't', 'three', 'two', 'u', 'uacute', 'udieresis', 'underscore', 'uni239B', 'uni239C', 'uni239D', 'uni239E', 'uni239F', 'uni23A0', 'v', 'w', 'x', 'y', 'z', 'zero']
INFO Glyph IDs:   [0, 3, 8, 11, 12, 14, 15, 16, 17, 18, 19, 20, 21, 22, 23, 24, 25, 26, 27, 28, 29, 35, 36, 37, 38, 39, 40, 41, 42, 43, 44, 45, 46, 47, 48, 49, 50, 51, 52, 53, 54, 55, 56, 57, 59, 61, 66, 68, 69, 70, 71, 72, 73, 74, 75, 76, 77, 78, 79, 80, 81, 82, 83, 85, 86, 87, 88, 89, 90, 91, 92, 93, 131, 156, 163, 171, 175, 181, 184, 188, 190, 275, 3507, 3508, 3509, 3510, 3511, 3512]
INFO Closed glyph list over 'glyf': 93 glyphs after
INFO Glyph names: ['.notdef', 'A', 'Aacute', 'Acute', 'B', 'C', 'D', 'E', 'F', 'G', 'H', 'I', 'J', 'K', 'L', 'M', 'N', 'O', 'P', 'Q', 'R', 'S', 'T', 'U', 'Uacute', 'V', 'X', 'Z', 'a', 'aacute', 'acute', 'at', 'b', 'c', 'colon', 'comma', 'd', 'dieresis', 'dotlessi', 'e', 'eacute', 'eight', 'f', 'five', 'four', 'g', 'h', 'hungarumlaut', 'hyphen', 'i', 'iacute', 'j', 'k', 'l', 'm', 'n', 'nine', 'o', 'oacute', 'odieresis', 'ohungarumlaut', 'one', 'p', 'parenleft', 'parenright', 'percent', 'period', 'plus', 'r', 's', 'seven', 'six', 'slash', 'space', 't', 'three', 'two', 'u', 'uacute', 'udieresis', 'underscore', 'uni239B', 'uni239C', 'uni239D', 'uni239E', 'uni239F', 'uni23A0', 'v', 'w', 'x', 'y', 'z', 'zero']
INFO Glyph IDs:   [0, 3, 8, 11, 12, 14, 15, 16, 17, 18, 19, 20, 21, 22, 23, 24, 25, 26, 27, 28, 29, 35, 36, 37, 38, 39, 40, 41, 42, 43, 44, 45, 46, 47, 48, 49, 50, 51, 52, 53, 54, 55, 56, 57, 59, 61, 66, 68, 69, 70, 71, 72, 73, 74, 75, 76, 77, 78, 79, 80, 81, 82, 83, 85, 86, 87, 88, 89, 90, 91, 92, 93, 106, 118, 131, 156, 163, 171, 175, 181, 184, 188, 190, 243, 275, 671, 3507, 3508, 3509, 3510, 3511, 3512, 5923]
DEBUG Took 0.002s to close glyph list over 'glyf'
INFO Retaining 93 glyphs
INFO head subsetting not needed
INFO hhea subsetting not needed
INFO maxp subsetting not needed
INFO OS/2 subsetting not needed
DEBUG Reading 'hmtx' table from disk
DEBUG Decompiling 'hmtx' table
DEBUG Reading 'hhea' table from disk
DEBUG Decompiling 'hhea' table
DEBUG Took 0.006s to subset 'hmtx'
INFO hmtx subsetted
DEBUG Took 0.002s to subset 'cmap'
INFO cmap subsetted
INFO loca subsetting not needed
DEBUG Took 0.000s to subset 'post'
INFO post subsetted
INFO gasp subsetting not needed
INFO FFTM NOT subset; don't know how to subset
DEBUG Took 0.000s to subset 'MATH'
INFO MATH subsetted
DEBUG Reading 'GDEF' table from disk
DEBUG Decompiling 'GDEF' table
DEBUG Took 0.003s to subset 'GDEF'
INFO GDEF subsetted
INFO name subsetting not needed
DEBUG Took 0.003s to subset 'glyf'
INFO glyf subsetted
DEBUG Took 0.000s to subset GlyphOrder
DEBUG Took 0.000s to prune 'head'
INFO head pruned
DEBUG Reading 'OS/2' table from disk
DEBUG Decompiling 'OS/2' table
INFO OS/2 Unicode ranges pruned: [0, 1, 2]
INFO OS/2 CodePage ranges pruned: [0]
DEBUG Took 0.002s to prune 'glyf'
INFO glyf pruned
DEBUG Took 0.000s to prune 'GDEF'
INFO GDEF pruned
DEBUG Reading 'name' table from disk
DEBUG Decompiling 'name' table
DEBUG Reading 'gasp' table from disk
DEBUG Decompiling 'gasp' table
DEBUG Reading 'FFTM' table from disk
DEBUG Decompiling 'FFTM' table
DEBUG Took 0.002s to prune 'name'
INFO name pruned
[DEBUG 2026-07-23 15:12:28] PDF generation finished.
[DEBUG 2026-07-23 15:12:28] SMTP Configuration: Host=mail.magyarmedia.com, Port=465, User=iroda@magyarmedia.com, TLS=True
[DEBUG 2026-07-23 15:12:28] Connecting to SMTP server...
[DEBUG 2026-07-23 15:12:28] Logging in (SSL)...
[DEBUG 2026-07-23 15:12:28] Sending message...
[DEBUG 2026-07-23 15:12:29] SMTP send clean success.
[DEBUG 2026-07-23 15:12:29] Checking IMAP...
[DEBUG 2026-07-23 15:12:29] Connecting to IMAP mail.magyarmedia.com
/home/ceze/pixisys/pixinvoice/invoice_app/venv/lib/python3.11/site-packages/rest_framework/pagination.py:200: UnorderedObjectListWarning: Pagination may yield inconsistent results with an unordered object_list: <class 'invoices.models.CompanyEmailSettings'> QuerySet.
  paginator = self.django_paginator_class(queryset, page_size)
[DEBUG 2026-07-23 15:57:57] send_email called for pk=0e0349f1-7151-430b-ba8c-e32a891eed60
DEBUG: Invoice fetched: CZHUF2026000244
[DEBUG 2026-07-23 15:57:58] Starting PDF generation...
WARNING Ignored `word-break: break-word` at 133:13, invalid value.
WARNING Ignored `word-break: break-word` at 145:13, invalid value.
WARNING Ignored `word-break: break-word` at 183:48, invalid value.
DEBUG Reading 'maxp' table from disk
DEBUG Decompiling 'maxp' table
DEBUG Took 0.001s to load 'maxp'
DEBUG Took 0.000s to prune 'maxp'
INFO maxp pruned
DEBUG Reading 'cmap' table from disk
DEBUG Decompiling 'cmap' table
DEBUG Reading 'post' table from disk
DEBUG Decompiling 'post' table
DEBUG Took 0.012s to load 'cmap'
DEBUG Took 0.000s to prune 'cmap'
INFO cmap pruned
INFO fpgm dropped
INFO prep dropped
INFO cvt  dropped
INFO kern dropped
DEBUG Took 0.000s to load 'post'
DEBUG Took 0.000s to prune 'post'
INFO post pruned
INFO GPOS dropped
INFO GSUB dropped
DEBUG Reading 'glyf' table from disk
DEBUG Decompiling 'glyf' table
DEBUG Reading 'loca' table from disk
DEBUG Decompiling 'loca' table
DEBUG Reading 'head' table from disk
DEBUG Decompiling 'head' table
DEBUG Took 0.008s to load 'glyf'
DEBUG Took 0.000s to prune 'glyf'
INFO glyf pruned
DEBUG Took 0.001s to close glyph list over 'cmap'
INFO Added gid0 to subset
INFO Closing glyph list over 'glyf': 62 glyphs before
INFO Glyph names: ['.notdef', 'A', 'Aacute', 'B', 'C', 'D', 'E', 'F', 'G', 'H', 'J', 'K', 'M', 'N', 'O', 'Odieresis', 'R', 'S', 'T', 'U', 'Uacute', 'V', 'Y', 'Z', 'a', 'aacute', 'colon', 'd', 'e', 'eacute', 'eight', 'f', 'five', 'four', 'g', 'hyphen', 'j', 'k', 'l', 'm', 'n', 'nine', 'oacute', 'odieresis', 'ohungarumlaut', 'one', 'parenleft', 'parenright', 'period', 'r', 's', 'seven', 'six', 'space', 't', 'three', 'two', 'u', 'v', 'y', 'z', 'zero']
INFO Glyph IDs:   [0, 3, 11, 12, 16, 17, 19, 20, 21, 22, 23, 24, 25, 26, 27, 28, 29, 36, 37, 38, 39, 40, 41, 42, 43, 45, 46, 48, 49, 50, 53, 54, 55, 56, 57, 60, 61, 68, 71, 72, 73, 74, 77, 78, 79, 80, 81, 85, 86, 87, 88, 89, 92, 93, 131, 152, 156, 163, 171, 181, 184, 275]
INFO Closed glyph list over 'glyf': 68 glyphs after
INFO Glyph names: ['.notdef', 'A', 'Aacute', 'Acute', 'B', 'C', 'D', 'Dieresis', 'E', 'F', 'G', 'H', 'J', 'K', 'M', 'N', 'O', 'Odieresis', 'R', 'S', 'T', 'U', 'Uacute', 'V', 'Y', 'Z', 'a', 'aacute', 'acute', 'colon', 'd', 'dieresis', 'e', 'eacute', 'eight', 'f', 'five', 'four', 'g', 'hungarumlaut', 'hyphen', 'j', 'k', 'l', 'm', 'n', 'nine', 'o', 'oacute', 'odieresis', 'ohungarumlaut', 'one', 'parenleft', 'parenright', 'period', 'r', 's', 'seven', 'six', 'space', 't', 'three', 'two', 'u', 'v', 'y', 'z', 'zero']
INFO Glyph IDs:   [0, 3, 11, 12, 16, 17, 19, 20, 21, 22, 23, 24, 25, 26, 27, 28, 29, 36, 37, 38, 39, 40, 41, 42, 43, 45, 46, 48, 49, 50, 53, 54, 55, 56, 57, 60, 61, 68, 71, 72, 73, 74, 77, 78, 79, 80, 81, 82, 85, 86, 87, 88, 89, 92, 93, 106, 118, 131, 152, 156, 163, 171, 181, 184, 275, 671, 5902, 5903]
DEBUG Took 0.003s to close glyph list over 'glyf'
INFO Retaining 68 glyphs
INFO head subsetting not needed
INFO hhea subsetting not needed
INFO maxp subsetting not needed
INFO OS/2 subsetting not needed
DEBUG Reading 'hmtx' table from disk
DEBUG Decompiling 'hmtx' table
DEBUG Reading 'hhea' table from disk
DEBUG Decompiling 'hhea' table
DEBUG Took 0.005s to subset 'hmtx'
INFO hmtx subsetted
DEBUG Took 0.002s to subset 'cmap'
INFO cmap subsetted
INFO loca subsetting not needed
DEBUG Took 0.000s to subset 'post'
INFO post subsetted
INFO gasp subsetting not needed
INFO FFTM NOT subset; don't know how to subset
DEBUG Reading 'GDEF' table from disk
DEBUG Decompiling 'GDEF' table
DEBUG Took 0.003s to subset 'GDEF'
INFO GDEF subsetted
INFO name subsetting not needed
DEBUG Took 0.004s to subset 'glyf'
INFO glyf subsetted
DEBUG Took 0.000s to subset GlyphOrder
DEBUG Took 0.000s to prune 'head'
INFO head pruned
DEBUG Reading 'OS/2' table from disk
DEBUG Decompiling 'OS/2' table
INFO OS/2 Unicode ranges pruned: [0, 1, 2]
INFO OS/2 CodePage ranges pruned: [0]
DEBUG Took 0.002s to prune 'glyf'
INFO glyf pruned
DEBUG Took 0.000s to prune 'GDEF'
INFO GDEF pruned
DEBUG Reading 'name' table from disk
DEBUG Decompiling 'name' table
DEBUG Reading 'gasp' table from disk
DEBUG Decompiling 'gasp' table
DEBUG Reading 'FFTM' table from disk
DEBUG Decompiling 'FFTM' table
DEBUG Took 0.002s to prune 'name'
INFO name pruned
DEBUG Reading 'maxp' table from disk
DEBUG Decompiling 'maxp' table
DEBUG Took 0.001s to load 'maxp'
DEBUG Took 0.000s to prune 'maxp'
INFO maxp pruned
DEBUG Reading 'cmap' table from disk
DEBUG Decompiling 'cmap' table
DEBUG Reading 'post' table from disk
DEBUG Decompiling 'post' table
DEBUG Took 0.011s to load 'cmap'
DEBUG Took 0.000s to prune 'cmap'
INFO cmap pruned
INFO fpgm dropped
INFO prep dropped
INFO cvt  dropped
INFO kern dropped
DEBUG Took 0.000s to load 'post'
DEBUG Took 0.000s to prune 'post'
INFO post pruned
INFO GPOS dropped
INFO GSUB dropped
DEBUG Reading 'glyf' table from disk
DEBUG Decompiling 'glyf' table
DEBUG Reading 'loca' table from disk
DEBUG Decompiling 'loca' table
DEBUG Reading 'head' table from disk
DEBUG Decompiling 'head' table
DEBUG Took 0.007s to load 'glyf'
DEBUG Took 0.000s to prune 'glyf'
INFO glyf pruned
DEBUG Took 0.001s to close glyph list over 'cmap'
INFO Added gid0 to subset
INFO Closing glyph list over 'MATH': 80 glyphs before
INFO Glyph names: ['.notdef', 'A', 'Aacute', 'B', 'C', 'D', 'E', 'F', 'G', 'H', 'I', 'J', 'K', 'M', 'N', 'O', 'P', 'R', 'S', 'T', 'U', 'Uacute', 'V', 'X', 'a', 'aacute', 'at', 'b', 'c', 'colon', 'comma', 'd', 'e', 'eacute', 'eight', 'exclam', 'f', 'fi', 'five', 'four', 'g', 'h', 'hyphen', 'i', 'iacute', 'j', 'k', 'l', 'm', 'n', 'nine', 'o', 'oacute', 'odieresis', 'ohungarumlaut', 'one', 'p', 'parenleft', 'parenright', 'percent', 'period', 'plus', 'r', 's', 'seven', 'six', 'slash', 'space', 't', 'three', 'two', 'u', 'uacute', 'udieresis', 'uhungarumlaut', 'v', 'x', 'y', 'z', 'zero']
INFO Glyph IDs:   [0, 3, 4, 8, 11, 12, 14, 15, 16, 17, 18, 19, 20, 21, 22, 23, 24, 25, 26, 27, 28, 29, 35, 36, 37, 38, 39, 40, 41, 42, 43, 44, 45, 46, 48, 49, 50, 51, 53, 54, 55, 56, 57, 59, 68, 69, 70, 71, 72, 73, 74, 75, 76, 77, 78, 79, 80, 81, 82, 83, 85, 86, 87, 88, 89, 91, 92, 93, 131, 156, 163, 171, 175, 181, 184, 188, 190, 275, 307, 5042]
DEBUG Reading 'MATH' table from disk
DEBUG Decompiling 'MATH' table
INFO Closed glyph list over 'MATH': 86 glyphs after
INFO Glyph names: ['.notdef', 'A', 'Aacute', 'B', 'C', 'D', 'E', 'F', 'G', 'H', 'I', 'J', 'K', 'M', 'N', 'O', 'P', 'R', 'S', 'T', 'U', 'Uacute', 'V', 'X', 'a', 'aacute', 'at', 'b', 'c', 'colon', 'comma', 'd', 'e', 'eacute', 'eight', 'exclam', 'f', 'fi', 'five', 'four', 'g', 'h', 'hyphen', 'i', 'iacute', 'j', 'k', 'l', 'm', 'n', 'nine', 'o', 'oacute', 'odieresis', 'ohungarumlaut', 'one', 'p', 'parenleft', 'parenright', 'percent', 'period', 'plus', 'r', 's', 'seven', 'six', 'slash', 'space', 't', 'three', 'two', 'u', 'uacute', 'udieresis', 'uhungarumlaut', 'uni239B', 'uni239C', 'uni239D', 'uni239E', 'uni239F', 'uni23A0', 'v', 'x', 'y', 'z', 'zero']
INFO Glyph IDs:   [0, 3, 4, 8, 11, 12, 14, 15, 16, 17, 18, 19, 20, 21, 22, 23, 24, 25, 26, 27, 28, 29, 35, 36, 37, 38, 39, 40, 41, 42, 43, 44, 45, 46, 48, 49, 50, 51, 53, 54, 55, 56, 57, 59, 68, 69, 70, 71, 72, 73, 74, 75, 76, 77, 78, 79, 80, 81, 82, 83, 85, 86, 87, 88, 89, 91, 92, 93, 131, 156, 163, 171, 175, 181, 184, 188, 190, 275, 307, 3507, 3508, 3509, 3510, 3511, 3512, 5042]
DEBUG Took 0.006s to close glyph list over 'MATH'
INFO Closing glyph list over 'glyf': 86 glyphs before
INFO Glyph names: ['.notdef', 'A', 'Aacute', 'B', 'C', 'D', 'E', 'F', 'G', 'H', 'I', 'J', 'K', 'M', 'N', 'O', 'P', 'R', 'S', 'T', 'U', 'Uacute', 'V', 'X', 'a', 'aacute', 'at', 'b', 'c', 'colon', 'comma', 'd', 'e', 'eacute', 'eight', 'exclam', 'f', 'fi', 'five', 'four', 'g', 'h', 'hyphen', 'i', 'iacute', 'j', 'k', 'l', 'm', 'n', 'nine', 'o', 'oacute', 'odieresis', 'ohungarumlaut', 'one', 'p', 'parenleft', 'parenright', 'percent', 'period', 'plus', 'r', 's', 'seven', 'six', 'slash', 'space', 't', 'three', 'two', 'u', 'uacute', 'udieresis', 'uhungarumlaut', 'uni239B', 'uni239C', 'uni239D', 'uni239E', 'uni239F', 'uni23A0', 'v', 'x', 'y', 'z', 'zero']
INFO Glyph IDs:   [0, 3, 4, 8, 11, 12, 14, 15, 16, 17, 18, 19, 20, 21, 22, 23, 24, 25, 26, 27, 28, 29, 35, 36, 37, 38, 39, 40, 41, 42, 43, 44, 45, 46, 48, 49, 50, 51, 53, 54, 55, 56, 57, 59, 68, 69, 70, 71, 72, 73, 74, 75, 76, 77, 78, 79, 80, 81, 82, 83, 85, 86, 87, 88, 89, 91, 92, 93, 131, 156, 163, 171, 175, 181, 184, 188, 190, 275, 307, 3507, 3508, 3509, 3510, 3511, 3512, 5042]
INFO Closed glyph list over 'glyf': 91 glyphs after
INFO Glyph names: ['.notdef', 'A', 'Aacute', 'Acute', 'B', 'C', 'D', 'E', 'F', 'G', 'H', 'I', 'J', 'K', 'M', 'N', 'O', 'P', 'R', 'S', 'T', 'U', 'Uacute', 'V', 'X', 'a', 'aacute', 'acute', 'at', 'b', 'c', 'colon', 'comma', 'd', 'dieresis', 'dotlessi', 'e', 'eacute', 'eight', 'exclam', 'f', 'fi', 'five', 'four', 'g', 'h', 'hungarumlaut', 'hyphen', 'i', 'iacute', 'j', 'k', 'l', 'm', 'n', 'nine', 'o', 'oacute', 'odieresis', 'ohungarumlaut', 'one', 'p', 'parenleft', 'parenright', 'percent', 'period', 'plus', 'r', 's', 'seven', 'six', 'slash', 'space', 't', 'three', 'two', 'u', 'uacute', 'udieresis', 'uhungarumlaut', 'uni239B', 'uni239C', 'uni239D', 'uni239E', 'uni239F', 'uni23A0', 'v', 'x', 'y', 'z', 'zero']
INFO Glyph IDs:   [0, 3, 4, 8, 11, 12, 14, 15, 16, 17, 18, 19, 20, 21, 22, 23, 24, 25, 26, 27, 28, 29, 35, 36, 37, 38, 39, 40, 41, 42, 43, 44, 45, 46, 48, 49, 50, 51, 53, 54, 55, 56, 57, 59, 68, 69, 70, 71, 72, 73, 74, 75, 76, 77, 78, 79, 80, 81, 82, 83, 85, 86, 87, 88, 89, 91, 92, 93, 106, 118, 131, 156, 163, 171, 175, 181, 184, 188, 190, 243, 275, 307, 671, 3507, 3508, 3509, 3510, 3511, 3512, 5042, 5923]
DEBUG Took 0.002s to close glyph list over 'glyf'
INFO Retaining 91 glyphs
INFO head subsetting not needed
INFO hhea subsetting not needed
INFO maxp subsetting not needed
INFO OS/2 subsetting not needed
DEBUG Reading 'hmtx' table from disk
DEBUG Decompiling 'hmtx' table
DEBUG Reading 'hhea' table from disk
DEBUG Decompiling 'hhea' table
DEBUG Took 0.006s to subset 'hmtx'
INFO hmtx subsetted
DEBUG Took 0.002s to subset 'cmap'
INFO cmap subsetted
INFO loca subsetting not needed
DEBUG Took 0.000s to subset 'post'
INFO post subsetted
INFO gasp subsetting not needed
INFO FFTM NOT subset; don't know how to subset
DEBUG Took 0.000s to subset 'MATH'
INFO MATH subsetted
DEBUG Reading 'GDEF' table from disk
DEBUG Decompiling 'GDEF' table
DEBUG Took 0.003s to subset 'GDEF'
INFO GDEF subsetted
INFO name subsetting not needed
DEBUG Took 0.003s to subset 'glyf'
INFO glyf subsetted
DEBUG Took 0.000s to subset GlyphOrder
DEBUG Took 0.000s to prune 'head'
INFO head pruned
DEBUG Reading 'OS/2' table from disk
DEBUG Decompiling 'OS/2' table
INFO OS/2 Unicode ranges pruned: [0, 1, 2, 62]
INFO OS/2 CodePage ranges pruned: [0]
DEBUG Took 0.004s to prune 'glyf'
INFO glyf pruned
DEBUG Took 0.000s to prune 'GDEF'
INFO GDEF pruned
DEBUG Reading 'name' table from disk
DEBUG Decompiling 'name' table
DEBUG Reading 'gasp' table from disk
DEBUG Decompiling 'gasp' table
DEBUG Reading 'FFTM' table from disk
DEBUG Decompiling 'FFTM' table
DEBUG Took 0.003s to prune 'name'
INFO name pruned
[DEBUG 2026-07-23 15:57:59] PDF generation finished.
[DEBUG 2026-07-23 15:57:59] SMTP Configuration: Host=mail.magyarmedia.com, Port=465, User=iroda@magyarmedia.com, TLS=True
[DEBUG 2026-07-23 15:57:59] Connecting to SMTP server...
[DEBUG 2026-07-23 15:57:59] Logging in (SSL)...
[DEBUG 2026-07-23 15:57:59] Sending message...
[DEBUG 2026-07-23 15:57:59] SMTP send clean success.
[DEBUG 2026-07-23 15:57:59] Checking IMAP...
[DEBUG 2026-07-23 15:57:59] Connecting to IMAP mail.magyarmedia.com
WARNING Not Found: /api/auth/token/refresh/
WARNING Not Found: /api/auth/token/refresh/
WARNING Not Found: /api/auth/token/refresh/
WARNING Not Found: /api/auth/token/refresh/
WARNING Unauthorized: /api/menu-badges/
WARNING Unauthorized: /api/menu-badges/
WARNING Unauthorized: /api/menu-badges/
WARNING Unauthorized: /api/menu-badges/
WARNING Not Found: /api/auth/token/refresh/
WARNING Unauthorized: /api/menu-badges/
WARNING Not Found: /api/auth/token/refresh/
WARNING Unauthorized: /api/menu-badges/
WARNING Not Found: /api/v1/meta/plugins
WARNING Not Found: /api/v1/meta/plugins/email
WARNING Not Found: /api/auth/token/refresh/
WARNING Not Found: /api/auth/token/refresh/
WARNING Not Found: /api/auth/token/refresh/
WARNING Unauthorized: /api/menu-badges/
WARNING Unauthorized: /api/menu-badges/
WARNING Unauthorized: /api/menu-badges/
WARNING Unauthorized: /api/menu-badges/
WARNING Unauthorized: /api/menu-badges/
WARNING Not Found: /api/contacts/861/
WARNING Not Found: /api/contacts/861/
WARNING Not Found: /api/.env
WARNING Not Found: /api/v1/.env
WARNING Not Found: /api/v2/.env
WARNING Not Found: /api/v3/.env
WARNING Not Found: /api/dev/.env
WARNING Not Found: /api/staging/.env
WARNING Forbidden: /api/auth/profile/
WARNING Not Found: /api/auth/token/refresh/
WARNING Unauthorized: /api/menu-badges/
WARNING Bad Request: /api/payment-batches/9aa3ce11-448c-421f-8af7-cd19a9e7a344/bank-export/
/home/ceze/pixisys/pixinvoice/invoice_app/venv/lib/python3.11/site-packages/rest_framework/pagination.py:200: UnorderedObjectListWarning: Pagination may yield inconsistent results with an unordered object_list: <class 'invoices.models.CompanyEmailSettings'> QuerySet.
  paginator = self.django_paginator_class(queryset, page_size)
[DEBUG 2026-07-29 11:28:07] send_email called for pk=fd97525f-8332-479e-9674-c7a121c2bcd6
DEBUG: Invoice fetched: CZHUF2026000249
[DEBUG 2026-07-29 11:28:09] Starting PDF generation...
WARNING Ignored `word-break: break-word` at 133:13, invalid value.
WARNING Ignored `word-break: break-word` at 145:13, invalid value.
WARNING Ignored `word-break: break-word` at 183:48, invalid value.
DEBUG Reading 'maxp' table from disk
DEBUG Decompiling 'maxp' table
DEBUG Took 0.001s to load 'maxp'
DEBUG Took 0.000s to prune 'maxp'
INFO maxp pruned
DEBUG Reading 'cmap' table from disk
DEBUG Decompiling 'cmap' table
DEBUG Reading 'post' table from disk
DEBUG Decompiling 'post' table
DEBUG Took 0.012s to load 'cmap'
DEBUG Took 0.000s to prune 'cmap'
INFO cmap pruned
INFO fpgm dropped
INFO prep dropped
INFO cvt  dropped
INFO kern dropped
DEBUG Took 0.000s to load 'post'
DEBUG Took 0.000s to prune 'post'
INFO post pruned
INFO GPOS dropped
INFO GSUB dropped
DEBUG Reading 'glyf' table from disk
DEBUG Decompiling 'glyf' table
DEBUG Reading 'loca' table from disk
DEBUG Decompiling 'loca' table
DEBUG Reading 'head' table from disk
DEBUG Decompiling 'head' table
DEBUG Took 0.009s to load 'glyf'
DEBUG Took 0.000s to prune 'glyf'
INFO glyf pruned
DEBUG Took 0.001s to close glyph list over 'cmap'
INFO Added gid0 to subset
INFO Closing glyph list over 'glyf': 56 glyphs before
INFO Glyph names: ['.notdef', 'A', 'Aacute', 'B', 'C', 'E', 'F', 'H', 'K', 'M', 'N', 'Odieresis', 'S', 'U', 'V', 'Z', 'a', 'aacute', 'colon', 'd', 'e', 'eacute', 'eight', 'f', 'five', 'four', 'g', 'hyphen', 'i', 'j', 'k', 'l', 'm', 'n', 'nine', 'oacute', 'odieresis', 'ohungarumlaut', 'one', 'parenleft', 'parenright', 'period', 'r', 's', 'seven', 'six', 'space', 't', 'three', 'two', 'u', 'uhungarumlaut', 'v', 'y', 'z', 'zero']
INFO Glyph IDs:   [0, 3, 11, 12, 16, 17, 19, 20, 21, 22, 23, 24, 25, 26, 27, 28, 29, 36, 37, 38, 40, 41, 43, 46, 48, 49, 54, 56, 57, 61, 68, 71, 72, 73, 74, 76, 77, 78, 79, 80, 81, 85, 86, 87, 88, 89, 92, 93, 131, 152, 163, 171, 181, 184, 275, 307]
INFO Closed glyph list over 'glyf': 63 glyphs after
INFO Glyph names: ['.notdef', 'A', 'Aacute', 'Acute', 'B', 'C', 'Dieresis', 'E', 'F', 'H', 'K', 'M', 'N', 'O', 'Odieresis', 'S', 'U', 'V', 'Z', 'a', 'aacute', 'acute', 'colon', 'd', 'dieresis', 'e', 'eacute', 'eight', 'f', 'five', 'four', 'g', 'hungarumlaut', 'hyphen', 'i', 'j', 'k', 'l', 'm', 'n', 'nine', 'o', 'oacute', 'odieresis', 'ohungarumlaut', 'one', 'parenleft', 'parenright', 'period', 'r', 's', 'seven', 'six', 'space', 't', 'three', 'two', 'u', 'uhungarumlaut', 'v', 'y', 'z', 'zero']
INFO Glyph IDs:   [0, 3, 11, 12, 16, 17, 19, 20, 21, 22, 23, 24, 25, 26, 27, 28, 29, 36, 37, 38, 40, 41, 43, 46, 48, 49, 50, 54, 56, 57, 61, 68, 71, 72, 73, 74, 76, 77, 78, 79, 80, 81, 82, 85, 86, 87, 88, 89, 92, 93, 106, 118, 131, 152, 163, 171, 181, 184, 275, 307, 671, 5902, 5903]
DEBUG Took 0.004s to close glyph list over 'glyf'
INFO Retaining 63 glyphs
INFO head subsetting not needed
INFO hhea subsetting not needed
INFO maxp subsetting not needed
INFO OS/2 subsetting not needed
DEBUG Reading 'hmtx' table from disk
DEBUG Decompiling 'hmtx' table
DEBUG Reading 'hhea' table from disk
DEBUG Decompiling 'hhea' table
DEBUG Took 0.005s to subset 'hmtx'
INFO hmtx subsetted
DEBUG Took 0.002s to subset 'cmap'
INFO cmap subsetted
INFO loca subsetting not needed
DEBUG Took 0.000s to subset 'post'
INFO post subsetted
INFO gasp subsetting not needed
INFO FFTM NOT subset; don't know how to subset
DEBUG Reading 'GDEF' table from disk
DEBUG Decompiling 'GDEF' table
DEBUG Took 0.003s to subset 'GDEF'
INFO GDEF subsetted
INFO name subsetting not needed
DEBUG Took 0.004s to subset 'glyf'
INFO glyf subsetted
DEBUG Took 0.000s to subset GlyphOrder
DEBUG Took 0.000s to prune 'head'
INFO head pruned
DEBUG Reading 'OS/2' table from disk
DEBUG Decompiling 'OS/2' table
INFO OS/2 Unicode ranges pruned: [0, 1, 2]
INFO OS/2 CodePage ranges pruned: [0]
DEBUG Took 0.002s to prune 'glyf'
INFO glyf pruned
DEBUG Took 0.000s to prune 'GDEF'
INFO GDEF pruned
DEBUG Reading 'name' table from disk
DEBUG Decompiling 'name' table
DEBUG Reading 'gasp' table from disk
DEBUG Decompiling 'gasp' table
DEBUG Reading 'FFTM' table from disk
DEBUG Decompiling 'FFTM' table
DEBUG Took 0.002s to prune 'name'
INFO name pruned
DEBUG Reading 'maxp' table from disk
DEBUG Decompiling 'maxp' table
DEBUG Took 0.001s to load 'maxp'
DEBUG Took 0.000s to prune 'maxp'
INFO maxp pruned
DEBUG Reading 'cmap' table from disk
DEBUG Decompiling 'cmap' table
DEBUG Reading 'post' table from disk
DEBUG Decompiling 'post' table
DEBUG Took 0.011s to load 'cmap'
DEBUG Took 0.000s to prune 'cmap'
INFO cmap pruned
INFO fpgm dropped
INFO prep dropped
INFO cvt  dropped
INFO kern dropped
DEBUG Took 0.000s to load 'post'
DEBUG Took 0.000s to prune 'post'
INFO post pruned
INFO GPOS dropped
INFO GSUB dropped
DEBUG Reading 'glyf' table from disk
DEBUG Decompiling 'glyf' table
DEBUG Reading 'loca' table from disk
DEBUG Decompiling 'loca' table
DEBUG Reading 'head' table from disk
DEBUG Decompiling 'head' table
DEBUG Took 0.008s to load 'glyf'
DEBUG Took 0.000s to prune 'glyf'
INFO glyf pruned
DEBUG Took 0.001s to close glyph list over 'cmap'
INFO Added gid0 to subset
INFO Closing glyph list over 'MATH': 79 glyphs before
INFO Glyph names: ['.notdef', 'A', 'Aacute', 'B', 'C', 'D', 'E', 'F', 'G', 'H', 'I', 'J', 'K', 'M', 'N', 'P', 'R', 'S', 'T', 'U', 'Uacute', 'Udieresis', 'V', 'X', 'a', 'aacute', 'at', 'b', 'c', 'colon', 'comma', 'd', 'e', 'eacute', 'eight', 'exclam', 'f', 'fi', 'five', 'four', 'g', 'h', 'hyphen', 'i', 'iacute', 'j', 'k', 'l', 'm', 'n', 'nine', 'o', 'oacute', 'odieresis', 'ohungarumlaut', 'one', 'p', 'parenleft', 'parenright', 'percent', 'period', 'plus', 'r', 's', 'seven', 'six', 'slash', 'space', 't', 'three', 'two', 'u', 'uacute', 'udieresis', 'v', 'x', 'y', 'z', 'zero']
INFO Glyph IDs:   [0, 3, 4, 8, 11, 12, 14, 15, 16, 17, 18, 19, 20, 21, 22, 23, 24, 25, 26, 27, 28, 29, 35, 36, 37, 38, 39, 40, 41, 42, 43, 44, 45, 46, 48, 49, 51, 53, 54, 55, 56, 57, 59, 68, 69, 70, 71, 72, 73, 74, 75, 76, 77, 78, 79, 80, 81, 82, 83, 85, 86, 87, 88, 89, 91, 92, 93, 131, 156, 158, 163, 171, 175, 181, 184, 188, 190, 275, 5042]
DEBUG Reading 'MATH' table from disk
DEBUG Decompiling 'MATH' table
INFO Closed glyph list over 'MATH': 85 glyphs after
INFO Glyph names: ['.notdef', 'A', 'Aacute', 'B', 'C', 'D', 'E', 'F', 'G', 'H', 'I', 'J', 'K', 'M', 'N', 'P', 'R', 'S', 'T', 'U', 'Uacute', 'Udieresis', 'V', 'X', 'a', 'aacute', 'at', 'b', 'c', 'colon', 'comma', 'd', 'e', 'eacute', 'eight', 'exclam', 'f', 'fi', 'five', 'four', 'g', 'h', 'hyphen', 'i', 'iacute', 'j', 'k', 'l', 'm', 'n', 'nine', 'o', 'oacute', 'odieresis', 'ohungarumlaut', 'one', 'p', 'parenleft', 'parenright', 'percent', 'period', 'plus', 'r', 's', 'seven', 'six', 'slash', 'space', 't', 'three', 'two', 'u', 'uacute', 'udieresis', 'uni239B', 'uni239C', 'uni239D', 'uni239E', 'uni239F', 'uni23A0', 'v', 'x', 'y', 'z', 'zero']
INFO Glyph IDs:   [0, 3, 4, 8, 11, 12, 14, 15, 16, 17, 18, 19, 20, 21, 22, 23, 24, 25, 26, 27, 28, 29, 35, 36, 37, 38, 39, 40, 41, 42, 43, 44, 45, 46, 48, 49, 51, 53, 54, 55, 56, 57, 59, 68, 69, 70, 71, 72, 73, 74, 75, 76, 77, 78, 79, 80, 81, 82, 83, 85, 86, 87, 88, 89, 91, 92, 93, 131, 156, 158, 163, 171, 175, 181, 184, 188, 190, 275, 3507, 3508, 3509, 3510, 3511, 3512, 5042]
DEBUG Took 0.006s to close glyph list over 'MATH'
INFO Closing glyph list over 'glyf': 85 glyphs before
INFO Glyph names: ['.notdef', 'A', 'Aacute', 'B', 'C', 'D', 'E', 'F', 'G', 'H', 'I', 'J', 'K', 'M', 'N', 'P', 'R', 'S', 'T', 'U', 'Uacute', 'Udieresis', 'V', 'X', 'a', 'aacute', 'at', 'b', 'c', 'colon', 'comma', 'd', 'e', 'eacute', 'eight', 'exclam', 'f', 'fi', 'five', 'four', 'g', 'h', 'hyphen', 'i', 'iacute', 'j', 'k', 'l', 'm', 'n', 'nine', 'o', 'oacute', 'odieresis', 'ohungarumlaut', 'one', 'p', 'parenleft', 'parenright', 'percent', 'period', 'plus', 'r', 's', 'seven', 'six', 'slash', 'space', 't', 'three', 'two', 'u', 'uacute', 'udieresis', 'uni239B', 'uni239C', 'uni239D', 'uni239E', 'uni239F', 'uni23A0', 'v', 'x', 'y', 'z', 'zero']
INFO Glyph IDs:   [0, 3, 4, 8, 11, 12, 14, 15, 16, 17, 18, 19, 20, 21, 22, 23, 24, 25, 26, 27, 28, 29, 35, 36, 37, 38, 39, 40, 41, 42, 43, 44, 45, 46, 48, 49, 51, 53, 54, 55, 56, 57, 59, 68, 69, 70, 71, 72, 73, 74, 75, 76, 77, 78, 79, 80, 81, 82, 83, 85, 86, 87, 88, 89, 91, 92, 93, 131, 156, 158, 163, 171, 175, 181, 184, 188, 190, 275, 3507, 3508, 3509, 3510, 3511, 3512, 5042]
INFO Closed glyph list over 'glyf': 91 glyphs after
INFO Glyph names: ['.notdef', 'A', 'Aacute', 'Acute', 'B', 'C', 'D', 'Dieresis', 'E', 'F', 'G', 'H', 'I', 'J', 'K', 'M', 'N', 'P', 'R', 'S', 'T', 'U', 'Uacute', 'Udieresis', 'V', 'X', 'a', 'aacute', 'acute', 'at', 'b', 'c', 'colon', 'comma', 'd', 'dieresis', 'dotlessi', 'e', 'eacute', 'eight', 'exclam', 'f', 'fi', 'five', 'four', 'g', 'h', 'hungarumlaut', 'hyphen', 'i', 'iacute', 'j', 'k', 'l', 'm', 'n', 'nine', 'o', 'oacute', 'odieresis', 'ohungarumlaut', 'one', 'p', 'parenleft', 'parenright', 'percent', 'period', 'plus', 'r', 's', 'seven', 'six', 'slash', 'space', 't', 'three', 'two', 'u', 'uacute', 'udieresis', 'uni239B', 'uni239C', 'uni239D', 'uni239E', 'uni239F', 'uni23A0', 'v', 'x', 'y', 'z', 'zero']
INFO Glyph IDs:   [0, 3, 4, 8, 11, 12, 14, 15, 16, 17, 18, 19, 20, 21, 22, 23, 24, 25, 26, 27, 28, 29, 35, 36, 37, 38, 39, 40, 41, 42, 43, 44, 45, 46, 48, 49, 51, 53, 54, 55, 56, 57, 59, 68, 69, 70, 71, 72, 73, 74, 75, 76, 77, 78, 79, 80, 81, 82, 83, 85, 86, 87, 88, 89, 91, 92, 93, 106, 118, 131, 156, 158, 163, 171, 175, 181, 184, 188, 190, 243, 275, 671, 3507, 3508, 3509, 3510, 3511, 3512, 5042, 5922, 5923]
DEBUG Took 0.002s to close glyph list over 'glyf'
INFO Retaining 91 glyphs
INFO head subsetting not needed
INFO hhea subsetting not needed
INFO maxp subsetting not needed
INFO OS/2 subsetting not needed
DEBUG Reading 'hmtx' table from disk
DEBUG Decompiling 'hmtx' table
DEBUG Reading 'hhea' table from disk
DEBUG Decompiling 'hhea' table
DEBUG Took 0.005s to subset 'hmtx'
INFO hmtx subsetted
DEBUG Took 0.002s to subset 'cmap'
INFO cmap subsetted
INFO loca subsetting not needed
DEBUG Took 0.000s to subset 'post'
INFO post subsetted
INFO gasp subsetting not needed
INFO FFTM NOT subset; don't know how to subset
DEBUG Took 0.000s to subset 'MATH'
INFO MATH subsetted
DEBUG Reading 'GDEF' table from disk
DEBUG Decompiling 'GDEF' table
DEBUG Took 0.003s to subset 'GDEF'
INFO GDEF subsetted
INFO name subsetting not needed
DEBUG Took 0.004s to subset 'glyf'
INFO glyf subsetted
DEBUG Took 0.000s to subset GlyphOrder
DEBUG Took 0.000s to prune 'head'
INFO head pruned
DEBUG Reading 'OS/2' table from disk
DEBUG Decompiling 'OS/2' table
INFO OS/2 Unicode ranges pruned: [0, 1, 2, 62]
INFO OS/2 CodePage ranges pruned: [0]
DEBUG Took 0.002s to prune 'glyf'
INFO glyf pruned
DEBUG Took 0.000s to prune 'GDEF'
INFO GDEF pruned
DEBUG Reading 'name' table from disk
DEBUG Decompiling 'name' table
DEBUG Reading 'gasp' table from disk
DEBUG Decompiling 'gasp' table
DEBUG Reading 'FFTM' table from disk
DEBUG Decompiling 'FFTM' table
DEBUG Took 0.002s to prune 'name'
INFO name pruned
[DEBUG 2026-07-29 11:28:10] PDF generation finished.
[DEBUG 2026-07-29 11:28:10] SMTP Configuration: Host=mail.magyarmedia.com, Port=465, User=iroda@magyarmedia.com, TLS=True
[DEBUG 2026-07-29 11:28:10] Connecting to SMTP server...
[DEBUG 2026-07-29 11:28:10] Logging in (SSL)...
[DEBUG 2026-07-29 11:28:10] Sending message...
[DEBUG 2026-07-29 11:28:10] SMTP send clean success.
[DEBUG 2026-07-29 11:28:10] Checking IMAP...
[DEBUG 2026-07-29 11:28:10] Connecting to IMAP mail.magyarmedia.com
[DEBUG 2026-07-29 12:07:22] send_email called for pk=e8d19ec8-6afb-4aea-9e22-1d5556aa178c
DEBUG: Invoice fetched: CZHUF2026000250
[DEBUG 2026-07-29 12:07:23] Starting PDF generation...
WARNING Ignored `word-break: break-word` at 133:13, invalid value.
WARNING Ignored `word-break: break-word` at 145:13, invalid value.
WARNING Ignored `word-break: break-word` at 183:48, invalid value.
DEBUG Reading 'maxp' table from disk
DEBUG Decompiling 'maxp' table
DEBUG Took 0.001s to load 'maxp'
DEBUG Took 0.000s to prune 'maxp'
INFO maxp pruned
DEBUG Reading 'cmap' table from disk
DEBUG Decompiling 'cmap' table
DEBUG Reading 'post' table from disk
DEBUG Decompiling 'post' table
DEBUG Took 0.013s to load 'cmap'
DEBUG Took 0.000s to prune 'cmap'
INFO cmap pruned
INFO fpgm dropped
INFO prep dropped
INFO cvt  dropped
INFO kern dropped
DEBUG Took 0.000s to load 'post'
DEBUG Took 0.000s to prune 'post'
INFO post pruned
INFO GPOS dropped
INFO GSUB dropped
DEBUG Reading 'glyf' table from disk
DEBUG Decompiling 'glyf' table
DEBUG Reading 'loca' table from disk
DEBUG Decompiling 'loca' table
DEBUG Reading 'head' table from disk
DEBUG Decompiling 'head' table
DEBUG Took 0.009s to load 'glyf'
DEBUG Took 0.000s to prune 'glyf'
INFO glyf pruned
DEBUG Took 0.001s to close glyph list over 'cmap'
INFO Added gid0 to subset
INFO Closing glyph list over 'glyf': 56 glyphs before
INFO Glyph names: ['.notdef', 'A', 'Aacute', 'B', 'C', 'E', 'F', 'H', 'I', 'K', 'L', 'M', 'N', 'Odieresis', 'S', 'U', 'V', 'W', 'Z', 'a', 'aacute', 'colon', 'd', 'e', 'eacute', 'eight', 'f', 'five', 'four', 'g', 'hyphen', 'j', 'k', 'l', 'm', 'n', 'nine', 'oacute', 'odieresis', 'ohungarumlaut', 'one', 'parenleft', 'parenright', 'period', 'r', 's', 'six', 'space', 't', 'three', 'two', 'u', 'v', 'y', 'z', 'zero']
INFO Glyph IDs:   [0, 3, 11, 12, 16, 17, 19, 20, 21, 22, 23, 24, 25, 27, 28, 29, 36, 37, 38, 40, 41, 43, 44, 46, 47, 48, 49, 54, 56, 57, 58, 61, 68, 71, 72, 73, 74, 77, 78, 79, 80, 81, 85, 86, 87, 88, 89, 92, 93, 131, 152, 163, 171, 181, 184, 275]
INFO Closed glyph list over 'glyf': 63 glyphs after
INFO Glyph names: ['.notdef', 'A', 'Aacute', 'Acute', 'B', 'C', 'Dieresis', 'E', 'F', 'H', 'I', 'K', 'L', 'M', 'N', 'O', 'Odieresis', 'S', 'U', 'V', 'W', 'Z', 'a', 'aacute', 'acute', 'colon', 'd', 'dieresis', 'e', 'eacute', 'eight', 'f', 'five', 'four', 'g', 'hungarumlaut', 'hyphen', 'j', 'k', 'l', 'm', 'n', 'nine', 'o', 'oacute', 'odieresis', 'ohungarumlaut', 'one', 'parenleft', 'parenright', 'period', 'r', 's', 'six', 'space', 't', 'three', 'two', 'u', 'v', 'y', 'z', 'zero']
INFO Glyph IDs:   [0, 3, 11, 12, 16, 17, 19, 20, 21, 22, 23, 24, 25, 27, 28, 29, 36, 37, 38, 40, 41, 43, 44, 46, 47, 48, 49, 50, 54, 56, 57, 58, 61, 68, 71, 72, 73, 74, 77, 78, 79, 80, 81, 82, 85, 86, 87, 88, 89, 92, 93, 106, 118, 131, 152, 163, 171, 181, 184, 275, 671, 5902, 5903]
DEBUG Took 0.003s to close glyph list over 'glyf'
INFO Retaining 63 glyphs
INFO head subsetting not needed
INFO hhea subsetting not needed
INFO maxp subsetting not needed
INFO OS/2 subsetting not needed
DEBUG Reading 'hmtx' table from disk
DEBUG Decompiling 'hmtx' table
DEBUG Reading 'hhea' table from disk
DEBUG Decompiling 'hhea' table
DEBUG Took 0.006s to subset 'hmtx'
INFO hmtx subsetted
DEBUG Took 0.002s to subset 'cmap'
INFO cmap subsetted
INFO loca subsetting not needed
DEBUG Took 0.000s to subset 'post'
INFO post subsetted
INFO gasp subsetting not needed
INFO FFTM NOT subset; don't know how to subset
DEBUG Reading 'GDEF' table from disk
DEBUG Decompiling 'GDEF' table
DEBUG Took 0.003s to subset 'GDEF'
INFO GDEF subsetted
INFO name subsetting not needed
DEBUG Took 0.003s to subset 'glyf'
INFO glyf subsetted
DEBUG Took 0.000s to subset GlyphOrder
DEBUG Took 0.000s to prune 'head'
INFO head pruned
DEBUG Reading 'OS/2' table from disk
DEBUG Decompiling 'OS/2' table
INFO OS/2 Unicode ranges pruned: [0, 1, 2]
INFO OS/2 CodePage ranges pruned: [0]
DEBUG Took 0.002s to prune 'glyf'
INFO glyf pruned
DEBUG Took 0.000s to prune 'GDEF'
INFO GDEF pruned
DEBUG Reading 'name' table from disk
DEBUG Decompiling 'name' table
DEBUG Reading 'gasp' table from disk
DEBUG Decompiling 'gasp' table
DEBUG Reading 'FFTM' table from disk
DEBUG Decompiling 'FFTM' table
DEBUG Took 0.002s to prune 'name'
INFO name pruned
DEBUG Reading 'maxp' table from disk
DEBUG Decompiling 'maxp' table
DEBUG Took 0.001s to load 'maxp'
DEBUG Took 0.000s to prune 'maxp'
INFO maxp pruned
DEBUG Reading 'cmap' table from disk
DEBUG Decompiling 'cmap' table
DEBUG Reading 'post' table from disk
DEBUG Decompiling 'post' table
DEBUG Took 0.011s to load 'cmap'
DEBUG Took 0.000s to prune 'cmap'
INFO cmap pruned
INFO fpgm dropped
INFO prep dropped
INFO cvt  dropped
INFO kern dropped
DEBUG Took 0.000s to load 'post'
DEBUG Took 0.000s to prune 'post'
INFO post pruned
INFO GPOS dropped
INFO GSUB dropped
DEBUG Reading 'glyf' table from disk
DEBUG Decompiling 'glyf' table
DEBUG Reading 'loca' table from disk
DEBUG Decompiling 'loca' table
DEBUG Reading 'head' table from disk
DEBUG Decompiling 'head' table
DEBUG Took 0.008s to load 'glyf'
DEBUG Took 0.000s to prune 'glyf'
INFO glyf pruned
DEBUG Took 0.001s to close glyph list over 'cmap'
INFO Added gid0 to subset
INFO Closing glyph list over 'MATH': 80 glyphs before
INFO Glyph names: ['.notdef', 'A', 'Aacute', 'B', 'C', 'D', 'E', 'Eacute', 'F', 'G', 'H', 'I', 'J', 'K', 'M', 'N', 'P', 'R', 'S', 'T', 'U', 'Uacute', 'V', 'X', 'a', 'aacute', 'asterisk', 'at', 'b', 'c', 'colon', 'comma', 'd', 'e', 'eacute', 'eight', 'exclam', 'f', 'fi', 'five', 'four', 'g', 'h', 'hyphen', 'i', 'iacute', 'j', 'k', 'l', 'm', 'n', 'nine', 'o', 'oacute', 'odieresis', 'ohungarumlaut', 'one', 'p', 'parenleft', 'parenright', 'percent', 'period', 'plus', 'r', 's', 'seven', 'six', 'slash', 'space', 't', 'three', 'two', 'u', 'uacute', 'udieresis', 'v', 'x', 'y', 'z', 'zero']
INFO Glyph IDs:   [0, 3, 4, 8, 11, 12, 13, 14, 15, 16, 17, 18, 19, 20, 21, 22, 23, 24, 25, 26, 27, 28, 29, 35, 36, 37, 38, 39, 40, 41, 42, 43, 44, 45, 46, 48, 49, 51, 53, 54, 55, 56, 57, 59, 68, 69, 70, 71, 72, 73, 74, 75, 76, 77, 78, 79, 80, 81, 82, 83, 85, 86, 87, 88, 89, 91, 92, 93, 131, 139, 156, 163, 171, 175, 181, 184, 188, 190, 275, 5042]
DEBUG Reading 'MATH' table from disk
DEBUG Decompiling 'MATH' table
INFO Closed glyph list over 'MATH': 86 glyphs after
INFO Glyph names: ['.notdef', 'A', 'Aacute', 'B', 'C', 'D', 'E', 'Eacute', 'F', 'G', 'H', 'I', 'J', 'K', 'M', 'N', 'P', 'R', 'S', 'T', 'U', 'Uacute', 'V', 'X', 'a', 'aacute', 'asterisk', 'at', 'b', 'c', 'colon', 'comma', 'd', 'e', 'eacute', 'eight', 'exclam', 'f', 'fi', 'five', 'four', 'g', 'h', 'hyphen', 'i', 'iacute', 'j', 'k', 'l', 'm', 'n', 'nine', 'o', 'oacute', 'odieresis', 'ohungarumlaut', 'one', 'p', 'parenleft', 'parenright', 'percent', 'period', 'plus', 'r', 's', 'seven', 'six', 'slash', 'space', 't', 'three', 'two', 'u', 'uacute', 'udieresis', 'uni239B', 'uni239C', 'uni239D', 'uni239E', 'uni239F', 'uni23A0', 'v', 'x', 'y', 'z', 'zero']
INFO Glyph IDs:   [0, 3, 4, 8, 11, 12, 13, 14, 15, 16, 17, 18, 19, 20, 21, 22, 23, 24, 25, 26, 27, 28, 29, 35, 36, 37, 38, 39, 40, 41, 42, 43, 44, 45, 46, 48, 49, 51, 53, 54, 55, 56, 57, 59, 68, 69, 70, 71, 72, 73, 74, 75, 76, 77, 78, 79, 80, 81, 82, 83, 85, 86, 87, 88, 89, 91, 92, 93, 131, 139, 156, 163, 171, 175, 181, 184, 188, 190, 275, 3507, 3508, 3509, 3510, 3511, 3512, 5042]
DEBUG Took 0.007s to close glyph list over 'MATH'
INFO Closing glyph list over 'glyf': 86 glyphs before
INFO Glyph names: ['.notdef', 'A', 'Aacute', 'B', 'C', 'D', 'E', 'Eacute', 'F', 'G', 'H', 'I', 'J', 'K', 'M', 'N', 'P', 'R', 'S', 'T', 'U', 'Uacute', 'V', 'X', 'a', 'aacute', 'asterisk', 'at', 'b', 'c', 'colon', 'comma', 'd', 'e', 'eacute', 'eight', 'exclam', 'f', 'fi', 'five', 'four', 'g', 'h', 'hyphen', 'i', 'iacute', 'j', 'k', 'l', 'm', 'n', 'nine', 'o', 'oacute', 'odieresis', 'ohungarumlaut', 'one', 'p', 'parenleft', 'parenright', 'percent', 'period', 'plus', 'r', 's', 'seven', 'six', 'slash', 'space', 't', 'three', 'two', 'u', 'uacute', 'udieresis', 'uni239B', 'uni239C', 'uni239D', 'uni239E', 'uni239F', 'uni23A0', 'v', 'x', 'y', 'z', 'zero']
INFO Glyph IDs:   [0, 3, 4, 8, 11, 12, 13, 14, 15, 16, 17, 18, 19, 20, 21, 22, 23, 24, 25, 26, 27, 28, 29, 35, 36, 37, 38, 39, 40, 41, 42, 43, 44, 45, 46, 48, 49, 51, 53, 54, 55, 56, 57, 59, 68, 69, 70, 71, 72, 73, 74, 75, 76, 77, 78, 79, 80, 81, 82, 83, 85, 86, 87, 88, 89, 91, 92, 93, 131, 139, 156, 163, 171, 175, 181, 184, 188, 190, 275, 3507, 3508, 3509, 3510, 3511, 3512, 5042]
INFO Closed glyph list over 'glyf': 91 glyphs after
INFO Glyph names: ['.notdef', 'A', 'Aacute', 'Acute', 'B', 'C', 'D', 'E', 'Eacute', 'F', 'G', 'H', 'I', 'J', 'K', 'M', 'N', 'P', 'R', 'S', 'T', 'U', 'Uacute', 'V', 'X', 'a', 'aacute', 'acute', 'asterisk', 'at', 'b', 'c', 'colon', 'comma', 'd', 'dieresis', 'dotlessi', 'e', 'eacute', 'eight', 'exclam', 'f', 'fi', 'five', 'four', 'g', 'h', 'hungarumlaut', 'hyphen', 'i', 'iacute', 'j', 'k', 'l', 'm', 'n', 'nine', 'o', 'oacute', 'odieresis', 'ohungarumlaut', 'one', 'p', 'parenleft', 'parenright', 'percent', 'period', 'plus', 'r', 's', 'seven', 'six', 'slash', 'space', 't', 'three', 'two', 'u', 'uacute', 'udieresis', 'uni239B', 'uni239C', 'uni239D', 'uni239E', 'uni239F', 'uni23A0', 'v', 'x', 'y', 'z', 'zero']
INFO Glyph IDs:   [0, 3, 4, 8, 11, 12, 13, 14, 15, 16, 17, 18, 19, 20, 21, 22, 23, 24, 25, 26, 27, 28, 29, 35, 36, 37, 38, 39, 40, 41, 42, 43, 44, 45, 46, 48, 49, 51, 53, 54, 55, 56, 57, 59, 68, 69, 70, 71, 72, 73, 74, 75, 76, 77, 78, 79, 80, 81, 82, 83, 85, 86, 87, 88, 89, 91, 92, 93, 106, 118, 131, 139, 156, 163, 171, 175, 181, 184, 188, 190, 243, 275, 671, 3507, 3508, 3509, 3510, 3511, 3512, 5042, 5923]
DEBUG Took 0.002s to close glyph list over 'glyf'
INFO Retaining 91 glyphs
INFO head subsetting not needed
INFO hhea subsetting not needed
INFO maxp subsetting not needed
INFO OS/2 subsetting not needed
DEBUG Reading 'hmtx' table from disk
DEBUG Decompiling 'hmtx' table
DEBUG Reading 'hhea' table from disk
DEBUG Decompiling 'hhea' table
DEBUG Took 0.007s to subset 'hmtx'
INFO hmtx subsetted
DEBUG Took 0.002s to subset 'cmap'
INFO cmap subsetted
INFO loca subsetting not needed
DEBUG Took 0.000s to subset 'post'
INFO post subsetted
INFO gasp subsetting not needed
INFO FFTM NOT subset; don't know how to subset
DEBUG Took 0.000s to subset 'MATH'
INFO MATH subsetted
DEBUG Reading 'GDEF' table from disk
DEBUG Decompiling 'GDEF' table
DEBUG Took 0.003s to subset 'GDEF'
INFO GDEF subsetted
INFO name subsetting not needed
DEBUG Took 0.003s to subset 'glyf'
INFO glyf subsetted
DEBUG Took 0.000s to subset GlyphOrder
DEBUG Took 0.000s to prune 'head'
INFO head pruned
DEBUG Reading 'OS/2' table from disk
DEBUG Decompiling 'OS/2' table
INFO OS/2 Unicode ranges pruned: [0, 1, 2, 62]
INFO OS/2 CodePage ranges pruned: [0]
DEBUG Took 0.002s to prune 'glyf'
INFO glyf pruned
DEBUG Took 0.000s to prune 'GDEF'
INFO GDEF pruned
DEBUG Reading 'name' table from disk
DEBUG Decompiling 'name' table
DEBUG Reading 'gasp' table from disk
DEBUG Decompiling 'gasp' table
DEBUG Reading 'FFTM' table from disk
DEBUG Decompiling 'FFTM' table
DEBUG Took 0.002s to prune 'name'
INFO name pruned
[DEBUG 2026-07-29 12:07:24] PDF generation finished.
[DEBUG 2026-07-29 12:07:24] SMTP Configuration: Host=mail.magyarmedia.com, Port=465, User=iroda@magyarmedia.com, TLS=True
[DEBUG 2026-07-29 12:07:24] Connecting to SMTP server...
[DEBUG 2026-07-29 12:07:24] Logging in (SSL)...
[DEBUG 2026-07-29 12:07:24] Sending message...
[DEBUG 2026-07-29 12:07:24] SMTP send clean success.
[DEBUG 2026-07-29 12:07:24] Checking IMAP...
[DEBUG 2026-07-29 12:07:24] Connecting to IMAP mail.magyarmedia.com
WARNING Not Found: /api/contacts/994/
/home/ceze/pixisys/pixinvoice/invoice_app/venv/lib/python3.11/site-packages/rest_framework/pagination.py:200: UnorderedObjectListWarning: Pagination may yield inconsistent results with an unordered object_list: <class 'invoices.models.CompanyEmailSettings'> QuerySet.
  paginator = self.django_paginator_class(queryset, page_size)
[DEBUG 2026-07-29 15:03:43] send_email called for pk=3c89f41c-5094-43c0-90d8-096aece42167
DEBUG: Invoice fetched: CZHUF2026000251
[DEBUG 2026-07-29 15:03:44] Starting PDF generation...
WARNING Ignored `word-break: break-word` at 133:13, invalid value.
WARNING Ignored `word-break: break-word` at 145:13, invalid value.
WARNING Ignored `word-break: break-word` at 183:48, invalid value.
DEBUG Reading 'maxp' table from disk
DEBUG Decompiling 'maxp' table
DEBUG Took 0.001s to load 'maxp'
DEBUG Took 0.000s to prune 'maxp'
INFO maxp pruned
DEBUG Reading 'cmap' table from disk
DEBUG Decompiling 'cmap' table
DEBUG Reading 'post' table from disk
DEBUG Decompiling 'post' table
DEBUG Took 0.012s to load 'cmap'
DEBUG Took 0.000s to prune 'cmap'
INFO cmap pruned
INFO fpgm dropped
INFO prep dropped
INFO cvt  dropped
INFO kern dropped
DEBUG Took 0.000s to load 'post'
DEBUG Took 0.000s to prune 'post'
INFO post pruned
INFO GPOS dropped
INFO GSUB dropped
DEBUG Reading 'glyf' table from disk
DEBUG Decompiling 'glyf' table
DEBUG Reading 'loca' table from disk
DEBUG Decompiling 'loca' table
DEBUG Reading 'head' table from disk
DEBUG Decompiling 'head' table
DEBUG Took 0.009s to load 'glyf'
DEBUG Took 0.000s to prune 'glyf'
INFO glyf pruned
DEBUG Took 0.001s to close glyph list over 'cmap'
INFO Added gid0 to subset
INFO Closing glyph list over 'glyf': 61 glyphs before
INFO Glyph names: ['.notdef', 'A', 'Aacute', 'B', 'C', 'D', 'E', 'F', 'G', 'H', 'J', 'K', 'M', 'N', 'O', 'Odieresis', 'R', 'S', 'T', 'U', 'Uacute', 'V', 'Y', 'Z', 'a', 'aacute', 'colon', 'd', 'e', 'eacute', 'eight', 'f', 'five', 'g', 'hyphen', 'j', 'k', 'l', 'm', 'n', 'nine', 'oacute', 'odieresis', 'ohungarumlaut', 'one', 'parenleft', 'parenright', 'period', 'r', 's', 'seven', 'six', 'space', 't', 'three', 'two', 'u', 'v', 'y', 'z', 'zero']
INFO Glyph IDs:   [0, 3, 11, 12, 16, 17, 19, 20, 21, 22, 24, 25, 26, 27, 28, 29, 36, 37, 38, 39, 40, 41, 42, 43, 45, 46, 48, 49, 50, 53, 54, 55, 56, 57, 60, 61, 68, 71, 72, 73, 74, 77, 78, 79, 80, 81, 85, 86, 87, 88, 89, 92, 93, 131, 152, 156, 163, 171, 181, 184, 275]
INFO Closed glyph list over 'glyf': 67 glyphs after
INFO Glyph names: ['.notdef', 'A', 'Aacute', 'Acute', 'B', 'C', 'D', 'Dieresis', 'E', 'F', 'G', 'H', 'J', 'K', 'M', 'N', 'O', 'Odieresis', 'R', 'S', 'T', 'U', 'Uacute', 'V', 'Y', 'Z', 'a', 'aacute', 'acute', 'colon', 'd', 'dieresis', 'e', 'eacute', 'eight', 'f', 'five', 'g', 'hungarumlaut', 'hyphen', 'j', 'k', 'l', 'm', 'n', 'nine', 'o', 'oacute', 'odieresis', 'ohungarumlaut', 'one', 'parenleft', 'parenright', 'period', 'r', 's', 'seven', 'six', 'space', 't', 'three', 'two', 'u', 'v', 'y', 'z', 'zero']
INFO Glyph IDs:   [0, 3, 11, 12, 16, 17, 19, 20, 21, 22, 24, 25, 26, 27, 28, 29, 36, 37, 38, 39, 40, 41, 42, 43, 45, 46, 48, 49, 50, 53, 54, 55, 56, 57, 60, 61, 68, 71, 72, 73, 74, 77, 78, 79, 80, 81, 82, 85, 86, 87, 88, 89, 92, 93, 106, 118, 131, 152, 156, 163, 171, 181, 184, 275, 671, 5902, 5903]
DEBUG Took 0.003s to close glyph list over 'glyf'
INFO Retaining 67 glyphs
INFO head subsetting not needed
INFO hhea subsetting not needed
INFO maxp subsetting not needed
INFO OS/2 subsetting not needed
DEBUG Reading 'hmtx' table from disk
DEBUG Decompiling 'hmtx' table
DEBUG Reading 'hhea' table from disk
DEBUG Decompiling 'hhea' table
DEBUG Took 0.007s to subset 'hmtx'
INFO hmtx subsetted
DEBUG Took 0.002s to subset 'cmap'
INFO cmap subsetted
INFO loca subsetting not needed
DEBUG Took 0.000s to subset 'post'
INFO post subsetted
INFO gasp subsetting not needed
INFO FFTM NOT subset; don't know how to subset
DEBUG Reading 'GDEF' table from disk
DEBUG Decompiling 'GDEF' table
DEBUG Took 0.003s to subset 'GDEF'
INFO GDEF subsetted
INFO name subsetting not needed
DEBUG Took 0.003s to subset 'glyf'
INFO glyf subsetted
DEBUG Took 0.000s to subset GlyphOrder
DEBUG Took 0.000s to prune 'head'
INFO head pruned
DEBUG Reading 'OS/2' table from disk
DEBUG Decompiling 'OS/2' table
INFO OS/2 Unicode ranges pruned: [0, 1, 2]
INFO OS/2 CodePage ranges pruned: [0]
DEBUG Took 0.002s to prune 'glyf'
INFO glyf pruned
DEBUG Took 0.000s to prune 'GDEF'
INFO GDEF pruned
DEBUG Reading 'name' table from disk
DEBUG Decompiling 'name' table
DEBUG Reading 'gasp' table from disk
DEBUG Decompiling 'gasp' table
DEBUG Reading 'FFTM' table from disk
DEBUG Decompiling 'FFTM' table
DEBUG Took 0.002s to prune 'name'
INFO name pruned
DEBUG Reading 'maxp' table from disk
DEBUG Decompiling 'maxp' table
DEBUG Took 0.001s to load 'maxp'
DEBUG Took 0.000s to prune 'maxp'
INFO maxp pruned
DEBUG Reading 'cmap' table from disk
DEBUG Decompiling 'cmap' table
DEBUG Reading 'post' table from disk
DEBUG Decompiling 'post' table
DEBUG Took 0.011s to load 'cmap'
DEBUG Took 0.000s to prune 'cmap'
INFO cmap pruned
INFO fpgm dropped
INFO prep dropped
INFO cvt  dropped
INFO kern dropped
DEBUG Took 0.000s to load 'post'
DEBUG Took 0.000s to prune 'post'
INFO post pruned
INFO GPOS dropped
INFO GSUB dropped
DEBUG Reading 'glyf' table from disk
DEBUG Decompiling 'glyf' table
DEBUG Reading 'loca' table from disk
DEBUG Decompiling 'loca' table
DEBUG Reading 'head' table from disk
DEBUG Decompiling 'head' table
DEBUG Took 0.009s to load 'glyf'
DEBUG Took 0.000s to prune 'glyf'
INFO glyf pruned
DEBUG Took 0.001s to close glyph list over 'cmap'
INFO Added gid0 to subset
INFO Closing glyph list over 'MATH': 79 glyphs before
INFO Glyph names: ['.notdef', 'A', 'Aacute', 'B', 'C', 'D', 'E', 'F', 'G', 'H', 'I', 'J', 'K', 'M', 'N', 'O', 'P', 'R', 'S', 'T', 'U', 'Uacute', 'V', 'X', 'a', 'aacute', 'at', 'b', 'c', 'colon', 'comma', 'd', 'e', 'eacute', 'eight', 'exclam', 'f', 'fi', 'five', 'four', 'g', 'h', 'hyphen', 'i', 'iacute', 'j', 'k', 'l', 'm', 'n', 'nine', 'o', 'oacute', 'odieresis', 'ohungarumlaut', 'one', 'p', 'parenleft', 'parenright', 'percent', 'period', 'plus', 'r', 's', 'seven', 'six', 'slash', 'space', 't', 'three', 'two', 'u', 'uacute', 'udieresis', 'v', 'x', 'y', 'z', 'zero']
INFO Glyph IDs:   [0, 3, 4, 8, 11, 12, 14, 15, 16, 17, 18, 19, 20, 21, 22, 23, 24, 25, 26, 27, 28, 29, 35, 36, 37, 38, 39, 40, 41, 42, 43, 44, 45, 46, 48, 49, 50, 51, 53, 54, 55, 56, 57, 59, 68, 69, 70, 71, 72, 73, 74, 75, 76, 77, 78, 79, 80, 81, 82, 83, 85, 86, 87, 88, 89, 91, 92, 93, 131, 156, 163, 171, 175, 181, 184, 188, 190, 275, 5042]
DEBUG Reading 'MATH' table from disk
DEBUG Decompiling 'MATH' table
INFO Closed glyph list over 'MATH': 85 glyphs after
INFO Glyph names: ['.notdef', 'A', 'Aacute', 'B', 'C', 'D', 'E', 'F', 'G', 'H', 'I', 'J', 'K', 'M', 'N', 'O', 'P', 'R', 'S', 'T', 'U', 'Uacute', 'V', 'X', 'a', 'aacute', 'at', 'b', 'c', 'colon', 'comma', 'd', 'e', 'eacute', 'eight', 'exclam', 'f', 'fi', 'five', 'four', 'g', 'h', 'hyphen', 'i', 'iacute', 'j', 'k', 'l', 'm', 'n', 'nine', 'o', 'oacute', 'odieresis', 'ohungarumlaut', 'one', 'p', 'parenleft', 'parenright', 'percent', 'period', 'plus', 'r', 's', 'seven', 'six', 'slash', 'space', 't', 'three', 'two', 'u', 'uacute', 'udieresis', 'uni239B', 'uni239C', 'uni239D', 'uni239E', 'uni239F', 'uni23A0', 'v', 'x', 'y', 'z', 'zero']
INFO Glyph IDs:   [0, 3, 4, 8, 11, 12, 14, 15, 16, 17, 18, 19, 20, 21, 22, 23, 24, 25, 26, 27, 28, 29, 35, 36, 37, 38, 39, 40, 41, 42, 43, 44, 45, 46, 48, 49, 50, 51, 53, 54, 55, 56, 57, 59, 68, 69, 70, 71, 72, 73, 74, 75, 76, 77, 78, 79, 80, 81, 82, 83, 85, 86, 87, 88, 89, 91, 92, 93, 131, 156, 163, 171, 175, 181, 184, 188, 190, 275, 3507, 3508, 3509, 3510, 3511, 3512, 5042]
DEBUG Took 0.007s to close glyph list over 'MATH'
INFO Closing glyph list over 'glyf': 85 glyphs before
INFO Glyph names: ['.notdef', 'A', 'Aacute', 'B', 'C', 'D', 'E', 'F', 'G', 'H', 'I', 'J', 'K', 'M', 'N', 'O', 'P', 'R', 'S', 'T', 'U', 'Uacute', 'V', 'X', 'a', 'aacute', 'at', 'b', 'c', 'colon', 'comma', 'd', 'e', 'eacute', 'eight', 'exclam', 'f', 'fi', 'five', 'four', 'g', 'h', 'hyphen', 'i', 'iacute', 'j', 'k', 'l', 'm', 'n', 'nine', 'o', 'oacute', 'odieresis', 'ohungarumlaut', 'one', 'p', 'parenleft', 'parenright', 'percent', 'period', 'plus', 'r', 's', 'seven', 'six', 'slash', 'space', 't', 'three', 'two', 'u', 'uacute', 'udieresis', 'uni239B', 'uni239C', 'uni239D', 'uni239E', 'uni239F', 'uni23A0', 'v', 'x', 'y', 'z', 'zero']
INFO Glyph IDs:   [0, 3, 4, 8, 11, 12, 14, 15, 16, 17, 18, 19, 20, 21, 22, 23, 24, 25, 26, 27, 28, 29, 35, 36, 37, 38, 39, 40, 41, 42, 43, 44, 45, 46, 48, 49, 50, 51, 53, 54, 55, 56, 57, 59, 68, 69, 70, 71, 72, 73, 74, 75, 76, 77, 78, 79, 80, 81, 82, 83, 85, 86, 87, 88, 89, 91, 92, 93, 131, 156, 163, 171, 175, 181, 184, 188, 190, 275, 3507, 3508, 3509, 3510, 3511, 3512, 5042]
INFO Closed glyph list over 'glyf': 90 glyphs after
INFO Glyph names: ['.notdef', 'A', 'Aacute', 'Acute', 'B', 'C', 'D', 'E', 'F', 'G', 'H', 'I', 'J', 'K', 'M', 'N', 'O', 'P', 'R', 'S', 'T', 'U', 'Uacute', 'V', 'X', 'a', 'aacute', 'acute', 'at', 'b', 'c', 'colon', 'comma', 'd', 'dieresis', 'dotlessi', 'e', 'eacute', 'eight', 'exclam', 'f', 'fi', 'five', 'four', 'g', 'h', 'hungarumlaut', 'hyphen', 'i', 'iacute', 'j', 'k', 'l', 'm', 'n', 'nine', 'o', 'oacute', 'odieresis', 'ohungarumlaut', 'one', 'p', 'parenleft', 'parenright', 'percent', 'period', 'plus', 'r', 's', 'seven', 'six', 'slash', 'space', 't', 'three', 'two', 'u', 'uacute', 'udieresis', 'uni239B', 'uni239C', 'uni239D', 'uni239E', 'uni239F', 'uni23A0', 'v', 'x', 'y', 'z', 'zero']
INFO Glyph IDs:   [0, 3, 4, 8, 11, 12, 14, 15, 16, 17, 18, 19, 20, 21, 22, 23, 24, 25, 26, 27, 28, 29, 35, 36, 37, 38, 39, 40, 41, 42, 43, 44, 45, 46, 48, 49, 50, 51, 53, 54, 55, 56, 57, 59, 68, 69, 70, 71, 72, 73, 74, 75, 76, 77, 78, 79, 80, 81, 82, 83, 85, 86, 87, 88, 89, 91, 92, 93, 106, 118, 131, 156, 163, 171, 175, 181, 184, 188, 190, 243, 275, 671, 3507, 3508, 3509, 3510, 3511, 3512, 5042, 5923]
DEBUG Took 0.002s to close glyph list over 'glyf'
INFO Retaining 90 glyphs
INFO head subsetting not needed
INFO hhea subsetting not needed
INFO maxp subsetting not needed
INFO OS/2 subsetting not needed
DEBUG Reading 'hmtx' table from disk
DEBUG Decompiling 'hmtx' table
DEBUG Reading 'hhea' table from disk
DEBUG Decompiling 'hhea' table
DEBUG Took 0.006s to subset 'hmtx'
INFO hmtx subsetted
DEBUG Took 0.002s to subset 'cmap'
INFO cmap subsetted
INFO loca subsetting not needed
DEBUG Took 0.000s to subset 'post'
INFO post subsetted
INFO gasp subsetting not needed
INFO FFTM NOT subset; don't know how to subset
DEBUG Took 0.000s to subset 'MATH'
INFO MATH subsetted
DEBUG Reading 'GDEF' table from disk
DEBUG Decompiling 'GDEF' table
DEBUG Took 0.003s to subset 'GDEF'
INFO GDEF subsetted
INFO name subsetting not needed
DEBUG Took 0.004s to subset 'glyf'
INFO glyf subsetted
DEBUG Took 0.000s to subset GlyphOrder
DEBUG Took 0.000s to prune 'head'
INFO head pruned
DEBUG Reading 'OS/2' table from disk
DEBUG Decompiling 'OS/2' table
INFO OS/2 Unicode ranges pruned: [0, 1, 2, 62]
INFO OS/2 CodePage ranges pruned: [0]
DEBUG Took 0.002s to prune 'glyf'
INFO glyf pruned
DEBUG Took 0.000s to prune 'GDEF'
INFO GDEF pruned
DEBUG Reading 'name' table from disk
DEBUG Decompiling 'name' table
DEBUG Reading 'gasp' table from disk
DEBUG Decompiling 'gasp' table
DEBUG Reading 'FFTM' table from disk
DEBUG Decompiling 'FFTM' table
DEBUG Took 0.002s to prune 'name'
INFO name pruned
[DEBUG 2026-07-29 15:03:45] PDF generation finished.
[DEBUG 2026-07-29 15:03:45] SMTP Configuration: Host=mail.magyarmedia.com, Port=465, User=iroda@magyarmedia.com, TLS=True
[DEBUG 2026-07-29 15:03:45] Connecting to SMTP server...
[DEBUG 2026-07-29 15:03:46] Logging in (SSL)...
[DEBUG 2026-07-29 15:03:46] Sending message...
[DEBUG 2026-07-29 15:03:46] SMTP send clean success.
[DEBUG 2026-07-29 15:03:46] Checking IMAP...
[DEBUG 2026-07-29 15:03:46] Connecting to IMAP mail.magyarmedia.com
WARNING Ignored `word-break: break-word` at 133:13, invalid value.
WARNING Ignored `word-break: break-word` at 145:13, invalid value.
WARNING Ignored `word-break: break-word` at 183:48, invalid value.
DEBUG Reading 'maxp' table from disk
DEBUG Decompiling 'maxp' table
DEBUG Took 0.001s to load 'maxp'
DEBUG Took 0.000s to prune 'maxp'
INFO maxp pruned
DEBUG Reading 'cmap' table from disk
DEBUG Decompiling 'cmap' table
DEBUG Reading 'post' table from disk
DEBUG Decompiling 'post' table
DEBUG Took 0.012s to load 'cmap'
DEBUG Took 0.000s to prune 'cmap'
INFO cmap pruned
INFO fpgm dropped
INFO prep dropped
INFO cvt  dropped
INFO kern dropped
DEBUG Took 0.000s to load 'post'
DEBUG Took 0.000s to prune 'post'
INFO post pruned
INFO GPOS dropped
INFO GSUB dropped
DEBUG Reading 'glyf' table from disk
DEBUG Decompiling 'glyf' table
DEBUG Reading 'loca' table from disk
DEBUG Decompiling 'loca' table
DEBUG Reading 'head' table from disk
DEBUG Decompiling 'head' table
DEBUG Took 0.009s to load 'glyf'
DEBUG Took 0.000s to prune 'glyf'
INFO glyf pruned
DEBUG Took 0.001s to close glyph list over 'cmap'
INFO Added gid0 to subset
INFO Closing glyph list over 'glyf': 61 glyphs before
INFO Glyph names: ['.notdef', 'A', 'Aacute', 'B', 'C', 'D', 'E', 'F', 'G', 'H', 'J', 'K', 'M', 'N', 'O', 'Odieresis', 'R', 'S', 'T', 'U', 'Uacute', 'V', 'Y', 'Z', 'a', 'aacute', 'colon', 'd', 'e', 'eacute', 'eight', 'f', 'five', 'four', 'g', 'hyphen', 'j', 'k', 'l', 'm', 'n', 'nine', 'oacute', 'odieresis', 'ohungarumlaut', 'one', 'parenleft', 'parenright', 'period', 'r', 's', 'seven', 'six', 'space', 't', 'two', 'u', 'v', 'y', 'z', 'zero']
INFO Glyph IDs:   [0, 3, 11, 12, 16, 17, 19, 20, 21, 23, 24, 25, 26, 27, 28, 29, 36, 37, 38, 39, 40, 41, 42, 43, 45, 46, 48, 49, 50, 53, 54, 55, 56, 57, 60, 61, 68, 71, 72, 73, 74, 77, 78, 79, 80, 81, 85, 86, 87, 88, 89, 92, 93, 131, 152, 156, 163, 171, 181, 184, 275]
INFO Closed glyph list over 'glyf': 67 glyphs after
INFO Glyph names: ['.notdef', 'A', 'Aacute', 'Acute', 'B', 'C', 'D', 'Dieresis', 'E', 'F', 'G', 'H', 'J', 'K', 'M', 'N', 'O', 'Odieresis', 'R', 'S', 'T', 'U', 'Uacute', 'V', 'Y', 'Z', 'a', 'aacute', 'acute', 'colon', 'd', 'dieresis', 'e', 'eacute', 'eight', 'f', 'five', 'four', 'g', 'hungarumlaut', 'hyphen', 'j', 'k', 'l', 'm', 'n', 'nine', 'o', 'oacute', 'odieresis', 'ohungarumlaut', 'one', 'parenleft', 'parenright', 'period', 'r', 's', 'seven', 'six', 'space', 't', 'two', 'u', 'v', 'y', 'z', 'zero']
INFO Glyph IDs:   [0, 3, 11, 12, 16, 17, 19, 20, 21, 23, 24, 25, 26, 27, 28, 29, 36, 37, 38, 39, 40, 41, 42, 43, 45, 46, 48, 49, 50, 53, 54, 55, 56, 57, 60, 61, 68, 71, 72, 73, 74, 77, 78, 79, 80, 81, 82, 85, 86, 87, 88, 89, 92, 93, 106, 118, 131, 152, 156, 163, 171, 181, 184, 275, 671, 5902, 5903]
DEBUG Took 0.003s to close glyph list over 'glyf'
INFO Retaining 67 glyphs
INFO head subsetting not needed
INFO hhea subsetting not needed
INFO maxp subsetting not needed
INFO OS/2 subsetting not needed
DEBUG Reading 'hmtx' table from disk
DEBUG Decompiling 'hmtx' table
DEBUG Reading 'hhea' table from disk
DEBUG Decompiling 'hhea' table
DEBUG Took 0.007s to subset 'hmtx'
INFO hmtx subsetted
DEBUG Took 0.002s to subset 'cmap'
INFO cmap subsetted
INFO loca subsetting not needed
DEBUG Took 0.000s to subset 'post'
INFO post subsetted
INFO gasp subsetting not needed
INFO FFTM NOT subset; don't know how to subset
DEBUG Reading 'GDEF' table from disk
DEBUG Decompiling 'GDEF' table
DEBUG Took 0.003s to subset 'GDEF'
INFO GDEF subsetted
INFO name subsetting not needed
DEBUG Took 0.004s to subset 'glyf'
INFO glyf subsetted
DEBUG Took 0.000s to subset GlyphOrder
DEBUG Took 0.000s to prune 'head'
INFO head pruned
DEBUG Reading 'OS/2' table from disk
DEBUG Decompiling 'OS/2' table
INFO OS/2 Unicode ranges pruned: [0, 1, 2]
INFO OS/2 CodePage ranges pruned: [0]
DEBUG Took 0.002s to prune 'glyf'
INFO glyf pruned
DEBUG Took 0.000s to prune 'GDEF'
INFO GDEF pruned
DEBUG Reading 'name' table from disk
DEBUG Decompiling 'name' table
DEBUG Reading 'gasp' table from disk
DEBUG Decompiling 'gasp' table
DEBUG Reading 'FFTM' table from disk
DEBUG Decompiling 'FFTM' table
DEBUG Took 0.002s to prune 'name'
INFO name pruned
DEBUG Reading 'maxp' table from disk
DEBUG Decompiling 'maxp' table
DEBUG Took 0.001s to load 'maxp'
DEBUG Took 0.000s to prune 'maxp'
INFO maxp pruned
DEBUG Reading 'cmap' table from disk
DEBUG Decompiling 'cmap' table
DEBUG Reading 'post' table from disk
DEBUG Decompiling 'post' table
DEBUG Took 0.012s to load 'cmap'
DEBUG Took 0.000s to prune 'cmap'
INFO cmap pruned
INFO fpgm dropped
INFO prep dropped
INFO cvt  dropped
INFO kern dropped
DEBUG Took 0.000s to load 'post'
DEBUG Took 0.000s to prune 'post'
INFO post pruned
INFO GPOS dropped
INFO GSUB dropped
DEBUG Reading 'glyf' table from disk
DEBUG Decompiling 'glyf' table
DEBUG Reading 'loca' table from disk
DEBUG Decompiling 'loca' table
DEBUG Reading 'head' table from disk
DEBUG Decompiling 'head' table
DEBUG Took 0.009s to load 'glyf'
DEBUG Took 0.000s to prune 'glyf'
INFO glyf pruned
DEBUG Took 0.001s to close glyph list over 'cmap'
INFO Added gid0 to subset
INFO Closing glyph list over 'MATH': 77 glyphs before
INFO Glyph names: ['.notdef', 'A', 'B', 'C', 'D', 'E', 'F', 'G', 'H', 'I', 'J', 'K', 'M', 'N', 'O', 'P', 'R', 'S', 'T', 'U', 'Uacute', 'V', 'X', 'a', 'aacute', 'at', 'b', 'c', 'colon', 'comma', 'd', 'e', 'eacute', 'eight', 'exclam', 'f', 'five', 'four', 'g', 'h', 'hyphen', 'i', 'iacute', 'j', 'k', 'l', 'm', 'n', 'nine', 'o', 'oacute', 'odieresis', 'ohungarumlaut', 'one', 'p', 'parenleft', 'parenright', 'percent', 'period', 'plus', 'r', 's', 'seven', 'six', 'slash', 'space', 't', 'three', 'two', 'u', 'uacute', 'udieresis', 'v', 'x', 'y', 'z', 'zero']
INFO Glyph IDs:   [0, 3, 4, 8, 11, 12, 14, 15, 16, 17, 18, 19, 20, 21, 22, 23, 24, 25, 26, 27, 28, 29, 35, 36, 37, 38, 39, 40, 41, 42, 43, 44, 45, 46, 48, 49, 50, 51, 53, 54, 55, 56, 57, 59, 68, 69, 70, 71, 72, 73, 74, 75, 76, 77, 78, 79, 80, 81, 82, 83, 85, 86, 87, 88, 89, 91, 92, 93, 156, 163, 171, 175, 181, 184, 188, 190, 275]
DEBUG Reading 'MATH' table from disk
DEBUG Decompiling 'MATH' table
INFO Closed glyph list over 'MATH': 83 glyphs after
INFO Glyph names: ['.notdef', 'A', 'B', 'C', 'D', 'E', 'F', 'G', 'H', 'I', 'J', 'K', 'M', 'N', 'O', 'P', 'R', 'S', 'T', 'U', 'Uacute', 'V', 'X', 'a', 'aacute', 'at', 'b', 'c', 'colon', 'comma', 'd', 'e', 'eacute', 'eight', 'exclam', 'f', 'five', 'four', 'g', 'h', 'hyphen', 'i', 'iacute', 'j', 'k', 'l', 'm', 'n', 'nine', 'o', 'oacute', 'odieresis', 'ohungarumlaut', 'one', 'p', 'parenleft', 'parenright', 'percent', 'period', 'plus', 'r', 's', 'seven', 'six', 'slash', 'space', 't', 'three', 'two', 'u', 'uacute', 'udieresis', 'uni239B', 'uni239C', 'uni239D', 'uni239E', 'uni239F', 'uni23A0', 'v', 'x', 'y', 'z', 'zero']
INFO Glyph IDs:   [0, 3, 4, 8, 11, 12, 14, 15, 16, 17, 18, 19, 20, 21, 22, 23, 24, 25, 26, 27, 28, 29, 35, 36, 37, 38, 39, 40, 41, 42, 43, 44, 45, 46, 48, 49, 50, 51, 53, 54, 55, 56, 57, 59, 68, 69, 70, 71, 72, 73, 74, 75, 76, 77, 78, 79, 80, 81, 82, 83, 85, 86, 87, 88, 89, 91, 92, 93, 156, 163, 171, 175, 181, 184, 188, 190, 275, 3507, 3508, 3509, 3510, 3511, 3512]
DEBUG Took 0.007s to close glyph list over 'MATH'
INFO Closing glyph list over 'glyf': 83 glyphs before
INFO Glyph names: ['.notdef', 'A', 'B', 'C', 'D', 'E', 'F', 'G', 'H', 'I', 'J', 'K', 'M', 'N', 'O', 'P', 'R', 'S', 'T', 'U', 'Uacute', 'V', 'X', 'a', 'aacute', 'at', 'b', 'c', 'colon', 'comma', 'd', 'e', 'eacute', 'eight', 'exclam', 'f', 'five', 'four', 'g', 'h', 'hyphen', 'i', 'iacute', 'j', 'k', 'l', 'm', 'n', 'nine', 'o', 'oacute', 'odieresis', 'ohungarumlaut', 'one', 'p', 'parenleft', 'parenright', 'percent', 'period', 'plus', 'r', 's', 'seven', 'six', 'slash', 'space', 't', 'three', 'two', 'u', 'uacute', 'udieresis', 'uni239B', 'uni239C', 'uni239D', 'uni239E', 'uni239F', 'uni23A0', 'v', 'x', 'y', 'z', 'zero']
INFO Glyph IDs:   [0, 3, 4, 8, 11, 12, 14, 15, 16, 17, 18, 19, 20, 21, 22, 23, 24, 25, 26, 27, 28, 29, 35, 36, 37, 38, 39, 40, 41, 42, 43, 44, 45, 46, 48, 49, 50, 51, 53, 54, 55, 56, 57, 59, 68, 69, 70, 71, 72, 73, 74, 75, 76, 77, 78, 79, 80, 81, 82, 83, 85, 86, 87, 88, 89, 91, 92, 93, 156, 163, 171, 175, 181, 184, 188, 190, 275, 3507, 3508, 3509, 3510, 3511, 3512]
INFO Closed glyph list over 'glyf': 88 glyphs after
INFO Glyph names: ['.notdef', 'A', 'Acute', 'B', 'C', 'D', 'E', 'F', 'G', 'H', 'I', 'J', 'K', 'M', 'N', 'O', 'P', 'R', 'S', 'T', 'U', 'Uacute', 'V', 'X', 'a', 'aacute', 'acute', 'at', 'b', 'c', 'colon', 'comma', 'd', 'dieresis', 'dotlessi', 'e', 'eacute', 'eight', 'exclam', 'f', 'five', 'four', 'g', 'h', 'hungarumlaut', 'hyphen', 'i', 'iacute', 'j', 'k', 'l', 'm', 'n', 'nine', 'o', 'oacute', 'odieresis', 'ohungarumlaut', 'one', 'p', 'parenleft', 'parenright', 'percent', 'period', 'plus', 'r', 's', 'seven', 'six', 'slash', 'space', 't', 'three', 'two', 'u', 'uacute', 'udieresis', 'uni239B', 'uni239C', 'uni239D', 'uni239E', 'uni239F', 'uni23A0', 'v', 'x', 'y', 'z', 'zero']
INFO Glyph IDs:   [0, 3, 4, 8, 11, 12, 14, 15, 16, 17, 18, 19, 20, 21, 22, 23, 24, 25, 26, 27, 28, 29, 35, 36, 37, 38, 39, 40, 41, 42, 43, 44, 45, 46, 48, 49, 50, 51, 53, 54, 55, 56, 57, 59, 68, 69, 70, 71, 72, 73, 74, 75, 76, 77, 78, 79, 80, 81, 82, 83, 85, 86, 87, 88, 89, 91, 92, 93, 106, 118, 156, 163, 171, 175, 181, 184, 188, 190, 243, 275, 671, 3507, 3508, 3509, 3510, 3511, 3512, 5923]
DEBUG Took 0.002s to close glyph list over 'glyf'
INFO Retaining 88 glyphs
INFO head subsetting not needed
INFO hhea subsetting not needed
INFO maxp subsetting not needed
INFO OS/2 subsetting not needed
DEBUG Reading 'hmtx' table from disk
DEBUG Decompiling 'hmtx' table
DEBUG Reading 'hhea' table from disk
DEBUG Decompiling 'hhea' table
DEBUG Took 0.007s to subset 'hmtx'
INFO hmtx subsetted
DEBUG Took 0.002s to subset 'cmap'
INFO cmap subsetted
INFO loca subsetting not needed
DEBUG Took 0.000s to subset 'post'
INFO post subsetted
INFO gasp subsetting not needed
INFO FFTM NOT subset; don't know how to subset
DEBUG Took 0.000s to subset 'MATH'
INFO MATH subsetted
DEBUG Reading 'GDEF' table from disk
DEBUG Decompiling 'GDEF' table
DEBUG Took 0.003s to subset 'GDEF'
INFO GDEF subsetted
INFO name subsetting not needed
DEBUG Took 0.004s to subset 'glyf'
INFO glyf subsetted
DEBUG Took 0.000s to subset GlyphOrder
DEBUG Took 0.000s to prune 'head'
INFO head pruned
DEBUG Reading 'OS/2' table from disk
DEBUG Decompiling 'OS/2' table
INFO OS/2 Unicode ranges pruned: [0, 1, 2]
INFO OS/2 CodePage ranges pruned: [0]
DEBUG Took 0.002s to prune 'glyf'
INFO glyf pruned
DEBUG Took 0.000s to prune 'GDEF'
INFO GDEF pruned
DEBUG Reading 'name' table from disk
DEBUG Decompiling 'name' table
DEBUG Reading 'gasp' table from disk
DEBUG Decompiling 'gasp' table
DEBUG Reading 'FFTM' table from disk
DEBUG Decompiling 'FFTM' table
DEBUG Took 0.002s to prune 'name'
INFO name pruned
WARNING Forbidden: /api/auth/profile/
WARNING Not Found: /api/auth/token/refresh/
WARNING Unauthorized: /api/menu-badges/
/home/ceze/pixisys/pixinvoice/invoice_app/venv/lib/python3.11/site-packages/rest_framework/pagination.py:200: UnorderedObjectListWarning: Pagination may yield inconsistent results with an unordered object_list: <class 'invoices.models.CompanyEmailSettings'> QuerySet.
  paginator = self.django_paginator_class(queryset, page_size)
WARNING Ignored `word-break: break-word` at 133:13, invalid value.
WARNING Ignored `word-break: break-word` at 145:13, invalid value.
WARNING Ignored `word-break: break-word` at 183:48, invalid value.
DEBUG Reading 'maxp' table from disk
DEBUG Decompiling 'maxp' table
DEBUG Took 0.001s to load 'maxp'
DEBUG Took 0.000s to prune 'maxp'
INFO maxp pruned
DEBUG Reading 'cmap' table from disk
DEBUG Decompiling 'cmap' table
DEBUG Reading 'post' table from disk
DEBUG Decompiling 'post' table
DEBUG Took 0.013s to load 'cmap'
DEBUG Took 0.000s to prune 'cmap'
INFO cmap pruned
INFO fpgm dropped
INFO prep dropped
INFO cvt  dropped
INFO kern dropped
DEBUG Took 0.000s to load 'post'
DEBUG Took 0.000s to prune 'post'
INFO post pruned
INFO GPOS dropped
INFO GSUB dropped
DEBUG Reading 'glyf' table from disk
DEBUG Decompiling 'glyf' table
DEBUG Reading 'loca' table from disk
DEBUG Decompiling 'loca' table
DEBUG Reading 'head' table from disk
DEBUG Decompiling 'head' table
DEBUG Took 0.008s to load 'glyf'
DEBUG Took 0.000s to prune 'glyf'
INFO glyf pruned
DEBUG Took 0.001s to close glyph list over 'cmap'
INFO Added gid0 to subset
INFO Closing glyph list over 'glyf': 66 glyphs before
INFO Glyph names: ['.notdef', 'A', 'Aacute', 'B', 'C', 'D', 'E', 'Eacute', 'F', 'G', 'H', 'I', 'K', 'L', 'M', 'N', 'O', 'Oacute', 'Odieresis', 'Ohungarumlaut', 'R', 'S', 'T', 'U', 'Uhungarumlaut', 'V', 'W', 'Y', 'Z', 'a', 'aacute', 'colon', 'd', 'e', 'eacute', 'eight', 'f', 'five', 'four', 'g', 'hyphen', 'j', 'k', 'l', 'm', 'n', 'nine', 'oacute', 'odieresis', 'ohungarumlaut', 'one', 'parenleft', 'parenright', 'period', 'r', 's', 'six', 'space', 't', 'three', 'two', 'u', 'v', 'y', 'z', 'zero']
INFO Glyph IDs:   [0, 3, 11, 12, 16, 17, 19, 20, 21, 22, 23, 24, 25, 27, 28, 29, 36, 37, 38, 39, 40, 41, 42, 43, 44, 46, 47, 48, 49, 50, 53, 54, 55, 56, 57, 58, 60, 61, 68, 71, 72, 73, 74, 77, 78, 79, 80, 81, 85, 86, 87, 88, 89, 92, 93, 131, 139, 149, 152, 163, 171, 181, 184, 274, 275, 306]
INFO Closed glyph list over 'glyf': 73 glyphs after
INFO Glyph names: ['.notdef', 'A', 'Aacute', 'Acute', 'B', 'C', 'D', 'Dieresis', 'E', 'Eacute', 'F', 'G', 'H', 'Hungarumlaut', 'I', 'K', 'L', 'M', 'N', 'O', 'Oacute', 'Odieresis', 'Ohungarumlaut', 'R', 'S', 'T', 'U', 'Uhungarumlaut', 'V', 'W', 'Y', 'Z', 'a', 'aacute', 'acute', 'colon', 'd', 'dieresis', 'e', 'eacute', 'eight', 'f', 'five', 'four', 'g', 'hungarumlaut', 'hyphen', 'j', 'k', 'l', 'm', 'n', 'nine', 'o', 'oacute', 'odieresis', 'ohungarumlaut', 'one', 'parenleft', 'parenright', 'period', 'r', 's', 'six', 'space', 't', 'three', 'two', 'u', 'v', 'y', 'z', 'zero']
INFO Glyph IDs:   [0, 3, 11, 12, 16, 17, 19, 20, 21, 22, 23, 24, 25, 27, 28, 29, 36, 37, 38, 39, 40, 41, 42, 43, 44, 46, 47, 48, 49, 50, 53, 54, 55, 56, 57, 58, 60, 61, 68, 71, 72, 73, 74, 77, 78, 79, 80, 81, 82, 85, 86, 87, 88, 89, 92, 93, 106, 118, 131, 139, 149, 152, 163, 171, 181, 184, 274, 275, 306, 671, 5902, 5903, 5910]
DEBUG Took 0.004s to close glyph list over 'glyf'
INFO Retaining 73 glyphs
INFO head subsetting not needed
INFO hhea subsetting not needed
INFO maxp subsetting not needed
INFO OS/2 subsetting not needed
DEBUG Reading 'hmtx' table from disk
DEBUG Decompiling 'hmtx' table
DEBUG Reading 'hhea' table from disk
DEBUG Decompiling 'hhea' table
DEBUG Took 0.007s to subset 'hmtx'
INFO hmtx subsetted
DEBUG Took 0.002s to subset 'cmap'
INFO cmap subsetted
INFO loca subsetting not needed
DEBUG Took 0.000s to subset 'post'
INFO post subsetted
INFO gasp subsetting not needed
INFO FFTM NOT subset; don't know how to subset
DEBUG Reading 'GDEF' table from disk
DEBUG Decompiling 'GDEF' table
DEBUG Took 0.003s to subset 'GDEF'
INFO GDEF subsetted
INFO name subsetting not needed
DEBUG Took 0.004s to subset 'glyf'
INFO glyf subsetted
DEBUG Took 0.000s to subset GlyphOrder
DEBUG Took 0.000s to prune 'head'
INFO head pruned
DEBUG Reading 'OS/2' table from disk
DEBUG Decompiling 'OS/2' table
INFO OS/2 Unicode ranges pruned: [0, 1, 2]
INFO OS/2 CodePage ranges pruned: [0]
DEBUG Took 0.002s to prune 'glyf'
INFO glyf pruned
DEBUG Took 0.000s to prune 'GDEF'
INFO GDEF pruned
DEBUG Reading 'name' table from disk
DEBUG Decompiling 'name' table
DEBUG Reading 'gasp' table from disk
DEBUG Decompiling 'gasp' table
DEBUG Reading 'FFTM' table from disk
DEBUG Decompiling 'FFTM' table
DEBUG Took 0.002s to prune 'name'
INFO name pruned
DEBUG Reading 'maxp' table from disk
DEBUG Decompiling 'maxp' table
DEBUG Took 0.001s to load 'maxp'
DEBUG Took 0.000s to prune 'maxp'
INFO maxp pruned
DEBUG Reading 'cmap' table from disk
DEBUG Decompiling 'cmap' table
DEBUG Reading 'post' table from disk
DEBUG Decompiling 'post' table
DEBUG Took 0.012s to load 'cmap'
DEBUG Took 0.000s to prune 'cmap'
INFO cmap pruned
INFO fpgm dropped
INFO prep dropped
INFO cvt  dropped
INFO kern dropped
DEBUG Took 0.000s to load 'post'
DEBUG Took 0.000s to prune 'post'
INFO post pruned
INFO GPOS dropped
INFO GSUB dropped
DEBUG Reading 'glyf' table from disk
DEBUG Decompiling 'glyf' table
DEBUG Reading 'loca' table from disk
DEBUG Decompiling 'loca' table
DEBUG Reading 'head' table from disk
DEBUG Decompiling 'head' table
DEBUG Took 0.008s to load 'glyf'
DEBUG Took 0.000s to prune 'glyf'
INFO glyf pruned
DEBUG Took 0.001s to close glyph list over 'cmap'
INFO Added gid0 to subset
INFO Closing glyph list over 'MATH': 78 glyphs before
INFO Glyph names: ['.notdef', 'A', 'Aacute', 'B', 'C', 'D', 'E', 'F', 'H', 'I', 'J', 'K', 'L', 'M', 'N', 'O', 'P', 'R', 'S', 'T', 'U', 'Uacute', 'V', 'X', 'a', 'aacute', 'at', 'b', 'c', 'colon', 'comma', 'd', 'e', 'eacute', 'eight', 'exclam', 'f', 'five', 'four', 'g', 'h', 'hyphen', 'i', 'iacute', 'j', 'k', 'l', 'm', 'n', 'nine', 'o', 'oacute', 'odieresis', 'ohungarumlaut', 'one', 'p', 'parenleft', 'parenright', 'percent', 'period', 'plus', 'r', 's', 'seven', 'six', 'slash', 'space', 't', 'three', 'two', 'u', 'uacute', 'udieresis', 'v', 'x', 'y', 'z', 'zero']
INFO Glyph IDs:   [0, 3, 4, 8, 11, 12, 14, 15, 16, 17, 18, 19, 20, 21, 22, 23, 24, 25, 26, 27, 28, 29, 35, 36, 37, 38, 39, 40, 41, 43, 44, 45, 46, 47, 48, 49, 50, 51, 53, 54, 55, 56, 57, 59, 68, 69, 70, 71, 72, 73, 74, 75, 76, 77, 78, 79, 80, 81, 82, 83, 85, 86, 87, 88, 89, 91, 92, 93, 131, 156, 163, 171, 175, 181, 184, 188, 190, 275]
DEBUG Reading 'MATH' table from disk
DEBUG Decompiling 'MATH' table
INFO Closed glyph list over 'MATH': 84 glyphs after
INFO Glyph names: ['.notdef', 'A', 'Aacute', 'B', 'C', 'D', 'E', 'F', 'H', 'I', 'J', 'K', 'L', 'M', 'N', 'O', 'P', 'R', 'S', 'T', 'U', 'Uacute', 'V', 'X', 'a', 'aacute', 'at', 'b', 'c', 'colon', 'comma', 'd', 'e', 'eacute', 'eight', 'exclam', 'f', 'five', 'four', 'g', 'h', 'hyphen', 'i', 'iacute', 'j', 'k', 'l', 'm', 'n', 'nine', 'o', 'oacute', 'odieresis', 'ohungarumlaut', 'one', 'p', 'parenleft', 'parenright', 'percent', 'period', 'plus', 'r', 's', 'seven', 'six', 'slash', 'space', 't', 'three', 'two', 'u', 'uacute', 'udieresis', 'uni239B', 'uni239C', 'uni239D', 'uni239E', 'uni239F', 'uni23A0', 'v', 'x', 'y', 'z', 'zero']
INFO Glyph IDs:   [0, 3, 4, 8, 11, 12, 14, 15, 16, 17, 18, 19, 20, 21, 22, 23, 24, 25, 26, 27, 28, 29, 35, 36, 37, 38, 39, 40, 41, 43, 44, 45, 46, 47, 48, 49, 50, 51, 53, 54, 55, 56, 57, 59, 68, 69, 70, 71, 72, 73, 74, 75, 76, 77, 78, 79, 80, 81, 82, 83, 85, 86, 87, 88, 89, 91, 92, 93, 131, 156, 163, 171, 175, 181, 184, 188, 190, 275, 3507, 3508, 3509, 3510, 3511, 3512]
DEBUG Took 0.007s to close glyph list over 'MATH'
INFO Closing glyph list over 'glyf': 84 glyphs before
INFO Glyph names: ['.notdef', 'A', 'Aacute', 'B', 'C', 'D', 'E', 'F', 'H', 'I', 'J', 'K', 'L', 'M', 'N', 'O', 'P', 'R', 'S', 'T', 'U', 'Uacute', 'V', 'X', 'a', 'aacute', 'at', 'b', 'c', 'colon', 'comma', 'd', 'e', 'eacute', 'eight', 'exclam', 'f', 'five', 'four', 'g', 'h', 'hyphen', 'i', 'iacute', 'j', 'k', 'l', 'm', 'n', 'nine', 'o', 'oacute', 'odieresis', 'ohungarumlaut', 'one', 'p', 'parenleft', 'parenright', 'percent', 'period', 'plus', 'r', 's', 'seven', 'six', 'slash', 'space', 't', 'three', 'two', 'u', 'uacute', 'udieresis', 'uni239B', 'uni239C', 'uni239D', 'uni239E', 'uni239F', 'uni23A0', 'v', 'x', 'y', 'z', 'zero']
INFO Glyph IDs:   [0, 3, 4, 8, 11, 12, 14, 15, 16, 17, 18, 19, 20, 21, 22, 23, 24, 25, 26, 27, 28, 29, 35, 36, 37, 38, 39, 40, 41, 43, 44, 45, 46, 47, 48, 49, 50, 51, 53, 54, 55, 56, 57, 59, 68, 69, 70, 71, 72, 73, 74, 75, 76, 77, 78, 79, 80, 81, 82, 83, 85, 86, 87, 88, 89, 91, 92, 93, 131, 156, 163, 171, 175, 181, 184, 188, 190, 275, 3507, 3508, 3509, 3510, 3511, 3512]
INFO Closed glyph list over 'glyf': 89 glyphs after
INFO Glyph names: ['.notdef', 'A', 'Aacute', 'Acute', 'B', 'C', 'D', 'E', 'F', 'H', 'I', 'J', 'K', 'L', 'M', 'N', 'O', 'P', 'R', 'S', 'T', 'U', 'Uacute', 'V', 'X', 'a', 'aacute', 'acute', 'at', 'b', 'c', 'colon', 'comma', 'd', 'dieresis', 'dotlessi', 'e', 'eacute', 'eight', 'exclam', 'f', 'five', 'four', 'g', 'h', 'hungarumlaut', 'hyphen', 'i', 'iacute', 'j', 'k', 'l', 'm', 'n', 'nine', 'o', 'oacute', 'odieresis', 'ohungarumlaut', 'one', 'p', 'parenleft', 'parenright', 'percent', 'period', 'plus', 'r', 's', 'seven', 'six', 'slash', 'space', 't', 'three', 'two', 'u', 'uacute', 'udieresis', 'uni239B', 'uni239C', 'uni239D', 'uni239E', 'uni239F', 'uni23A0', 'v', 'x', 'y', 'z', 'zero']
INFO Glyph IDs:   [0, 3, 4, 8, 11, 12, 14, 15, 16, 17, 18, 19, 20, 21, 22, 23, 24, 25, 26, 27, 28, 29, 35, 36, 37, 38, 39, 40, 41, 43, 44, 45, 46, 47, 48, 49, 50, 51, 53, 54, 55, 56, 57, 59, 68, 69, 70, 71, 72, 73, 74, 75, 76, 77, 78, 79, 80, 81, 82, 83, 85, 86, 87, 88, 89, 91, 92, 93, 106, 118, 131, 156, 163, 171, 175, 181, 184, 188, 190, 243, 275, 671, 3507, 3508, 3509, 3510, 3511, 3512, 5923]
DEBUG Took 0.002s to close glyph list over 'glyf'
INFO Retaining 89 glyphs
INFO head subsetting not needed
INFO hhea subsetting not needed
INFO maxp subsetting not needed
INFO OS/2 subsetting not needed
DEBUG Reading 'hmtx' table from disk
DEBUG Decompiling 'hmtx' table
DEBUG Reading 'hhea' table from disk
DEBUG Decompiling 'hhea' table
DEBUG Took 0.097s to subset 'hmtx'
INFO hmtx subsetted
DEBUG Took 0.006s to subset 'cmap'
INFO cmap subsetted
INFO loca subsetting not needed
DEBUG Took 0.000s to subset 'post'
INFO post subsetted
INFO gasp subsetting not needed
INFO FFTM NOT subset; don't know how to subset
DEBUG Took 0.000s to subset 'MATH'
INFO MATH subsetted
DEBUG Reading 'GDEF' table from disk
DEBUG Decompiling 'GDEF' table
DEBUG Took 0.007s to subset 'GDEF'
INFO GDEF subsetted
INFO name subsetting not needed
DEBUG Took 0.007s to subset 'glyf'
INFO glyf subsetted
DEBUG Took 0.000s to subset GlyphOrder
DEBUG Took 0.000s to prune 'head'
INFO head pruned
DEBUG Reading 'OS/2' table from disk
DEBUG Decompiling 'OS/2' table
INFO OS/2 Unicode ranges pruned: [0, 1, 2]
INFO OS/2 CodePage ranges pruned: [0]
DEBUG Took 0.004s to prune 'glyf'
INFO glyf pruned
DEBUG Took 0.000s to prune 'GDEF'
INFO GDEF pruned
DEBUG Reading 'name' table from disk
DEBUG Decompiling 'name' table
DEBUG Reading 'gasp' table from disk
DEBUG Decompiling 'gasp' table
DEBUG Reading 'FFTM' table from disk
DEBUG Decompiling 'FFTM' table
DEBUG Took 0.004s to prune 'name'
INFO name pruned
WARNING Ignored `word-break: break-word` at 133:13, invalid value.
WARNING Ignored `word-break: break-word` at 145:13, invalid value.
WARNING Ignored `word-break: break-word` at 183:48, invalid value.
DEBUG Reading 'maxp' table from disk
DEBUG Decompiling 'maxp' table
DEBUG Took 0.001s to load 'maxp'
DEBUG Took 0.000s to prune 'maxp'
INFO maxp pruned
DEBUG Reading 'cmap' table from disk
DEBUG Decompiling 'cmap' table
DEBUG Reading 'post' table from disk
DEBUG Decompiling 'post' table
DEBUG Took 0.012s to load 'cmap'
DEBUG Took 0.000s to prune 'cmap'
INFO cmap pruned
INFO fpgm dropped
INFO prep dropped
INFO cvt  dropped
INFO kern dropped
DEBUG Took 0.000s to load 'post'
DEBUG Took 0.000s to prune 'post'
INFO post pruned
INFO GPOS dropped
INFO GSUB dropped
DEBUG Reading 'glyf' table from disk
DEBUG Decompiling 'glyf' table
DEBUG Reading 'loca' table from disk
DEBUG Decompiling 'loca' table
DEBUG Reading 'head' table from disk
DEBUG Decompiling 'head' table
DEBUG Took 0.009s to load 'glyf'
DEBUG Took 0.000s to prune 'glyf'
INFO glyf pruned
DEBUG Took 0.001s to close glyph list over 'cmap'
INFO Added gid0 to subset
INFO Closing glyph list over 'glyf': 65 glyphs before
INFO Glyph names: ['.notdef', 'A', 'Aacute', 'B', 'C', 'D', 'E', 'Eacute', 'F', 'G', 'H', 'I', 'K', 'L', 'M', 'N', 'O', 'Oacute', 'Odieresis', 'Ohungarumlaut', 'R', 'S', 'T', 'U', 'Uhungarumlaut', 'V', 'W', 'Y', 'Z', 'a', 'aacute', 'colon', 'd', 'e', 'eacute', 'eight', 'f', 'five', 'g', 'hyphen', 'j', 'k', 'l', 'm', 'n', 'nine', 'oacute', 'odieresis', 'ohungarumlaut', 'one', 'parenleft', 'parenright', 'period', 'r', 's', 'six', 'space', 't', 'three', 'two', 'u', 'v', 'y', 'z', 'zero']
INFO Glyph IDs:   [0, 3, 11, 12, 16, 17, 19, 20, 21, 22, 24, 25, 27, 28, 29, 36, 37, 38, 39, 40, 41, 42, 43, 44, 46, 47, 48, 49, 50, 53, 54, 55, 56, 57, 58, 60, 61, 68, 71, 72, 73, 74, 77, 78, 79, 80, 81, 85, 86, 87, 88, 89, 92, 93, 131, 139, 149, 152, 163, 171, 181, 184, 274, 275, 306]
INFO Closed glyph list over 'glyf': 72 glyphs after
INFO Glyph names: ['.notdef', 'A', 'Aacute', 'Acute', 'B', 'C', 'D', 'Dieresis', 'E', 'Eacute', 'F', 'G', 'H', 'Hungarumlaut', 'I', 'K', 'L', 'M', 'N', 'O', 'Oacute', 'Odieresis', 'Ohungarumlaut', 'R', 'S', 'T', 'U', 'Uhungarumlaut', 'V', 'W', 'Y', 'Z', 'a', 'aacute', 'acute', 'colon', 'd', 'dieresis', 'e', 'eacute', 'eight', 'f', 'five', 'g', 'hungarumlaut', 'hyphen', 'j', 'k', 'l', 'm', 'n', 'nine', 'o', 'oacute', 'odieresis', 'ohungarumlaut', 'one', 'parenleft', 'parenright', 'period', 'r', 's', 'six', 'space', 't', 'three', 'two', 'u', 'v', 'y', 'z', 'zero']
INFO Glyph IDs:   [0, 3, 11, 12, 16, 17, 19, 20, 21, 22, 24, 25, 27, 28, 29, 36, 37, 38, 39, 40, 41, 42, 43, 44, 46, 47, 48, 49, 50, 53, 54, 55, 56, 57, 58, 60, 61, 68, 71, 72, 73, 74, 77, 78, 79, 80, 81, 82, 85, 86, 87, 88, 89, 92, 93, 106, 118, 131, 139, 149, 152, 163, 171, 181, 184, 274, 275, 306, 671, 5902, 5903, 5910]
DEBUG Took 0.003s to close glyph list over 'glyf'
INFO Retaining 72 glyphs
INFO head subsetting not needed
INFO hhea subsetting not needed
INFO maxp subsetting not needed
INFO OS/2 subsetting not needed
DEBUG Reading 'hmtx' table from disk
DEBUG Decompiling 'hmtx' table
DEBUG Reading 'hhea' table from disk
DEBUG Decompiling 'hhea' table
DEBUG Took 0.006s to subset 'hmtx'
INFO hmtx subsetted
DEBUG Took 0.002s to subset 'cmap'
INFO cmap subsetted
INFO loca subsetting not needed
DEBUG Took 0.000s to subset 'post'
INFO post subsetted
INFO gasp subsetting not needed
INFO FFTM NOT subset; don't know how to subset
DEBUG Reading 'GDEF' table from disk
DEBUG Decompiling 'GDEF' table
DEBUG Took 0.003s to subset 'GDEF'
INFO GDEF subsetted
INFO name subsetting not needed
DEBUG Took 0.004s to subset 'glyf'
INFO glyf subsetted
DEBUG Took 0.000s to subset GlyphOrder
DEBUG Took 0.000s to prune 'head'
INFO head pruned
DEBUG Reading 'OS/2' table from disk
DEBUG Decompiling 'OS/2' table
INFO OS/2 Unicode ranges pruned: [0, 1, 2]
INFO OS/2 CodePage ranges pruned: [0]
DEBUG Took 0.002s to prune 'glyf'
INFO glyf pruned
DEBUG Took 0.000s to prune 'GDEF'
INFO GDEF pruned
DEBUG Reading 'name' table from disk
DEBUG Decompiling 'name' table
DEBUG Reading 'gasp' table from disk
DEBUG Decompiling 'gasp' table
DEBUG Reading 'FFTM' table from disk
DEBUG Decompiling 'FFTM' table
DEBUG Took 0.002s to prune 'name'
INFO name pruned
DEBUG Reading 'maxp' table from disk
DEBUG Decompiling 'maxp' table
DEBUG Took 0.001s to load 'maxp'
DEBUG Took 0.000s to prune 'maxp'
INFO maxp pruned
DEBUG Reading 'cmap' table from disk
DEBUG Decompiling 'cmap' table
DEBUG Reading 'post' table from disk
DEBUG Decompiling 'post' table
DEBUG Took 0.012s to load 'cmap'
DEBUG Took 0.000s to prune 'cmap'
INFO cmap pruned
INFO fpgm dropped
INFO prep dropped
INFO cvt  dropped
INFO kern dropped
DEBUG Took 0.000s to load 'post'
DEBUG Took 0.000s to prune 'post'
INFO post pruned
INFO GPOS dropped
INFO GSUB dropped
DEBUG Reading 'glyf' table from disk
DEBUG Decompiling 'glyf' table
DEBUG Reading 'loca' table from disk
DEBUG Decompiling 'loca' table
DEBUG Reading 'head' table from disk
DEBUG Decompiling 'head' table
DEBUG Took 0.009s to load 'glyf'
DEBUG Took 0.000s to prune 'glyf'
INFO glyf pruned
DEBUG Took 0.001s to close glyph list over 'cmap'
INFO Added gid0 to subset
INFO Closing glyph list over 'MATH': 77 glyphs before
INFO Glyph names: ['.notdef', 'A', 'Aacute', 'B', 'C', 'D', 'E', 'F', 'H', 'I', 'J', 'K', 'M', 'N', 'O', 'P', 'R', 'S', 'T', 'U', 'Uacute', 'V', 'X', 'a', 'aacute', 'at', 'b', 'c', 'colon', 'comma', 'd', 'e', 'eacute', 'eight', 'exclam', 'f', 'five', 'four', 'g', 'h', 'hyphen', 'i', 'iacute', 'j', 'k', 'l', 'm', 'n', 'nine', 'o', 'oacute', 'odieresis', 'ohungarumlaut', 'one', 'p', 'parenleft', 'parenright', 'percent', 'period', 'plus', 'r', 's', 'seven', 'six', 'slash', 'space', 't', 'three', 'two', 'u', 'uacute', 'udieresis', 'v', 'x', 'y', 'z', 'zero']
INFO Glyph IDs:   [0, 3, 4, 8, 11, 12, 14, 15, 16, 17, 18, 19, 20, 21, 22, 23, 24, 25, 26, 27, 28, 29, 35, 36, 37, 38, 39, 40, 41, 43, 44, 45, 46, 48, 49, 50, 51, 53, 54, 55, 56, 57, 59, 68, 69, 70, 71, 72, 73, 74, 75, 76, 77, 78, 79, 80, 81, 82, 83, 85, 86, 87, 88, 89, 91, 92, 93, 131, 156, 163, 171, 175, 181, 184, 188, 190, 275]
DEBUG Reading 'MATH' table from disk
DEBUG Decompiling 'MATH' table
INFO Closed glyph list over 'MATH': 83 glyphs after
INFO Glyph names: ['.notdef', 'A', 'Aacute', 'B', 'C', 'D', 'E', 'F', 'H', 'I', 'J', 'K', 'M', 'N', 'O', 'P', 'R', 'S', 'T', 'U', 'Uacute', 'V', 'X', 'a', 'aacute', 'at', 'b', 'c', 'colon', 'comma', 'd', 'e', 'eacute', 'eight', 'exclam', 'f', 'five', 'four', 'g', 'h', 'hyphen', 'i', 'iacute', 'j', 'k', 'l', 'm', 'n', 'nine', 'o', 'oacute', 'odieresis', 'ohungarumlaut', 'one', 'p', 'parenleft', 'parenright', 'percent', 'period', 'plus', 'r', 's', 'seven', 'six', 'slash', 'space', 't', 'three', 'two', 'u', 'uacute', 'udieresis', 'uni239B', 'uni239C', 'uni239D', 'uni239E', 'uni239F', 'uni23A0', 'v', 'x', 'y', 'z', 'zero']
INFO Glyph IDs:   [0, 3, 4, 8, 11, 12, 14, 15, 16, 17, 18, 19, 20, 21, 22, 23, 24, 25, 26, 27, 28, 29, 35, 36, 37, 38, 39, 40, 41, 43, 44, 45, 46, 48, 49, 50, 51, 53, 54, 55, 56, 57, 59, 68, 69, 70, 71, 72, 73, 74, 75, 76, 77, 78, 79, 80, 81, 82, 83, 85, 86, 87, 88, 89, 91, 92, 93, 131, 156, 163, 171, 175, 181, 184, 188, 190, 275, 3507, 3508, 3509, 3510, 3511, 3512]
DEBUG Took 0.006s to close glyph list over 'MATH'
INFO Closing glyph list over 'glyf': 83 glyphs before
INFO Glyph names: ['.notdef', 'A', 'Aacute', 'B', 'C', 'D', 'E', 'F', 'H', 'I', 'J', 'K', 'M', 'N', 'O', 'P', 'R', 'S', 'T', 'U', 'Uacute', 'V', 'X', 'a', 'aacute', 'at', 'b', 'c', 'colon', 'comma', 'd', 'e', 'eacute', 'eight', 'exclam', 'f', 'five', 'four', 'g', 'h', 'hyphen', 'i', 'iacute', 'j', 'k', 'l', 'm', 'n', 'nine', 'o', 'oacute', 'odieresis', 'ohungarumlaut', 'one', 'p', 'parenleft', 'parenright', 'percent', 'period', 'plus', 'r', 's', 'seven', 'six', 'slash', 'space', 't', 'three', 'two', 'u', 'uacute', 'udieresis', 'uni239B', 'uni239C', 'uni239D', 'uni239E', 'uni239F', 'uni23A0', 'v', 'x', 'y', 'z', 'zero']
INFO Glyph IDs:   [0, 3, 4, 8, 11, 12, 14, 15, 16, 17, 18, 19, 20, 21, 22, 23, 24, 25, 26, 27, 28, 29, 35, 36, 37, 38, 39, 40, 41, 43, 44, 45, 46, 48, 49, 50, 51, 53, 54, 55, 56, 57, 59, 68, 69, 70, 71, 72, 73, 74, 75, 76, 77, 78, 79, 80, 81, 82, 83, 85, 86, 87, 88, 89, 91, 92, 93, 131, 156, 163, 171, 175, 181, 184, 188, 190, 275, 3507, 3508, 3509, 3510, 3511, 3512]
INFO Closed glyph list over 'glyf': 88 glyphs after
INFO Glyph names: ['.notdef', 'A', 'Aacute', 'Acute', 'B', 'C', 'D', 'E', 'F', 'H', 'I', 'J', 'K', 'M', 'N', 'O', 'P', 'R', 'S', 'T', 'U', 'Uacute', 'V', 'X', 'a', 'aacute', 'acute', 'at', 'b', 'c', 'colon', 'comma', 'd', 'dieresis', 'dotlessi', 'e', 'eacute', 'eight', 'exclam', 'f', 'five', 'four', 'g', 'h', 'hungarumlaut', 'hyphen', 'i', 'iacute', 'j', 'k', 'l', 'm', 'n', 'nine', 'o', 'oacute', 'odieresis', 'ohungarumlaut', 'one', 'p', 'parenleft', 'parenright', 'percent', 'period', 'plus', 'r', 's', 'seven', 'six', 'slash', 'space', 't', 'three', 'two', 'u', 'uacute', 'udieresis', 'uni239B', 'uni239C', 'uni239D', 'uni239E', 'uni239F', 'uni23A0', 'v', 'x', 'y', 'z', 'zero']
INFO Glyph IDs:   [0, 3, 4, 8, 11, 12, 14, 15, 16, 17, 18, 19, 20, 21, 22, 23, 24, 25, 26, 27, 28, 29, 35, 36, 37, 38, 39, 40, 41, 43, 44, 45, 46, 48, 49, 50, 51, 53, 54, 55, 56, 57, 59, 68, 69, 70, 71, 72, 73, 74, 75, 76, 77, 78, 79, 80, 81, 82, 83, 85, 86, 87, 88, 89, 91, 92, 93, 106, 118, 131, 156, 163, 171, 175, 181, 184, 188, 190, 243, 275, 671, 3507, 3508, 3509, 3510, 3511, 3512, 5923]
DEBUG Took 0.002s to close glyph list over 'glyf'
INFO Retaining 88 glyphs
INFO head subsetting not needed
INFO hhea subsetting not needed
INFO maxp subsetting not needed
INFO OS/2 subsetting not needed
DEBUG Reading 'hmtx' table from disk
DEBUG Decompiling 'hmtx' table
DEBUG Reading 'hhea' table from disk
DEBUG Decompiling 'hhea' table
DEBUG Took 0.006s to subset 'hmtx'
INFO hmtx subsetted
DEBUG Took 0.002s to subset 'cmap'
INFO cmap subsetted
INFO loca subsetting not needed
DEBUG Took 0.000s to subset 'post'
INFO post subsetted
INFO gasp subsetting not needed
INFO FFTM NOT subset; don't know how to subset
DEBUG Took 0.000s to subset 'MATH'
INFO MATH subsetted
DEBUG Reading 'GDEF' table from disk
DEBUG Decompiling 'GDEF' table
DEBUG Took 0.003s to subset 'GDEF'
INFO GDEF subsetted
INFO name subsetting not needed
DEBUG Took 0.005s to subset 'glyf'
INFO glyf subsetted
DEBUG Took 0.000s to subset GlyphOrder
DEBUG Took 0.000s to prune 'head'
INFO head pruned
DEBUG Reading 'OS/2' table from disk
DEBUG Decompiling 'OS/2' table
INFO OS/2 Unicode ranges pruned: [0, 1, 2]
INFO OS/2 CodePage ranges pruned: [0]
DEBUG Took 0.002s to prune 'glyf'
INFO glyf pruned
DEBUG Took 0.000s to prune 'GDEF'
INFO GDEF pruned
DEBUG Reading 'name' table from disk
DEBUG Decompiling 'name' table
DEBUG Reading 'gasp' table from disk
DEBUG Decompiling 'gasp' table
DEBUG Reading 'FFTM' table from disk
DEBUG Decompiling 'FFTM' table
DEBUG Took 0.002s to prune 'name'
INFO name pruned
/home/ceze/pixisys/pixinvoice/invoice_app/venv/lib/python3.11/site-packages/rest_framework/pagination.py:200: UnorderedObjectListWarning: Pagination may yield inconsistent results with an unordered object_list: <class 'invoices.models.CompanyEmailSettings'> QuerySet.
  paginator = self.django_paginator_class(queryset, page_size)
[DEBUG 2026-07-29 15:12:59] send_email called for pk=f4821703-d433-487e-8218-352f608fdd89
DEBUG: Invoice fetched: CZHUF2026000255
[DEBUG 2026-07-29 15:12:59] Starting PDF generation...
WARNING Ignored `word-break: break-word` at 133:13, invalid value.
WARNING Ignored `word-break: break-word` at 145:13, invalid value.
WARNING Ignored `word-break: break-word` at 183:48, invalid value.
DEBUG Reading 'maxp' table from disk
DEBUG Decompiling 'maxp' table
DEBUG Took 0.001s to load 'maxp'
DEBUG Took 0.000s to prune 'maxp'
INFO maxp pruned
DEBUG Reading 'cmap' table from disk
DEBUG Decompiling 'cmap' table
DEBUG Reading 'post' table from disk
DEBUG Decompiling 'post' table
DEBUG Took 0.011s to load 'cmap'
DEBUG Took 0.000s to prune 'cmap'
INFO cmap pruned
INFO fpgm dropped
INFO prep dropped
INFO cvt  dropped
INFO kern dropped
DEBUG Took 0.000s to load 'post'
DEBUG Took 0.000s to prune 'post'
INFO post pruned
INFO GPOS dropped
INFO GSUB dropped
DEBUG Reading 'glyf' table from disk
DEBUG Decompiling 'glyf' table
DEBUG Reading 'loca' table from disk
DEBUG Decompiling 'loca' table
DEBUG Reading 'head' table from disk
DEBUG Decompiling 'head' table
DEBUG Took 0.010s to load 'glyf'
DEBUG Took 0.000s to prune 'glyf'
INFO glyf pruned
DEBUG Took 0.001s to close glyph list over 'cmap'
INFO Added gid0 to subset
INFO Closing glyph list over 'glyf': 61 glyphs before
INFO Glyph names: ['.notdef', 'A', 'Aacute', 'B', 'C', 'D', 'E', 'Eacute', 'F', 'G', 'H', 'I', 'K', 'L', 'M', 'N', 'Odieresis', 'Ohungarumlaut', 'R', 'S', 'T', 'U', 'V', 'Z', 'a', 'aacute', 'colon', 'd', 'e', 'eacute', 'eight', 'f', 'five', 'g', 'hyphen', 'j', 'k', 'l', 'm', 'n', 'nine', 'oacute', 'odieresis', 'ohungarumlaut', 'one', 'parenleft', 'parenright', 'period', 'r', 's', 'seven', 'six', 'space', 't', 'three', 'two', 'u', 'v', 'y', 'z', 'zero']
INFO Glyph IDs:   [0, 3, 11, 12, 16, 17, 19, 20, 21, 22, 24, 25, 26, 27, 28, 29, 36, 37, 38, 39, 40, 41, 42, 43, 44, 46, 47, 48, 49, 53, 54, 55, 56, 57, 61, 68, 71, 72, 73, 74, 77, 78, 79, 80, 81, 85, 86, 87, 88, 89, 92, 93, 131, 139, 152, 163, 171, 181, 184, 274, 275]
INFO Closed glyph list over 'glyf': 69 glyphs after
INFO Glyph names: ['.notdef', 'A', 'Aacute', 'Acute', 'B', 'C', 'D', 'Dieresis', 'E', 'Eacute', 'F', 'G', 'H', 'Hungarumlaut', 'I', 'K', 'L', 'M', 'N', 'O', 'Odieresis', 'Ohungarumlaut', 'R', 'S', 'T', 'U', 'V', 'Z', 'a', 'aacute', 'acute', 'colon', 'd', 'dieresis', 'e', 'eacute', 'eight', 'f', 'five', 'g', 'hungarumlaut', 'hyphen', 'j', 'k', 'l', 'm', 'n', 'nine', 'o', 'oacute', 'odieresis', 'ohungarumlaut', 'one', 'parenleft', 'parenright', 'period', 'r', 's', 'seven', 'six', 'space', 't', 'three', 'two', 'u', 'v', 'y', 'z', 'zero']
INFO Glyph IDs:   [0, 3, 11, 12, 16, 17, 19, 20, 21, 22, 24, 25, 26, 27, 28, 29, 36, 37, 38, 39, 40, 41, 42, 43, 44, 46, 47, 48, 49, 50, 53, 54, 55, 56, 57, 61, 68, 71, 72, 73, 74, 77, 78, 79, 80, 81, 82, 85, 86, 87, 88, 89, 92, 93, 106, 118, 131, 139, 152, 163, 171, 181, 184, 274, 275, 671, 5902, 5903, 5910]
DEBUG Took 0.003s to close glyph list over 'glyf'
INFO Retaining 69 glyphs
INFO head subsetting not needed
INFO hhea subsetting not needed
INFO maxp subsetting not needed
INFO OS/2 subsetting not needed
DEBUG Reading 'hmtx' table from disk
DEBUG Decompiling 'hmtx' table
DEBUG Reading 'hhea' table from disk
DEBUG Decompiling 'hhea' table
DEBUG Took 0.006s to subset 'hmtx'
INFO hmtx subsetted
DEBUG Took 0.002s to subset 'cmap'
INFO cmap subsetted
INFO loca subsetting not needed
DEBUG Took 0.000s to subset 'post'
INFO post subsetted
INFO gasp subsetting not needed
INFO FFTM NOT subset; don't know how to subset
DEBUG Reading 'GDEF' table from disk
DEBUG Decompiling 'GDEF' table
DEBUG Took 0.003s to subset 'GDEF'
INFO GDEF subsetted
INFO name subsetting not needed
DEBUG Took 0.003s to subset 'glyf'
INFO glyf subsetted
DEBUG Took 0.000s to subset GlyphOrder
DEBUG Took 0.000s to prune 'head'
INFO head pruned
DEBUG Reading 'OS/2' table from disk
DEBUG Decompiling 'OS/2' table
INFO OS/2 Unicode ranges pruned: [0, 1, 2]
INFO OS/2 CodePage ranges pruned: [0]
DEBUG Took 0.002s to prune 'glyf'
INFO glyf pruned
DEBUG Took 0.000s to prune 'GDEF'
INFO GDEF pruned
DEBUG Reading 'name' table from disk
DEBUG Decompiling 'name' table
DEBUG Reading 'gasp' table from disk
DEBUG Decompiling 'gasp' table
DEBUG Reading 'FFTM' table from disk
DEBUG Decompiling 'FFTM' table
DEBUG Took 0.002s to prune 'name'
INFO name pruned
DEBUG Reading 'maxp' table from disk
DEBUG Decompiling 'maxp' table
DEBUG Took 0.001s to load 'maxp'
DEBUG Took 0.000s to prune 'maxp'
INFO maxp pruned
DEBUG Reading 'cmap' table from disk
DEBUG Decompiling 'cmap' table
DEBUG Reading 'post' table from disk
DEBUG Decompiling 'post' table
DEBUG Took 0.011s to load 'cmap'
DEBUG Took 0.000s to prune 'cmap'
INFO cmap pruned
INFO fpgm dropped
INFO prep dropped
INFO cvt  dropped
INFO kern dropped
DEBUG Took 0.000s to load 'post'
DEBUG Took 0.000s to prune 'post'
INFO post pruned
INFO GPOS dropped
INFO GSUB dropped
DEBUG Reading 'glyf' table from disk
DEBUG Decompiling 'glyf' table
DEBUG Reading 'loca' table from disk
DEBUG Decompiling 'loca' table
DEBUG Reading 'head' table from disk
DEBUG Decompiling 'head' table
DEBUG Took 0.076s to load 'glyf'
DEBUG Took 0.000s to prune 'glyf'
INFO glyf pruned
DEBUG Took 0.001s to close glyph list over 'cmap'
INFO Added gid0 to subset
INFO Closing glyph list over 'MATH': 79 glyphs before
INFO Glyph names: ['.notdef', 'A', 'Aacute', 'B', 'C', 'D', 'E', 'F', 'G', 'H', 'I', 'J', 'K', 'M', 'N', 'P', 'R', 'S', 'T', 'U', 'Uacute', 'V', 'X', 'Z', 'a', 'aacute', 'at', 'b', 'c', 'colon', 'comma', 'd', 'e', 'eacute', 'eight', 'exclam', 'f', 'fi', 'five', 'four', 'g', 'h', 'hyphen', 'i', 'iacute', 'j', 'k', 'l', 'm', 'n', 'nine', 'o', 'oacute', 'odieresis', 'ohungarumlaut', 'one', 'p', 'parenleft', 'parenright', 'percent', 'period', 'plus', 'r', 's', 'seven', 'six', 'slash', 'space', 't', 'three', 'two', 'u', 'uacute', 'udieresis', 'v', 'x', 'y', 'z', 'zero']
INFO Glyph IDs:   [0, 3, 4, 8, 11, 12, 14, 15, 16, 17, 18, 19, 20, 21, 22, 23, 24, 25, 26, 27, 28, 29, 35, 36, 37, 38, 39, 40, 41, 42, 43, 44, 45, 46, 48, 49, 51, 53, 54, 55, 56, 57, 59, 61, 68, 69, 70, 71, 72, 73, 74, 75, 76, 77, 78, 79, 80, 81, 82, 83, 85, 86, 87, 88, 89, 91, 92, 93, 131, 156, 163, 171, 175, 181, 184, 188, 190, 275, 5042]
DEBUG Reading 'MATH' table from disk
DEBUG Decompiling 'MATH' table
INFO Closed glyph list over 'MATH': 85 glyphs after
INFO Glyph names: ['.notdef', 'A', 'Aacute', 'B', 'C', 'D', 'E', 'F', 'G', 'H', 'I', 'J', 'K', 'M', 'N', 'P', 'R', 'S', 'T', 'U', 'Uacute', 'V', 'X', 'Z', 'a', 'aacute', 'at', 'b', 'c', 'colon', 'comma', 'd', 'e', 'eacute', 'eight', 'exclam', 'f', 'fi', 'five', 'four', 'g', 'h', 'hyphen', 'i', 'iacute', 'j', 'k', 'l', 'm', 'n', 'nine', 'o', 'oacute', 'odieresis', 'ohungarumlaut', 'one', 'p', 'parenleft', 'parenright', 'percent', 'period', 'plus', 'r', 's', 'seven', 'six', 'slash', 'space', 't', 'three', 'two', 'u', 'uacute', 'udieresis', 'uni239B', 'uni239C', 'uni239D', 'uni239E', 'uni239F', 'uni23A0', 'v', 'x', 'y', 'z', 'zero']
INFO Glyph IDs:   [0, 3, 4, 8, 11, 12, 14, 15, 16, 17, 18, 19, 20, 21, 22, 23, 24, 25, 26, 27, 28, 29, 35, 36, 37, 38, 39, 40, 41, 42, 43, 44, 45, 46, 48, 49, 51, 53, 54, 55, 56, 57, 59, 61, 68, 69, 70, 71, 72, 73, 74, 75, 76, 77, 78, 79, 80, 81, 82, 83, 85, 86, 87, 88, 89, 91, 92, 93, 131, 156, 163, 171, 175, 181, 184, 188, 190, 275, 3507, 3508, 3509, 3510, 3511, 3512, 5042]
DEBUG Took 0.007s to close glyph list over 'MATH'
INFO Closing glyph list over 'glyf': 85 glyphs before
INFO Glyph names: ['.notdef', 'A', 'Aacute', 'B', 'C', 'D', 'E', 'F', 'G', 'H', 'I', 'J', 'K', 'M', 'N', 'P', 'R', 'S', 'T', 'U', 'Uacute', 'V', 'X', 'Z', 'a', 'aacute', 'at', 'b', 'c', 'colon', 'comma', 'd', 'e', 'eacute', 'eight', 'exclam', 'f', 'fi', 'five', 'four', 'g', 'h', 'hyphen', 'i', 'iacute', 'j', 'k', 'l', 'm', 'n', 'nine', 'o', 'oacute', 'odieresis', 'ohungarumlaut', 'one', 'p', 'parenleft', 'parenright', 'percent', 'period', 'plus', 'r', 's', 'seven', 'six', 'slash', 'space', 't', 'three', 'two', 'u', 'uacute', 'udieresis', 'uni239B', 'uni239C', 'uni239D', 'uni239E', 'uni239F', 'uni23A0', 'v', 'x', 'y', 'z', 'zero']
INFO Glyph IDs:   [0, 3, 4, 8, 11, 12, 14, 15, 16, 17, 18, 19, 20, 21, 22, 23, 24, 25, 26, 27, 28, 29, 35, 36, 37, 38, 39, 40, 41, 42, 43, 44, 45, 46, 48, 49, 51, 53, 54, 55, 56, 57, 59, 61, 68, 69, 70, 71, 72, 73, 74, 75, 76, 77, 78, 79, 80, 81, 82, 83, 85, 86, 87, 88, 89, 91, 92, 93, 131, 156, 163, 171, 175, 181, 184, 188, 190, 275, 3507, 3508, 3509, 3510, 3511, 3512, 5042]
INFO Closed glyph list over 'glyf': 90 glyphs after
INFO Glyph names: ['.notdef', 'A', 'Aacute', 'Acute', 'B', 'C', 'D', 'E', 'F', 'G', 'H', 'I', 'J', 'K', 'M', 'N', 'P', 'R', 'S', 'T', 'U', 'Uacute', 'V', 'X', 'Z', 'a', 'aacute', 'acute', 'at', 'b', 'c', 'colon', 'comma', 'd', 'dieresis', 'dotlessi', 'e', 'eacute', 'eight', 'exclam', 'f', 'fi', 'five', 'four', 'g', 'h', 'hungarumlaut', 'hyphen', 'i', 'iacute', 'j', 'k', 'l', 'm', 'n', 'nine', 'o', 'oacute', 'odieresis', 'ohungarumlaut', 'one', 'p', 'parenleft', 'parenright', 'percent', 'period', 'plus', 'r', 's', 'seven', 'six', 'slash', 'space', 't', 'three', 'two', 'u', 'uacute', 'udieresis', 'uni239B', 'uni239C', 'uni239D', 'uni239E', 'uni239F', 'uni23A0', 'v', 'x', 'y', 'z', 'zero']
INFO Glyph IDs:   [0, 3, 4, 8, 11, 12, 14, 15, 16, 17, 18, 19, 20, 21, 22, 23, 24, 25, 26, 27, 28, 29, 35, 36, 37, 38, 39, 40, 41, 42, 43, 44, 45, 46, 48, 49, 51, 53, 54, 55, 56, 57, 59, 61, 68, 69, 70, 71, 72, 73, 74, 75, 76, 77, 78, 79, 80, 81, 82, 83, 85, 86, 87, 88, 89, 91, 92, 93, 106, 118, 131, 156, 163, 171, 175, 181, 184, 188, 190, 243, 275, 671, 3507, 3508, 3509, 3510, 3511, 3512, 5042, 5923]
DEBUG Took 0.002s to close glyph list over 'glyf'
INFO Retaining 90 glyphs
INFO head subsetting not needed
INFO hhea subsetting not needed
INFO maxp subsetting not needed
INFO OS/2 subsetting not needed
DEBUG Reading 'hmtx' table from disk
DEBUG Decompiling 'hmtx' table
DEBUG Reading 'hhea' table from disk
DEBUG Decompiling 'hhea' table
DEBUG Took 0.006s to subset 'hmtx'
INFO hmtx subsetted
DEBUG Took 0.002s to subset 'cmap'
INFO cmap subsetted
INFO loca subsetting not needed
DEBUG Took 0.000s to subset 'post'
INFO post subsetted
INFO gasp subsetting not needed
INFO FFTM NOT subset; don't know how to subset
DEBUG Took 0.000s to subset 'MATH'
INFO MATH subsetted
DEBUG Reading 'GDEF' table from disk
DEBUG Decompiling 'GDEF' table
DEBUG Took 0.003s to subset 'GDEF'
INFO GDEF subsetted
INFO name subsetting not needed
DEBUG Took 0.004s to subset 'glyf'
INFO glyf subsetted
DEBUG Took 0.000s to subset GlyphOrder
DEBUG Took 0.000s to prune 'head'
INFO head pruned
DEBUG Reading 'OS/2' table from disk
DEBUG Decompiling 'OS/2' table
INFO OS/2 Unicode ranges pruned: [0, 1, 2, 62]
INFO OS/2 CodePage ranges pruned: [0]
DEBUG Took 0.002s to prune 'glyf'
INFO glyf pruned
DEBUG Took 0.000s to prune 'GDEF'
INFO GDEF pruned
DEBUG Reading 'name' table from disk
DEBUG Decompiling 'name' table
DEBUG Reading 'gasp' table from disk
DEBUG Decompiling 'gasp' table
DEBUG Reading 'FFTM' table from disk
DEBUG Decompiling 'FFTM' table
DEBUG Took 0.002s to prune 'name'
INFO name pruned
[DEBUG 2026-07-29 15:12:59] PDF generation finished.
[DEBUG 2026-07-29 15:12:59] SMTP Configuration: Host=mail.magyarmedia.com, Port=465, User=iroda@magyarmedia.com, TLS=True
[DEBUG 2026-07-29 15:12:59] Connecting to SMTP server...
[DEBUG 2026-07-29 15:13:00] Logging in (SSL)...
[DEBUG 2026-07-29 15:13:00] Sending message...
[DEBUG 2026-07-29 15:13:00] SMTP send clean success.
[DEBUG 2026-07-29 15:13:00] Checking IMAP...
[DEBUG 2026-07-29 15:13:00] Connecting to IMAP mail.magyarmedia.com
WARNING Ignored `word-break: break-word` at 44:107, invalid value.
WARNING Ignored `word-break: break-word` at 45:143, invalid value.
WARNING Ignored `word-break: break-word` at 50:49, invalid value.
DEBUG Reading 'maxp' table from disk
DEBUG Decompiling 'maxp' table
DEBUG Took 0.001s to load 'maxp'
DEBUG Took 0.000s to prune 'maxp'
INFO maxp pruned
DEBUG Reading 'cmap' table from disk
DEBUG Decompiling 'cmap' table
DEBUG Reading 'post' table from disk
DEBUG Decompiling 'post' table
DEBUG Took 0.011s to load 'cmap'
DEBUG Took 0.000s to prune 'cmap'
INFO cmap pruned
INFO fpgm dropped
INFO prep dropped
INFO cvt  dropped
INFO kern dropped
DEBUG Took 0.000s to load 'post'
DEBUG Took 0.000s to prune 'post'
INFO post pruned
INFO GPOS dropped
INFO GSUB dropped
DEBUG Reading 'glyf' table from disk
DEBUG Decompiling 'glyf' table
DEBUG Reading 'loca' table from disk
DEBUG Decompiling 'loca' table
DEBUG Reading 'head' table from disk
DEBUG Decompiling 'head' table
DEBUG Took 0.007s to load 'glyf'
DEBUG Took 0.000s to prune 'glyf'
INFO glyf pruned
DEBUG Took 0.001s to close glyph list over 'cmap'
INFO Added gid0 to subset
INFO Closing glyph list over 'glyf': 69 glyphs before
INFO Glyph names: ['.notdef', 'A', 'Aacute', 'B', 'C', 'D', 'E', 'Eacute', 'F', 'G', 'H', 'I', 'Iacute', 'J', 'K', 'L', 'M', 'N', 'O', 'Odieresis', 'Ohungarumlaut', 'R', 'S', 'T', 'U', 'Uhungarumlaut', 'V', 'Z', 'a', 'aacute', 'b', 'colon', 'd', 'e', 'eacute', 'eight', 'f', 'five', 'four', 'g', 'hyphen', 'iacute', 'j', 'k', 'l', 'm', 'n', 'nine', 'o', 'oacute', 'odieresis', 'ohungarumlaut', 'one', 'parenleft', 'parenright', 'period', 'r', 's', 'seven', 'six', 'space', 't', 'three', 'two', 'u', 'v', 'y', 'z', 'zero']
INFO Glyph IDs:   [0, 3, 11, 12, 16, 17, 19, 20, 21, 22, 23, 24, 25, 26, 27, 28, 29, 36, 37, 38, 39, 40, 41, 42, 43, 44, 45, 46, 47, 48, 49, 50, 53, 54, 55, 56, 57, 61, 68, 69, 71, 72, 73, 74, 77, 78, 79, 80, 81, 82, 85, 86, 87, 88, 89, 92, 93, 131, 139, 143, 152, 163, 171, 175, 181, 184, 274, 275, 306]
INFO Closed glyph list over 'glyf': 76 glyphs after
INFO Glyph names: ['.notdef', 'A', 'Aacute', 'Acute', 'B', 'C', 'D', 'Dieresis', 'E', 'Eacute', 'F', 'G', 'H', 'Hungarumlaut', 'I', 'Iacute', 'J', 'K', 'L', 'M', 'N', 'O', 'Odieresis', 'Ohungarumlaut', 'R', 'S', 'T', 'U', 'Uhungarumlaut', 'V', 'Z', 'a', 'aacute', 'acute', 'b', 'colon', 'd', 'dieresis', 'dotlessi', 'e', 'eacute', 'eight', 'f', 'five', 'four', 'g', 'hungarumlaut', 'hyphen', 'iacute', 'j', 'k', 'l', 'm', 'n', 'nine', 'o', 'oacute', 'odieresis', 'ohungarumlaut', 'one', 'parenleft', 'parenright', 'period', 'r', 's', 'seven', 'six', 'space', 't', 'three', 'two', 'u', 'v', 'y', 'z', 'zero']
INFO Glyph IDs:   [0, 3, 11, 12, 16, 17, 19, 20, 21, 22, 23, 24, 25, 26, 27, 28, 29, 36, 37, 38, 39, 40, 41, 42, 43, 44, 45, 46, 47, 48, 49, 50, 53, 54, 55, 56, 57, 61, 68, 69, 71, 72, 73, 74, 77, 78, 79, 80, 81, 82, 85, 86, 87, 88, 89, 92, 93, 106, 118, 131, 139, 143, 152, 163, 171, 175, 181, 184, 243, 274, 275, 306, 671, 5902, 5903, 5910]
DEBUG Took 0.003s to close glyph list over 'glyf'
INFO Retaining 76 glyphs
INFO head subsetting not needed
INFO hhea subsetting not needed
INFO maxp subsetting not needed
INFO OS/2 subsetting not needed
DEBUG Reading 'hmtx' table from disk
DEBUG Decompiling 'hmtx' table
DEBUG Reading 'hhea' table from disk
DEBUG Decompiling 'hhea' table
DEBUG Took 0.006s to subset 'hmtx'
INFO hmtx subsetted
DEBUG Took 0.002s to subset 'cmap'
INFO cmap subsetted
INFO loca subsetting not needed
DEBUG Took 0.000s to subset 'post'
INFO post subsetted
INFO gasp subsetting not needed
INFO FFTM NOT subset; don't know how to subset
DEBUG Reading 'GDEF' table from disk
DEBUG Decompiling 'GDEF' table
DEBUG Took 0.003s to subset 'GDEF'
INFO GDEF subsetted
INFO name subsetting not needed
DEBUG Took 0.003s to subset 'glyf'
INFO glyf subsetted
DEBUG Took 0.000s to subset GlyphOrder
DEBUG Took 0.000s to prune 'head'
INFO head pruned
DEBUG Reading 'OS/2' table from disk
DEBUG Decompiling 'OS/2' table
INFO OS/2 Unicode ranges pruned: [0, 1, 2]
INFO OS/2 CodePage ranges pruned: [0]
DEBUG Took 0.002s to prune 'glyf'
INFO glyf pruned
DEBUG Took 0.000s to prune 'GDEF'
INFO GDEF pruned
DEBUG Reading 'name' table from disk
DEBUG Decompiling 'name' table
DEBUG Reading 'gasp' table from disk
DEBUG Decompiling 'gasp' table
DEBUG Reading 'FFTM' table from disk
DEBUG Decompiling 'FFTM' table
DEBUG Took 0.002s to prune 'name'
INFO name pruned
DEBUG Reading 'maxp' table from disk
DEBUG Decompiling 'maxp' table
DEBUG Took 0.001s to load 'maxp'
DEBUG Took 0.000s to prune 'maxp'
INFO maxp pruned
DEBUG Reading 'cmap' table from disk
DEBUG Decompiling 'cmap' table
DEBUG Reading 'post' table from disk
DEBUG Decompiling 'post' table
DEBUG Took 0.011s to load 'cmap'
DEBUG Took 0.000s to prune 'cmap'
INFO cmap pruned
INFO fpgm dropped
INFO prep dropped
INFO cvt  dropped
INFO kern dropped
DEBUG Took 0.000s to load 'post'
DEBUG Took 0.000s to prune 'post'
INFO post pruned
INFO GPOS dropped
INFO GSUB dropped
DEBUG Reading 'glyf' table from disk
DEBUG Decompiling 'glyf' table
DEBUG Reading 'loca' table from disk
DEBUG Decompiling 'loca' table
DEBUG Reading 'head' table from disk
DEBUG Decompiling 'head' table
DEBUG Took 0.008s to load 'glyf'
DEBUG Took 0.000s to prune 'glyf'
INFO glyf pruned
DEBUG Took 0.001s to close glyph list over 'cmap'
INFO Added gid0 to subset
INFO Closing glyph list over 'MATH': 77 glyphs before
INFO Glyph names: ['.notdef', 'A', 'Aacute', 'B', 'C', 'D', 'E', 'Eacute', 'F', 'G', 'H', 'I', 'J', 'K', 'L', 'M', 'N', 'P', 'Q', 'R', 'S', 'T', 'U', 'Uacute', 'V', 'a', 'aacute', 'at', 'b', 'c', 'colon', 'comma', 'd', 'e', 'eacute', 'eight', 'f', 'fi', 'five', 'four', 'g', 'h', 'hyphen', 'i', 'iacute', 'j', 'k', 'l', 'm', 'n', 'nine', 'o', 'oacute', 'odieresis', 'ohungarumlaut', 'one', 'p', 'parenleft', 'parenright', 'percent', 'period', 'plus', 'r', 's', 'seven', 'six', 'space', 't', 'three', 'two', 'u', 'uacute', 'udieresis', 'v', 'y', 'z', 'zero']
INFO Glyph IDs:   [0, 3, 8, 11, 12, 14, 15, 16, 17, 19, 20, 21, 22, 23, 24, 25, 26, 27, 28, 29, 35, 36, 37, 38, 39, 40, 41, 42, 43, 44, 45, 46, 47, 48, 49, 51, 52, 53, 54, 55, 56, 57, 68, 69, 70, 71, 72, 73, 74, 75, 76, 77, 78, 79, 80, 81, 82, 83, 85, 86, 87, 88, 89, 92, 93, 131, 139, 156, 163, 171, 175, 181, 184, 188, 190, 275, 5042]
DEBUG Reading 'MATH' table from disk
DEBUG Decompiling 'MATH' table
INFO Closed glyph list over 'MATH': 83 glyphs after
INFO Glyph names: ['.notdef', 'A', 'Aacute', 'B', 'C', 'D', 'E', 'Eacute', 'F', 'G', 'H', 'I', 'J', 'K', 'L', 'M', 'N', 'P', 'Q', 'R', 'S', 'T', 'U', 'Uacute', 'V', 'a', 'aacute', 'at', 'b', 'c', 'colon', 'comma', 'd', 'e', 'eacute', 'eight', 'f', 'fi', 'five', 'four', 'g', 'h', 'hyphen', 'i', 'iacute', 'j', 'k', 'l', 'm', 'n', 'nine', 'o', 'oacute', 'odieresis', 'ohungarumlaut', 'one', 'p', 'parenleft', 'parenright', 'percent', 'period', 'plus', 'r', 's', 'seven', 'six', 'space', 't', 'three', 'two', 'u', 'uacute', 'udieresis', 'uni239B', 'uni239C', 'uni239D', 'uni239E', 'uni239F', 'uni23A0', 'v', 'y', 'z', 'zero']
INFO Glyph IDs:   [0, 3, 8, 11, 12, 14, 15, 16, 17, 19, 20, 21, 22, 23, 24, 25, 26, 27, 28, 29, 35, 36, 37, 38, 39, 40, 41, 42, 43, 44, 45, 46, 47, 48, 49, 51, 52, 53, 54, 55, 56, 57, 68, 69, 70, 71, 72, 73, 74, 75, 76, 77, 78, 79, 80, 81, 82, 83, 85, 86, 87, 88, 89, 92, 93, 131, 139, 156, 163, 171, 175, 181, 184, 188, 190, 275, 3507, 3508, 3509, 3510, 3511, 3512, 5042]
DEBUG Took 0.006s to close glyph list over 'MATH'
INFO Closing glyph list over 'glyf': 83 glyphs before
INFO Glyph names: ['.notdef', 'A', 'Aacute', 'B', 'C', 'D', 'E', 'Eacute', 'F', 'G', 'H', 'I', 'J', 'K', 'L', 'M', 'N', 'P', 'Q', 'R', 'S', 'T', 'U', 'Uacute', 'V', 'a', 'aacute', 'at', 'b', 'c', 'colon', 'comma', 'd', 'e', 'eacute', 'eight', 'f', 'fi', 'five', 'four', 'g', 'h', 'hyphen', 'i', 'iacute', 'j', 'k', 'l', 'm', 'n', 'nine', 'o', 'oacute', 'odieresis', 'ohungarumlaut', 'one', 'p', 'parenleft', 'parenright', 'percent', 'period', 'plus', 'r', 's', 'seven', 'six', 'space', 't', 'three', 'two', 'u', 'uacute', 'udieresis', 'uni239B', 'uni239C', 'uni239D', 'uni239E', 'uni239F', 'uni23A0', 'v', 'y', 'z', 'zero']
INFO Glyph IDs:   [0, 3, 8, 11, 12, 14, 15, 16, 17, 19, 20, 21, 22, 23, 24, 25, 26, 27, 28, 29, 35, 36, 37, 38, 39, 40, 41, 42, 43, 44, 45, 46, 47, 48, 49, 51, 52, 53, 54, 55, 56, 57, 68, 69, 70, 71, 72, 73, 74, 75, 76, 77, 78, 79, 80, 81, 82, 83, 85, 86, 87, 88, 89, 92, 93, 131, 139, 156, 163, 171, 175, 181, 184, 188, 190, 275, 3507, 3508, 3509, 3510, 3511, 3512, 5042]
INFO Closed glyph list over 'glyf': 88 glyphs after
INFO Glyph names: ['.notdef', 'A', 'Aacute', 'Acute', 'B', 'C', 'D', 'E', 'Eacute', 'F', 'G', 'H', 'I', 'J', 'K', 'L', 'M', 'N', 'P', 'Q', 'R', 'S', 'T', 'U', 'Uacute', 'V', 'a', 'aacute', 'acute', 'at', 'b', 'c', 'colon', 'comma', 'd', 'dieresis', 'dotlessi', 'e', 'eacute', 'eight', 'f', 'fi', 'five', 'four', 'g', 'h', 'hungarumlaut', 'hyphen', 'i', 'iacute', 'j', 'k', 'l', 'm', 'n', 'nine', 'o', 'oacute', 'odieresis', 'ohungarumlaut', 'one', 'p', 'parenleft', 'parenright', 'percent', 'period', 'plus', 'r', 's', 'seven', 'six', 'space', 't', 'three', 'two', 'u', 'uacute', 'udieresis', 'uni239B', 'uni239C', 'uni239D', 'uni239E', 'uni239F', 'uni23A0', 'v', 'y', 'z', 'zero']
INFO Glyph IDs:   [0, 3, 8, 11, 12, 14, 15, 16, 17, 19, 20, 21, 22, 23, 24, 25, 26, 27, 28, 29, 35, 36, 37, 38, 39, 40, 41, 42, 43, 44, 45, 46, 47, 48, 49, 51, 52, 53, 54, 55, 56, 57, 68, 69, 70, 71, 72, 73, 74, 75, 76, 77, 78, 79, 80, 81, 82, 83, 85, 86, 87, 88, 89, 92, 93, 106, 118, 131, 139, 156, 163, 171, 175, 181, 184, 188, 190, 243, 275, 671, 3507, 3508, 3509, 3510, 3511, 3512, 5042, 5923]
DEBUG Took 0.002s to close glyph list over 'glyf'
INFO Retaining 88 glyphs
INFO head subsetting not needed
INFO hhea subsetting not needed
INFO maxp subsetting not needed
INFO OS/2 subsetting not needed
DEBUG Reading 'hmtx' table from disk
DEBUG Decompiling 'hmtx' table
DEBUG Reading 'hhea' table from disk
DEBUG Decompiling 'hhea' table
DEBUG Took 0.006s to subset 'hmtx'
INFO hmtx subsetted
DEBUG Took 0.002s to subset 'cmap'
INFO cmap subsetted
INFO loca subsetting not needed
DEBUG Took 0.000s to subset 'post'
INFO post subsetted
INFO gasp subsetting not needed
INFO FFTM NOT subset; don't know how to subset
DEBUG Took 0.000s to subset 'MATH'
INFO MATH subsetted
DEBUG Reading 'GDEF' table from disk
DEBUG Decompiling 'GDEF' table
DEBUG Took 0.003s to subset 'GDEF'
INFO GDEF subsetted
INFO name subsetting not needed
DEBUG Took 0.003s to subset 'glyf'
INFO glyf subsetted
DEBUG Took 0.000s to subset GlyphOrder
DEBUG Took 0.000s to prune 'head'
INFO head pruned
DEBUG Reading 'OS/2' table from disk
DEBUG Decompiling 'OS/2' table
INFO OS/2 Unicode ranges pruned: [0, 1, 2, 62]
INFO OS/2 CodePage ranges pruned: [0]
DEBUG Took 0.002s to prune 'glyf'
INFO glyf pruned
DEBUG Took 0.000s to prune 'GDEF'
INFO GDEF pruned
DEBUG Reading 'name' table from disk
DEBUG Decompiling 'name' table
DEBUG Reading 'gasp' table from disk
DEBUG Decompiling 'gasp' table
DEBUG Reading 'FFTM' table from disk
DEBUG Decompiling 'FFTM' table
DEBUG Took 0.002s to prune 'name'
INFO name pruned
WARNING Ignored `word-break: break-word` at 44:107, invalid value.
WARNING Ignored `word-break: break-word` at 45:143, invalid value.
WARNING Ignored `word-break: break-word` at 50:49, invalid value.
DEBUG Reading 'maxp' table from disk
DEBUG Decompiling 'maxp' table
DEBUG Took 0.001s to load 'maxp'
DEBUG Took 0.000s to prune 'maxp'
INFO maxp pruned
DEBUG Reading 'cmap' table from disk
DEBUG Decompiling 'cmap' table
DEBUG Reading 'post' table from disk
DEBUG Decompiling 'post' table
DEBUG Took 0.012s to load 'cmap'
DEBUG Took 0.000s to prune 'cmap'
INFO cmap pruned
INFO fpgm dropped
INFO prep dropped
INFO cvt  dropped
INFO kern dropped
DEBUG Took 0.000s to load 'post'
DEBUG Took 0.000s to prune 'post'
INFO post pruned
INFO GPOS dropped
INFO GSUB dropped
DEBUG Reading 'glyf' table from disk
DEBUG Decompiling 'glyf' table
DEBUG Reading 'loca' table from disk
DEBUG Decompiling 'loca' table
DEBUG Reading 'head' table from disk
DEBUG Decompiling 'head' table
DEBUG Took 0.007s to load 'glyf'
DEBUG Took 0.000s to prune 'glyf'
INFO glyf pruned
DEBUG Took 0.001s to close glyph list over 'cmap'
INFO Added gid0 to subset
INFO Closing glyph list over 'glyf': 69 glyphs before
INFO Glyph names: ['.notdef', 'A', 'Aacute', 'B', 'C', 'D', 'E', 'Eacute', 'F', 'G', 'H', 'I', 'Iacute', 'J', 'K', 'L', 'M', 'N', 'O', 'Odieresis', 'Ohungarumlaut', 'R', 'S', 'T', 'U', 'Uhungarumlaut', 'V', 'Z', 'a', 'aacute', 'b', 'colon', 'd', 'e', 'eacute', 'eight', 'f', 'five', 'four', 'g', 'hyphen', 'iacute', 'j', 'k', 'l', 'm', 'n', 'nine', 'o', 'oacute', 'odieresis', 'ohungarumlaut', 'one', 'parenleft', 'parenright', 'period', 'r', 's', 'seven', 'six', 'space', 't', 'three', 'two', 'u', 'v', 'y', 'z', 'zero']
INFO Glyph IDs:   [0, 3, 11, 12, 16, 17, 19, 20, 21, 22, 23, 24, 25, 26, 27, 28, 29, 36, 37, 38, 39, 40, 41, 42, 43, 44, 45, 46, 47, 48, 49, 50, 53, 54, 55, 56, 57, 61, 68, 69, 71, 72, 73, 74, 77, 78, 79, 80, 81, 82, 85, 86, 87, 88, 89, 92, 93, 131, 139, 143, 152, 163, 171, 175, 181, 184, 274, 275, 306]
INFO Closed glyph list over 'glyf': 76 glyphs after
INFO Glyph names: ['.notdef', 'A', 'Aacute', 'Acute', 'B', 'C', 'D', 'Dieresis', 'E', 'Eacute', 'F', 'G', 'H', 'Hungarumlaut', 'I', 'Iacute', 'J', 'K', 'L', 'M', 'N', 'O', 'Odieresis', 'Ohungarumlaut', 'R', 'S', 'T', 'U', 'Uhungarumlaut', 'V', 'Z', 'a', 'aacute', 'acute', 'b', 'colon', 'd', 'dieresis', 'dotlessi', 'e', 'eacute', 'eight', 'f', 'five', 'four', 'g', 'hungarumlaut', 'hyphen', 'iacute', 'j', 'k', 'l', 'm', 'n', 'nine', 'o', 'oacute', 'odieresis', 'ohungarumlaut', 'one', 'parenleft', 'parenright', 'period', 'r', 's', 'seven', 'six', 'space', 't', 'three', 'two', 'u', 'v', 'y', 'z', 'zero']
INFO Glyph IDs:   [0, 3, 11, 12, 16, 17, 19, 20, 21, 22, 23, 24, 25, 26, 27, 28, 29, 36, 37, 38, 39, 40, 41, 42, 43, 44, 45, 46, 47, 48, 49, 50, 53, 54, 55, 56, 57, 61, 68, 69, 71, 72, 73, 74, 77, 78, 79, 80, 81, 82, 85, 86, 87, 88, 89, 92, 93, 106, 118, 131, 139, 143, 152, 163, 171, 175, 181, 184, 243, 274, 275, 306, 671, 5902, 5903, 5910]
DEBUG Took 0.003s to close glyph list over 'glyf'
INFO Retaining 76 glyphs
INFO head subsetting not needed
INFO hhea subsetting not needed
INFO maxp subsetting not needed
INFO OS/2 subsetting not needed
DEBUG Reading 'hmtx' table from disk
DEBUG Decompiling 'hmtx' table
DEBUG Reading 'hhea' table from disk
DEBUG Decompiling 'hhea' table
DEBUG Took 0.006s to subset 'hmtx'
INFO hmtx subsetted
DEBUG Took 0.002s to subset 'cmap'
INFO cmap subsetted
INFO loca subsetting not needed
DEBUG Took 0.000s to subset 'post'
INFO post subsetted
INFO gasp subsetting not needed
INFO FFTM NOT subset; don't know how to subset
DEBUG Reading 'GDEF' table from disk
DEBUG Decompiling 'GDEF' table
DEBUG Took 0.003s to subset 'GDEF'
INFO GDEF subsetted
INFO name subsetting not needed
DEBUG Took 0.004s to subset 'glyf'
INFO glyf subsetted
DEBUG Took 0.000s to subset GlyphOrder
DEBUG Took 0.000s to prune 'head'
INFO head pruned
DEBUG Reading 'OS/2' table from disk
DEBUG Decompiling 'OS/2' table
INFO OS/2 Unicode ranges pruned: [0, 1, 2]
INFO OS/2 CodePage ranges pruned: [0]
DEBUG Took 0.002s to prune 'glyf'
INFO glyf pruned
DEBUG Took 0.000s to prune 'GDEF'
INFO GDEF pruned
DEBUG Reading 'name' table from disk
DEBUG Decompiling 'name' table
DEBUG Reading 'gasp' table from disk
DEBUG Decompiling 'gasp' table
DEBUG Reading 'FFTM' table from disk
DEBUG Decompiling 'FFTM' table
DEBUG Took 0.002s to prune 'name'
INFO name pruned
DEBUG Reading 'maxp' table from disk
DEBUG Decompiling 'maxp' table
DEBUG Took 0.001s to load 'maxp'
DEBUG Took 0.000s to prune 'maxp'
INFO maxp pruned
DEBUG Reading 'cmap' table from disk
DEBUG Decompiling 'cmap' table
DEBUG Reading 'post' table from disk
DEBUG Decompiling 'post' table
DEBUG Took 0.012s to load 'cmap'
DEBUG Took 0.000s to prune 'cmap'
INFO cmap pruned
INFO fpgm dropped
INFO prep dropped
INFO cvt  dropped
INFO kern dropped
DEBUG Took 0.000s to load 'post'
DEBUG Took 0.000s to prune 'post'
INFO post pruned
INFO GPOS dropped
INFO GSUB dropped
DEBUG Reading 'glyf' table from disk
DEBUG Decompiling 'glyf' table
DEBUG Reading 'loca' table from disk
DEBUG Decompiling 'loca' table
DEBUG Reading 'head' table from disk
DEBUG Decompiling 'head' table
DEBUG Took 0.008s to load 'glyf'
DEBUG Took 0.000s to prune 'glyf'
INFO glyf pruned
DEBUG Took 0.001s to close glyph list over 'cmap'
INFO Added gid0 to subset
INFO Closing glyph list over 'MATH': 77 glyphs before
INFO Glyph names: ['.notdef', 'A', 'Aacute', 'B', 'C', 'D', 'E', 'Eacute', 'F', 'G', 'H', 'I', 'J', 'K', 'L', 'M', 'N', 'P', 'Q', 'R', 'S', 'T', 'U', 'Uacute', 'V', 'a', 'aacute', 'at', 'b', 'c', 'colon', 'comma', 'd', 'e', 'eacute', 'eight', 'f', 'fi', 'five', 'four', 'g', 'h', 'hyphen', 'i', 'iacute', 'j', 'k', 'l', 'm', 'n', 'nine', 'o', 'oacute', 'odieresis', 'ohungarumlaut', 'one', 'p', 'parenleft', 'parenright', 'percent', 'period', 'plus', 'r', 's', 'seven', 'six', 'space', 't', 'three', 'two', 'u', 'uacute', 'udieresis', 'v', 'y', 'z', 'zero']
INFO Glyph IDs:   [0, 3, 8, 11, 12, 14, 15, 16, 17, 19, 20, 21, 22, 23, 24, 25, 26, 27, 28, 29, 35, 36, 37, 38, 39, 40, 41, 42, 43, 44, 45, 46, 47, 48, 49, 51, 52, 53, 54, 55, 56, 57, 68, 69, 70, 71, 72, 73, 74, 75, 76, 77, 78, 79, 80, 81, 82, 83, 85, 86, 87, 88, 89, 92, 93, 131, 139, 156, 163, 171, 175, 181, 184, 188, 190, 275, 5042]
DEBUG Reading 'MATH' table from disk
DEBUG Decompiling 'MATH' table
INFO Closed glyph list over 'MATH': 83 glyphs after
INFO Glyph names: ['.notdef', 'A', 'Aacute', 'B', 'C', 'D', 'E', 'Eacute', 'F', 'G', 'H', 'I', 'J', 'K', 'L', 'M', 'N', 'P', 'Q', 'R', 'S', 'T', 'U', 'Uacute', 'V', 'a', 'aacute', 'at', 'b', 'c', 'colon', 'comma', 'd', 'e', 'eacute', 'eight', 'f', 'fi', 'five', 'four', 'g', 'h', 'hyphen', 'i', 'iacute', 'j', 'k', 'l', 'm', 'n', 'nine', 'o', 'oacute', 'odieresis', 'ohungarumlaut', 'one', 'p', 'parenleft', 'parenright', 'percent', 'period', 'plus', 'r', 's', 'seven', 'six', 'space', 't', 'three', 'two', 'u', 'uacute', 'udieresis', 'uni239B', 'uni239C', 'uni239D', 'uni239E', 'uni239F', 'uni23A0', 'v', 'y', 'z', 'zero']
INFO Glyph IDs:   [0, 3, 8, 11, 12, 14, 15, 16, 17, 19, 20, 21, 22, 23, 24, 25, 26, 27, 28, 29, 35, 36, 37, 38, 39, 40, 41, 42, 43, 44, 45, 46, 47, 48, 49, 51, 52, 53, 54, 55, 56, 57, 68, 69, 70, 71, 72, 73, 74, 75, 76, 77, 78, 79, 80, 81, 82, 83, 85, 86, 87, 88, 89, 92, 93, 131, 139, 156, 163, 171, 175, 181, 184, 188, 190, 275, 3507, 3508, 3509, 3510, 3511, 3512, 5042]
DEBUG Took 0.008s to close glyph list over 'MATH'
INFO Closing glyph list over 'glyf': 83 glyphs before
INFO Glyph names: ['.notdef', 'A', 'Aacute', 'B', 'C', 'D', 'E', 'Eacute', 'F', 'G', 'H', 'I', 'J', 'K', 'L', 'M', 'N', 'P', 'Q', 'R', 'S', 'T', 'U', 'Uacute', 'V', 'a', 'aacute', 'at', 'b', 'c', 'colon', 'comma', 'd', 'e', 'eacute', 'eight', 'f', 'fi', 'five', 'four', 'g', 'h', 'hyphen', 'i', 'iacute', 'j', 'k', 'l', 'm', 'n', 'nine', 'o', 'oacute', 'odieresis', 'ohungarumlaut', 'one', 'p', 'parenleft', 'parenright', 'percent', 'period', 'plus', 'r', 's', 'seven', 'six', 'space', 't', 'three', 'two', 'u', 'uacute', 'udieresis', 'uni239B', 'uni239C', 'uni239D', 'uni239E', 'uni239F', 'uni23A0', 'v', 'y', 'z', 'zero']
INFO Glyph IDs:   [0, 3, 8, 11, 12, 14, 15, 16, 17, 19, 20, 21, 22, 23, 24, 25, 26, 27, 28, 29, 35, 36, 37, 38, 39, 40, 41, 42, 43, 44, 45, 46, 47, 48, 49, 51, 52, 53, 54, 55, 56, 57, 68, 69, 70, 71, 72, 73, 74, 75, 76, 77, 78, 79, 80, 81, 82, 83, 85, 86, 87, 88, 89, 92, 93, 131, 139, 156, 163, 171, 175, 181, 184, 188, 190, 275, 3507, 3508, 3509, 3510, 3511, 3512, 5042]
INFO Closed glyph list over 'glyf': 88 glyphs after
INFO Glyph names: ['.notdef', 'A', 'Aacute', 'Acute', 'B', 'C', 'D', 'E', 'Eacute', 'F', 'G', 'H', 'I', 'J', 'K', 'L', 'M', 'N', 'P', 'Q', 'R', 'S', 'T', 'U', 'Uacute', 'V', 'a', 'aacute', 'acute', 'at', 'b', 'c', 'colon', 'comma', 'd', 'dieresis', 'dotlessi', 'e', 'eacute', 'eight', 'f', 'fi', 'five', 'four', 'g', 'h', 'hungarumlaut', 'hyphen', 'i', 'iacute', 'j', 'k', 'l', 'm', 'n', 'nine', 'o', 'oacute', 'odieresis', 'ohungarumlaut', 'one', 'p', 'parenleft', 'parenright', 'percent', 'period', 'plus', 'r', 's', 'seven', 'six', 'space', 't', 'three', 'two', 'u', 'uacute', 'udieresis', 'uni239B', 'uni239C', 'uni239D', 'uni239E', 'uni239F', 'uni23A0', 'v', 'y', 'z', 'zero']
INFO Glyph IDs:   [0, 3, 8, 11, 12, 14, 15, 16, 17, 19, 20, 21, 22, 23, 24, 25, 26, 27, 28, 29, 35, 36, 37, 38, 39, 40, 41, 42, 43, 44, 45, 46, 47, 48, 49, 51, 52, 53, 54, 55, 56, 57, 68, 69, 70, 71, 72, 73, 74, 75, 76, 77, 78, 79, 80, 81, 82, 83, 85, 86, 87, 88, 89, 92, 93, 106, 118, 131, 139, 156, 163, 171, 175, 181, 184, 188, 190, 243, 275, 671, 3507, 3508, 3509, 3510, 3511, 3512, 5042, 5923]
DEBUG Took 0.002s to close glyph list over 'glyf'
INFO Retaining 88 glyphs
INFO head subsetting not needed
INFO hhea subsetting not needed
INFO maxp subsetting not needed
INFO OS/2 subsetting not needed
DEBUG Reading 'hmtx' table from disk
DEBUG Decompiling 'hmtx' table
DEBUG Reading 'hhea' table from disk
DEBUG Decompiling 'hhea' table
DEBUG Took 0.007s to subset 'hmtx'
INFO hmtx subsetted
DEBUG Took 0.003s to subset 'cmap'
INFO cmap subsetted
INFO loca subsetting not needed
DEBUG Took 0.000s to subset 'post'
INFO post subsetted
INFO gasp subsetting not needed
INFO FFTM NOT subset; don't know how to subset
DEBUG Took 0.000s to subset 'MATH'
INFO MATH subsetted
DEBUG Reading 'GDEF' table from disk
DEBUG Decompiling 'GDEF' table
DEBUG Took 0.004s to subset 'GDEF'
INFO GDEF subsetted
INFO name subsetting not needed
DEBUG Took 0.004s to subset 'glyf'
INFO glyf subsetted
DEBUG Took 0.000s to subset GlyphOrder
DEBUG Took 0.000s to prune 'head'
INFO head pruned
DEBUG Reading 'OS/2' table from disk
DEBUG Decompiling 'OS/2' table
INFO OS/2 Unicode ranges pruned: [0, 1, 2, 62]
INFO OS/2 CodePage ranges pruned: [0]
DEBUG Took 0.002s to prune 'glyf'
INFO glyf pruned
DEBUG Took 0.000s to prune 'GDEF'
INFO GDEF pruned
DEBUG Reading 'name' table from disk
DEBUG Decompiling 'name' table
DEBUG Reading 'gasp' table from disk
DEBUG Decompiling 'gasp' table
DEBUG Reading 'FFTM' table from disk
DEBUG Decompiling 'FFTM' table
DEBUG Took 0.002s to prune 'name'
INFO name pruned
/home/ceze/pixisys/pixinvoice/invoice_app/venv/lib/python3.11/site-packages/rest_framework/pagination.py:200: UnorderedObjectListWarning: Pagination may yield inconsistent results with an unordered object_list: <class 'invoices.models.CompanyEmailSettings'> QuerySet.
  paginator = self.django_paginator_class(queryset, page_size)
[DEBUG 2026-07-29 15:21:27] send_email called for pk=e1aaf3ad-e416-41ce-9a0b-6033758228b6
DEBUG: Invoice fetched: CZHUF2026000257
[DEBUG 2026-07-29 15:21:27] Starting PDF generation...
WARNING Ignored `word-break: break-word` at 133:13, invalid value.
WARNING Ignored `word-break: break-word` at 145:13, invalid value.
WARNING Ignored `word-break: break-word` at 183:48, invalid value.
DEBUG Reading 'maxp' table from disk
DEBUG Decompiling 'maxp' table
DEBUG Took 0.001s to load 'maxp'
DEBUG Took 0.000s to prune 'maxp'
INFO maxp pruned
DEBUG Reading 'cmap' table from disk
DEBUG Decompiling 'cmap' table
DEBUG Reading 'post' table from disk
DEBUG Decompiling 'post' table
DEBUG Took 0.012s to load 'cmap'
DEBUG Took 0.000s to prune 'cmap'
INFO cmap pruned
INFO fpgm dropped
INFO prep dropped
INFO cvt  dropped
INFO kern dropped
DEBUG Took 0.000s to load 'post'
DEBUG Took 0.000s to prune 'post'
INFO post pruned
INFO GPOS dropped
INFO GSUB dropped
DEBUG Reading 'glyf' table from disk
DEBUG Decompiling 'glyf' table
DEBUG Reading 'loca' table from disk
DEBUG Decompiling 'loca' table
DEBUG Reading 'head' table from disk
DEBUG Decompiling 'head' table
DEBUG Took 0.007s to load 'glyf'
DEBUG Took 0.000s to prune 'glyf'
INFO glyf pruned
DEBUG Took 0.001s to close glyph list over 'cmap'
INFO Added gid0 to subset
INFO Closing glyph list over 'glyf': 64 glyphs before
INFO Glyph names: ['.notdef', 'A', 'Aacute', 'B', 'C', 'D', 'E', 'Eacute', 'F', 'G', 'H', 'I', 'K', 'L', 'M', 'N', 'O', 'Odieresis', 'Ohungarumlaut', 'R', 'S', 'T', 'U', 'Uhungarumlaut', 'V', 'Z', 'a', 'aacute', 'colon', 'd', 'e', 'eacute', 'eight', 'f', 'five', 'four', 'g', 'hyphen', 'j', 'k', 'l', 'm', 'n', 'nine', 'oacute', 'odieresis', 'ohungarumlaut', 'one', 'parenleft', 'parenright', 'period', 'r', 's', 'seven', 'six', 'space', 't', 'three', 'two', 'u', 'v', 'y', 'z', 'zero']
INFO Glyph IDs:   [0, 3, 11, 12, 16, 17, 19, 20, 21, 22, 23, 24, 25, 26, 27, 28, 29, 36, 37, 38, 39, 40, 41, 42, 43, 44, 46, 47, 48, 49, 50, 53, 54, 55, 56, 57, 61, 68, 71, 72, 73, 74, 77, 78, 79, 80, 81, 85, 86, 87, 88, 89, 92, 93, 131, 139, 152, 163, 171, 181, 184, 274, 275, 306]
INFO Closed glyph list over 'glyf': 71 glyphs after
INFO Glyph names: ['.notdef', 'A', 'Aacute', 'Acute', 'B', 'C', 'D', 'Dieresis', 'E', 'Eacute', 'F', 'G', 'H', 'Hungarumlaut', 'I', 'K', 'L', 'M', 'N', 'O', 'Odieresis', 'Ohungarumlaut', 'R', 'S', 'T', 'U', 'Uhungarumlaut', 'V', 'Z', 'a', 'aacute', 'acute', 'colon', 'd', 'dieresis', 'e', 'eacute', 'eight', 'f', 'five', 'four', 'g', 'hungarumlaut', 'hyphen', 'j', 'k', 'l', 'm', 'n', 'nine', 'o', 'oacute', 'odieresis', 'ohungarumlaut', 'one', 'parenleft', 'parenright', 'period', 'r', 's', 'seven', 'six', 'space', 't', 'three', 'two', 'u', 'v', 'y', 'z', 'zero']
INFO Glyph IDs:   [0, 3, 11, 12, 16, 17, 19, 20, 21, 22, 23, 24, 25, 26, 27, 28, 29, 36, 37, 38, 39, 40, 41, 42, 43, 44, 46, 47, 48, 49, 50, 53, 54, 55, 56, 57, 61, 68, 71, 72, 73, 74, 77, 78, 79, 80, 81, 82, 85, 86, 87, 88, 89, 92, 93, 106, 118, 131, 139, 152, 163, 171, 181, 184, 274, 275, 306, 671, 5902, 5903, 5910]
DEBUG Took 0.002s to close glyph list over 'glyf'
INFO Retaining 71 glyphs
INFO head subsetting not needed
INFO hhea subsetting not needed
INFO maxp subsetting not needed
INFO OS/2 subsetting not needed
DEBUG Reading 'hmtx' table from disk
DEBUG Decompiling 'hmtx' table
DEBUG Reading 'hhea' table from disk
DEBUG Decompiling 'hhea' table
DEBUG Took 0.006s to subset 'hmtx'
INFO hmtx subsetted
DEBUG Took 0.002s to subset 'cmap'
INFO cmap subsetted
INFO loca subsetting not needed
DEBUG Took 0.000s to subset 'post'
INFO post subsetted
INFO gasp subsetting not needed
INFO FFTM NOT subset; don't know how to subset
DEBUG Reading 'GDEF' table from disk
DEBUG Decompiling 'GDEF' table
DEBUG Took 0.003s to subset 'GDEF'
INFO GDEF subsetted
INFO name subsetting not needed
DEBUG Took 0.003s to subset 'glyf'
INFO glyf subsetted
DEBUG Took 0.000s to subset GlyphOrder
DEBUG Took 0.000s to prune 'head'
INFO head pruned
DEBUG Reading 'OS/2' table from disk
DEBUG Decompiling 'OS/2' table
INFO OS/2 Unicode ranges pruned: [0, 1, 2]
INFO OS/2 CodePage ranges pruned: [0]
DEBUG Took 0.002s to prune 'glyf'
INFO glyf pruned
DEBUG Took 0.000s to prune 'GDEF'
INFO GDEF pruned
DEBUG Reading 'name' table from disk
DEBUG Decompiling 'name' table
DEBUG Reading 'gasp' table from disk
DEBUG Decompiling 'gasp' table
DEBUG Reading 'FFTM' table from disk
DEBUG Decompiling 'FFTM' table
DEBUG Took 0.002s to prune 'name'
INFO name pruned
DEBUG Reading 'maxp' table from disk
DEBUG Decompiling 'maxp' table
DEBUG Took 0.001s to load 'maxp'
DEBUG Took 0.000s to prune 'maxp'
INFO maxp pruned
DEBUG Reading 'cmap' table from disk
DEBUG Decompiling 'cmap' table
DEBUG Reading 'post' table from disk
DEBUG Decompiling 'post' table
DEBUG Took 0.011s to load 'cmap'
DEBUG Took 0.000s to prune 'cmap'
INFO cmap pruned
INFO fpgm dropped
INFO prep dropped
INFO cvt  dropped
INFO kern dropped
DEBUG Took 0.000s to load 'post'
DEBUG Took 0.000s to prune 'post'
INFO post pruned
INFO GPOS dropped
INFO GSUB dropped
DEBUG Reading 'glyf' table from disk
DEBUG Decompiling 'glyf' table
DEBUG Reading 'loca' table from disk
DEBUG Decompiling 'loca' table
DEBUG Reading 'head' table from disk
DEBUG Decompiling 'head' table
DEBUG Took 0.007s to load 'glyf'
DEBUG Took 0.000s to prune 'glyf'
INFO glyf pruned
DEBUG Took 0.001s to close glyph list over 'cmap'
INFO Added gid0 to subset
INFO Closing glyph list over 'MATH': 81 glyphs before
INFO Glyph names: ['.notdef', 'A', 'Aacute', 'B', 'C', 'D', 'E', 'Eacute', 'F', 'G', 'H', 'I', 'J', 'K', 'L', 'M', 'N', 'P', 'Q', 'R', 'S', 'T', 'U', 'Uacute', 'V', 'X', 'a', 'aacute', 'at', 'b', 'c', 'colon', 'comma', 'd', 'e', 'eacute', 'eight', 'exclam', 'f', 'fi', 'five', 'four', 'g', 'h', 'hyphen', 'i', 'iacute', 'j', 'k', 'l', 'm', 'n', 'nine', 'o', 'oacute', 'odieresis', 'ohungarumlaut', 'one', 'p', 'parenleft', 'parenright', 'percent', 'period', 'plus', 'r', 's', 'seven', 'six', 'slash', 'space', 't', 'three', 'two', 'u', 'uacute', 'udieresis', 'v', 'x', 'y', 'z', 'zero']
INFO Glyph IDs:   [0, 3, 4, 8, 11, 12, 14, 15, 16, 17, 18, 19, 20, 21, 22, 23, 24, 25, 26, 27, 28, 29, 35, 36, 37, 38, 39, 40, 41, 42, 43, 44, 45, 46, 47, 48, 49, 51, 52, 53, 54, 55, 56, 57, 59, 68, 69, 70, 71, 72, 73, 74, 75, 76, 77, 78, 79, 80, 81, 82, 83, 85, 86, 87, 88, 89, 91, 92, 93, 131, 139, 156, 163, 171, 175, 181, 184, 188, 190, 275, 5042]
DEBUG Reading 'MATH' table from disk
DEBUG Decompiling 'MATH' table
INFO Closed glyph list over 'MATH': 87 glyphs after
INFO Glyph names: ['.notdef', 'A', 'Aacute', 'B', 'C', 'D', 'E', 'Eacute', 'F', 'G', 'H', 'I', 'J', 'K', 'L', 'M', 'N', 'P', 'Q', 'R', 'S', 'T', 'U', 'Uacute', 'V', 'X', 'a', 'aacute', 'at', 'b', 'c', 'colon', 'comma', 'd', 'e', 'eacute', 'eight', 'exclam', 'f', 'fi', 'five', 'four', 'g', 'h', 'hyphen', 'i', 'iacute', 'j', 'k', 'l', 'm', 'n', 'nine', 'o', 'oacute', 'odieresis', 'ohungarumlaut', 'one', 'p', 'parenleft', 'parenright', 'percent', 'period', 'plus', 'r', 's', 'seven', 'six', 'slash', 'space', 't', 'three', 'two', 'u', 'uacute', 'udieresis', 'uni239B', 'uni239C', 'uni239D', 'uni239E', 'uni239F', 'uni23A0', 'v', 'x', 'y', 'z', 'zero']
INFO Glyph IDs:   [0, 3, 4, 8, 11, 12, 14, 15, 16, 17, 18, 19, 20, 21, 22, 23, 24, 25, 26, 27, 28, 29, 35, 36, 37, 38, 39, 40, 41, 42, 43, 44, 45, 46, 47, 48, 49, 51, 52, 53, 54, 55, 56, 57, 59, 68, 69, 70, 71, 72, 73, 74, 75, 76, 77, 78, 79, 80, 81, 82, 83, 85, 86, 87, 88, 89, 91, 92, 93, 131, 139, 156, 163, 171, 175, 181, 184, 188, 190, 275, 3507, 3508, 3509, 3510, 3511, 3512, 5042]
DEBUG Took 0.006s to close glyph list over 'MATH'
INFO Closing glyph list over 'glyf': 87 glyphs before
INFO Glyph names: ['.notdef', 'A', 'Aacute', 'B', 'C', 'D', 'E', 'Eacute', 'F', 'G', 'H', 'I', 'J', 'K', 'L', 'M', 'N', 'P', 'Q', 'R', 'S', 'T', 'U', 'Uacute', 'V', 'X', 'a', 'aacute', 'at', 'b', 'c', 'colon', 'comma', 'd', 'e', 'eacute', 'eight', 'exclam', 'f', 'fi', 'five', 'four', 'g', 'h', 'hyphen', 'i', 'iacute', 'j', 'k', 'l', 'm', 'n', 'nine', 'o', 'oacute', 'odieresis', 'ohungarumlaut', 'one', 'p', 'parenleft', 'parenright', 'percent', 'period', 'plus', 'r', 's', 'seven', 'six', 'slash', 'space', 't', 'three', 'two', 'u', 'uacute', 'udieresis', 'uni239B', 'uni239C', 'uni239D', 'uni239E', 'uni239F', 'uni23A0', 'v', 'x', 'y', 'z', 'zero']
INFO Glyph IDs:   [0, 3, 4, 8, 11, 12, 14, 15, 16, 17, 18, 19, 20, 21, 22, 23, 24, 25, 26, 27, 28, 29, 35, 36, 37, 38, 39, 40, 41, 42, 43, 44, 45, 46, 47, 48, 49, 51, 52, 53, 54, 55, 56, 57, 59, 68, 69, 70, 71, 72, 73, 74, 75, 76, 77, 78, 79, 80, 81, 82, 83, 85, 86, 87, 88, 89, 91, 92, 93, 131, 139, 156, 163, 171, 175, 181, 184, 188, 190, 275, 3507, 3508, 3509, 3510, 3511, 3512, 5042]
INFO Closed glyph list over 'glyf': 92 glyphs after
INFO Glyph names: ['.notdef', 'A', 'Aacute', 'Acute', 'B', 'C', 'D', 'E', 'Eacute', 'F', 'G', 'H', 'I', 'J', 'K', 'L', 'M', 'N', 'P', 'Q', 'R', 'S', 'T', 'U', 'Uacute', 'V', 'X', 'a', 'aacute', 'acute', 'at', 'b', 'c', 'colon', 'comma', 'd', 'dieresis', 'dotlessi', 'e', 'eacute', 'eight', 'exclam', 'f', 'fi', 'five', 'four', 'g', 'h', 'hungarumlaut', 'hyphen', 'i', 'iacute', 'j', 'k', 'l', 'm', 'n', 'nine', 'o', 'oacute', 'odieresis', 'ohungarumlaut', 'one', 'p', 'parenleft', 'parenright', 'percent', 'period', 'plus', 'r', 's', 'seven', 'six', 'slash', 'space', 't', 'three', 'two', 'u', 'uacute', 'udieresis', 'uni239B', 'uni239C', 'uni239D', 'uni239E', 'uni239F', 'uni23A0', 'v', 'x', 'y', 'z', 'zero']
INFO Glyph IDs:   [0, 3, 4, 8, 11, 12, 14, 15, 16, 17, 18, 19, 20, 21, 22, 23, 24, 25, 26, 27, 28, 29, 35, 36, 37, 38, 39, 40, 41, 42, 43, 44, 45, 46, 47, 48, 49, 51, 52, 53, 54, 55, 56, 57, 59, 68, 69, 70, 71, 72, 73, 74, 75, 76, 77, 78, 79, 80, 81, 82, 83, 85, 86, 87, 88, 89, 91, 92, 93, 106, 118, 131, 139, 156, 163, 171, 175, 181, 184, 188, 190, 243, 275, 671, 3507, 3508, 3509, 3510, 3511, 3512, 5042, 5923]
DEBUG Took 0.002s to close glyph list over 'glyf'
INFO Retaining 92 glyphs
INFO head subsetting not needed
INFO hhea subsetting not needed
INFO maxp subsetting not needed
INFO OS/2 subsetting not needed
DEBUG Reading 'hmtx' table from disk
DEBUG Decompiling 'hmtx' table
DEBUG Reading 'hhea' table from disk
DEBUG Decompiling 'hhea' table
DEBUG Took 0.006s to subset 'hmtx'
INFO hmtx subsetted
DEBUG Took 0.002s to subset 'cmap'
INFO cmap subsetted
INFO loca subsetting not needed
DEBUG Took 0.000s to subset 'post'
INFO post subsetted
INFO gasp subsetting not needed
INFO FFTM NOT subset; don't know how to subset
DEBUG Took 0.000s to subset 'MATH'
INFO MATH subsetted
DEBUG Reading 'GDEF' table from disk
DEBUG Decompiling 'GDEF' table
DEBUG Took 0.003s to subset 'GDEF'
INFO GDEF subsetted
INFO name subsetting not needed
DEBUG Took 0.003s to subset 'glyf'
INFO glyf subsetted
DEBUG Took 0.000s to subset GlyphOrder
DEBUG Took 0.000s to prune 'head'
INFO head pruned
DEBUG Reading 'OS/2' table from disk
DEBUG Decompiling 'OS/2' table
INFO OS/2 Unicode ranges pruned: [0, 1, 2, 62]
INFO OS/2 CodePage ranges pruned: [0]
DEBUG Took 0.002s to prune 'glyf'
INFO glyf pruned
DEBUG Took 0.000s to prune 'GDEF'
INFO GDEF pruned
DEBUG Reading 'name' table from disk
DEBUG Decompiling 'name' table
DEBUG Reading 'gasp' table from disk
DEBUG Decompiling 'gasp' table
DEBUG Reading 'FFTM' table from disk
DEBUG Decompiling 'FFTM' table
DEBUG Took 0.002s to prune 'name'
INFO name pruned
[DEBUG 2026-07-29 15:21:28] PDF generation finished.
[DEBUG 2026-07-29 15:21:28] SMTP Configuration: Host=mail.magyarmedia.com, Port=465, User=iroda@magyarmedia.com, TLS=True
[DEBUG 2026-07-29 15:21:28] Connecting to SMTP server...
[DEBUG 2026-07-29 15:21:29] Logging in (SSL)...
[DEBUG 2026-07-29 15:21:29] Sending message...
[DEBUG 2026-07-29 15:21:29] SMTP send clean success.
[DEBUG 2026-07-29 15:21:29] Checking IMAP...
[DEBUG 2026-07-29 15:21:29] Connecting to IMAP mail.magyarmedia.com
WARNING Ignored `word-break: break-word` at 133:13, invalid value.
WARNING Ignored `word-break: break-word` at 145:13, invalid value.
WARNING Ignored `word-break: break-word` at 183:48, invalid value.
DEBUG Reading 'maxp' table from disk
DEBUG Decompiling 'maxp' table
DEBUG Took 0.001s to load 'maxp'
DEBUG Took 0.000s to prune 'maxp'
INFO maxp pruned
DEBUG Reading 'cmap' table from disk
DEBUG Decompiling 'cmap' table
DEBUG Reading 'post' table from disk
DEBUG Decompiling 'post' table
DEBUG Took 0.012s to load 'cmap'
DEBUG Took 0.000s to prune 'cmap'
INFO cmap pruned
INFO fpgm dropped
INFO prep dropped
INFO cvt  dropped
INFO kern dropped
DEBUG Took 0.000s to load 'post'
DEBUG Took 0.000s to prune 'post'
INFO post pruned
INFO GPOS dropped
INFO GSUB dropped
DEBUG Reading 'glyf' table from disk
DEBUG Decompiling 'glyf' table
DEBUG Reading 'loca' table from disk
DEBUG Decompiling 'loca' table
DEBUG Reading 'head' table from disk
DEBUG Decompiling 'head' table
DEBUG Took 0.008s to load 'glyf'
DEBUG Took 0.000s to prune 'glyf'
INFO glyf pruned
DEBUG Took 0.001s to close glyph list over 'cmap'
INFO Added gid0 to subset
INFO Closing glyph list over 'glyf': 66 glyphs before
INFO Glyph names: ['.notdef', 'A', 'Aacute', 'B', 'C', 'D', 'E', 'Eacute', 'F', 'G', 'H', 'I', 'K', 'L', 'M', 'N', 'O', 'Oacute', 'Odieresis', 'Ohungarumlaut', 'R', 'S', 'T', 'U', 'Uhungarumlaut', 'V', 'W', 'Y', 'Z', 'a', 'aacute', 'colon', 'd', 'e', 'eacute', 'eight', 'f', 'five', 'four', 'g', 'hyphen', 'j', 'k', 'l', 'm', 'n', 'nine', 'oacute', 'odieresis', 'ohungarumlaut', 'one', 'parenleft', 'parenright', 'period', 'r', 's', 'six', 'space', 't', 'three', 'two', 'u', 'v', 'y', 'z', 'zero']
INFO Glyph IDs:   [0, 3, 11, 12, 16, 17, 19, 20, 21, 22, 23, 24, 25, 27, 28, 29, 36, 37, 38, 39, 40, 41, 42, 43, 44, 46, 47, 48, 49, 50, 53, 54, 55, 56, 57, 58, 60, 61, 68, 71, 72, 73, 74, 77, 78, 79, 80, 81, 85, 86, 87, 88, 89, 92, 93, 131, 139, 149, 152, 163, 171, 181, 184, 274, 275, 306]
INFO Closed glyph list over 'glyf': 73 glyphs after
INFO Glyph names: ['.notdef', 'A', 'Aacute', 'Acute', 'B', 'C', 'D', 'Dieresis', 'E', 'Eacute', 'F', 'G', 'H', 'Hungarumlaut', 'I', 'K', 'L', 'M', 'N', 'O', 'Oacute', 'Odieresis', 'Ohungarumlaut', 'R', 'S', 'T', 'U', 'Uhungarumlaut', 'V', 'W', 'Y', 'Z', 'a', 'aacute', 'acute', 'colon', 'd', 'dieresis', 'e', 'eacute', 'eight', 'f', 'five', 'four', 'g', 'hungarumlaut', 'hyphen', 'j', 'k', 'l', 'm', 'n', 'nine', 'o', 'oacute', 'odieresis', 'ohungarumlaut', 'one', 'parenleft', 'parenright', 'period', 'r', 's', 'six', 'space', 't', 'three', 'two', 'u', 'v', 'y', 'z', 'zero']
INFO Glyph IDs:   [0, 3, 11, 12, 16, 17, 19, 20, 21, 22, 23, 24, 25, 27, 28, 29, 36, 37, 38, 39, 40, 41, 42, 43, 44, 46, 47, 48, 49, 50, 53, 54, 55, 56, 57, 58, 60, 61, 68, 71, 72, 73, 74, 77, 78, 79, 80, 81, 82, 85, 86, 87, 88, 89, 92, 93, 106, 118, 131, 139, 149, 152, 163, 171, 181, 184, 274, 275, 306, 671, 5902, 5903, 5910]
DEBUG Took 0.003s to close glyph list over 'glyf'
INFO Retaining 73 glyphs
INFO head subsetting not needed
INFO hhea subsetting not needed
INFO maxp subsetting not needed
INFO OS/2 subsetting not needed
DEBUG Reading 'hmtx' table from disk
DEBUG Decompiling 'hmtx' table
DEBUG Reading 'hhea' table from disk
DEBUG Decompiling 'hhea' table
DEBUG Took 0.007s to subset 'hmtx'
INFO hmtx subsetted
DEBUG Took 0.003s to subset 'cmap'
INFO cmap subsetted
INFO loca subsetting not needed
DEBUG Took 0.000s to subset 'post'
INFO post subsetted
INFO gasp subsetting not needed
INFO FFTM NOT subset; don't know how to subset
DEBUG Reading 'GDEF' table from disk
DEBUG Decompiling 'GDEF' table
DEBUG Took 0.003s to subset 'GDEF'
INFO GDEF subsetted
INFO name subsetting not needed
DEBUG Took 0.003s to subset 'glyf'
INFO glyf subsetted
DEBUG Took 0.000s to subset GlyphOrder
DEBUG Took 0.000s to prune 'head'
INFO head pruned
DEBUG Reading 'OS/2' table from disk
DEBUG Decompiling 'OS/2' table
INFO OS/2 Unicode ranges pruned: [0, 1, 2]
INFO OS/2 CodePage ranges pruned: [0]
DEBUG Took 0.002s to prune 'glyf'
INFO glyf pruned
DEBUG Took 0.000s to prune 'GDEF'
INFO GDEF pruned
DEBUG Reading 'name' table from disk
DEBUG Decompiling 'name' table
DEBUG Reading 'gasp' table from disk
DEBUG Decompiling 'gasp' table
DEBUG Reading 'FFTM' table from disk
DEBUG Decompiling 'FFTM' table
DEBUG Took 0.002s to prune 'name'
INFO name pruned
DEBUG Reading 'maxp' table from disk
DEBUG Decompiling 'maxp' table
DEBUG Took 0.001s to load 'maxp'
DEBUG Took 0.000s to prune 'maxp'
INFO maxp pruned
DEBUG Reading 'cmap' table from disk
DEBUG Decompiling 'cmap' table
DEBUG Reading 'post' table from disk
DEBUG Decompiling 'post' table
DEBUG Took 0.011s to load 'cmap'
DEBUG Took 0.000s to prune 'cmap'
INFO cmap pruned
INFO fpgm dropped
INFO prep dropped
INFO cvt  dropped
INFO kern dropped
DEBUG Took 0.000s to load 'post'
DEBUG Took 0.000s to prune 'post'
INFO post pruned
INFO GPOS dropped
INFO GSUB dropped
DEBUG Reading 'glyf' table from disk
DEBUG Decompiling 'glyf' table
DEBUG Reading 'loca' table from disk
DEBUG Decompiling 'loca' table
DEBUG Reading 'head' table from disk
DEBUG Decompiling 'head' table
DEBUG Took 0.008s to load 'glyf'
DEBUG Took 0.000s to prune 'glyf'
INFO glyf pruned
DEBUG Took 0.001s to close glyph list over 'cmap'
INFO Added gid0 to subset
INFO Closing glyph list over 'MATH': 78 glyphs before
INFO Glyph names: ['.notdef', 'A', 'Aacute', 'B', 'C', 'D', 'E', 'F', 'H', 'I', 'J', 'K', 'L', 'M', 'N', 'O', 'P', 'R', 'S', 'T', 'U', 'Uacute', 'V', 'X', 'a', 'aacute', 'at', 'b', 'c', 'colon', 'comma', 'd', 'e', 'eacute', 'eight', 'exclam', 'f', 'five', 'four', 'g', 'h', 'hyphen', 'i', 'iacute', 'j', 'k', 'l', 'm', 'n', 'nine', 'o', 'oacute', 'odieresis', 'ohungarumlaut', 'one', 'p', 'parenleft', 'parenright', 'percent', 'period', 'plus', 'r', 's', 'seven', 'six', 'slash', 'space', 't', 'three', 'two', 'u', 'uacute', 'udieresis', 'v', 'x', 'y', 'z', 'zero']
INFO Glyph IDs:   [0, 3, 4, 8, 11, 12, 14, 15, 16, 17, 18, 19, 20, 21, 22, 23, 24, 25, 26, 27, 28, 29, 35, 36, 37, 38, 39, 40, 41, 43, 44, 45, 46, 47, 48, 49, 50, 51, 53, 54, 55, 56, 57, 59, 68, 69, 70, 71, 72, 73, 74, 75, 76, 77, 78, 79, 80, 81, 82, 83, 85, 86, 87, 88, 89, 91, 92, 93, 131, 156, 163, 171, 175, 181, 184, 188, 190, 275]
DEBUG Reading 'MATH' table from disk
DEBUG Decompiling 'MATH' table
INFO Closed glyph list over 'MATH': 84 glyphs after
INFO Glyph names: ['.notdef', 'A', 'Aacute', 'B', 'C', 'D', 'E', 'F', 'H', 'I', 'J', 'K', 'L', 'M', 'N', 'O', 'P', 'R', 'S', 'T', 'U', 'Uacute', 'V', 'X', 'a', 'aacute', 'at', 'b', 'c', 'colon', 'comma', 'd', 'e', 'eacute', 'eight', 'exclam', 'f', 'five', 'four', 'g', 'h', 'hyphen', 'i', 'iacute', 'j', 'k', 'l', 'm', 'n', 'nine', 'o', 'oacute', 'odieresis', 'ohungarumlaut', 'one', 'p', 'parenleft', 'parenright', 'percent', 'period', 'plus', 'r', 's', 'seven', 'six', 'slash', 'space', 't', 'three', 'two', 'u', 'uacute', 'udieresis', 'uni239B', 'uni239C', 'uni239D', 'uni239E', 'uni239F', 'uni23A0', 'v', 'x', 'y', 'z', 'zero']
INFO Glyph IDs:   [0, 3, 4, 8, 11, 12, 14, 15, 16, 17, 18, 19, 20, 21, 22, 23, 24, 25, 26, 27, 28, 29, 35, 36, 37, 38, 39, 40, 41, 43, 44, 45, 46, 47, 48, 49, 50, 51, 53, 54, 55, 56, 57, 59, 68, 69, 70, 71, 72, 73, 74, 75, 76, 77, 78, 79, 80, 81, 82, 83, 85, 86, 87, 88, 89, 91, 92, 93, 131, 156, 163, 171, 175, 181, 184, 188, 190, 275, 3507, 3508, 3509, 3510, 3511, 3512]
DEBUG Took 0.006s to close glyph list over 'MATH'
INFO Closing glyph list over 'glyf': 84 glyphs before
INFO Glyph names: ['.notdef', 'A', 'Aacute', 'B', 'C', 'D', 'E', 'F', 'H', 'I', 'J', 'K', 'L', 'M', 'N', 'O', 'P', 'R', 'S', 'T', 'U', 'Uacute', 'V', 'X', 'a', 'aacute', 'at', 'b', 'c', 'colon', 'comma', 'd', 'e', 'eacute', 'eight', 'exclam', 'f', 'five', 'four', 'g', 'h', 'hyphen', 'i', 'iacute', 'j', 'k', 'l', 'm', 'n', 'nine', 'o', 'oacute', 'odieresis', 'ohungarumlaut', 'one', 'p', 'parenleft', 'parenright', 'percent', 'period', 'plus', 'r', 's', 'seven', 'six', 'slash', 'space', 't', 'three', 'two', 'u', 'uacute', 'udieresis', 'uni239B', 'uni239C', 'uni239D', 'uni239E', 'uni239F', 'uni23A0', 'v', 'x', 'y', 'z', 'zero']
INFO Glyph IDs:   [0, 3, 4, 8, 11, 12, 14, 15, 16, 17, 18, 19, 20, 21, 22, 23, 24, 25, 26, 27, 28, 29, 35, 36, 37, 38, 39, 40, 41, 43, 44, 45, 46, 47, 48, 49, 50, 51, 53, 54, 55, 56, 57, 59, 68, 69, 70, 71, 72, 73, 74, 75, 76, 77, 78, 79, 80, 81, 82, 83, 85, 86, 87, 88, 89, 91, 92, 93, 131, 156, 163, 171, 175, 181, 184, 188, 190, 275, 3507, 3508, 3509, 3510, 3511, 3512]
INFO Closed glyph list over 'glyf': 89 glyphs after
INFO Glyph names: ['.notdef', 'A', 'Aacute', 'Acute', 'B', 'C', 'D', 'E', 'F', 'H', 'I', 'J', 'K', 'L', 'M', 'N', 'O', 'P', 'R', 'S', 'T', 'U', 'Uacute', 'V', 'X', 'a', 'aacute', 'acute', 'at', 'b', 'c', 'colon', 'comma', 'd', 'dieresis', 'dotlessi', 'e', 'eacute', 'eight', 'exclam', 'f', 'five', 'four', 'g', 'h', 'hungarumlaut', 'hyphen', 'i', 'iacute', 'j', 'k', 'l', 'm', 'n', 'nine', 'o', 'oacute', 'odieresis', 'ohungarumlaut', 'one', 'p', 'parenleft', 'parenright', 'percent', 'period', 'plus', 'r', 's', 'seven', 'six', 'slash', 'space', 't', 'three', 'two', 'u', 'uacute', 'udieresis', 'uni239B', 'uni239C', 'uni239D', 'uni239E', 'uni239F', 'uni23A0', 'v', 'x', 'y', 'z', 'zero']
INFO Glyph IDs:   [0, 3, 4, 8, 11, 12, 14, 15, 16, 17, 18, 19, 20, 21, 22, 23, 24, 25, 26, 27, 28, 29, 35, 36, 37, 38, 39, 40, 41, 43, 44, 45, 46, 47, 48, 49, 50, 51, 53, 54, 55, 56, 57, 59, 68, 69, 70, 71, 72, 73, 74, 75, 76, 77, 78, 79, 80, 81, 82, 83, 85, 86, 87, 88, 89, 91, 92, 93, 106, 118, 131, 156, 163, 171, 175, 181, 184, 188, 190, 243, 275, 671, 3507, 3508, 3509, 3510, 3511, 3512, 5923]
DEBUG Took 0.002s to close glyph list over 'glyf'
INFO Retaining 89 glyphs
INFO head subsetting not needed
INFO hhea subsetting not needed
INFO maxp subsetting not needed
INFO OS/2 subsetting not needed
DEBUG Reading 'hmtx' table from disk
DEBUG Decompiling 'hmtx' table
DEBUG Reading 'hhea' table from disk
DEBUG Decompiling 'hhea' table
DEBUG Took 0.007s to subset 'hmtx'
INFO hmtx subsetted
DEBUG Took 0.002s to subset 'cmap'
INFO cmap subsetted
INFO loca subsetting not needed
DEBUG Took 0.000s to subset 'post'
INFO post subsetted
INFO gasp subsetting not needed
INFO FFTM NOT subset; don't know how to subset
DEBUG Took 0.000s to subset 'MATH'
INFO MATH subsetted
DEBUG Reading 'GDEF' table from disk
DEBUG Decompiling 'GDEF' table
DEBUG Took 0.003s to subset 'GDEF'
INFO GDEF subsetted
INFO name subsetting not needed
DEBUG Took 0.003s to subset 'glyf'
INFO glyf subsetted
DEBUG Took 0.000s to subset GlyphOrder
DEBUG Took 0.000s to prune 'head'
INFO head pruned
DEBUG Reading 'OS/2' table from disk
DEBUG Decompiling 'OS/2' table
INFO OS/2 Unicode ranges pruned: [0, 1, 2]
INFO OS/2 CodePage ranges pruned: [0]
DEBUG Took 0.002s to prune 'glyf'
INFO glyf pruned
DEBUG Took 0.000s to prune 'GDEF'
INFO GDEF pruned
DEBUG Reading 'name' table from disk
DEBUG Decompiling 'name' table
DEBUG Reading 'gasp' table from disk
DEBUG Decompiling 'gasp' table
DEBUG Reading 'FFTM' table from disk
DEBUG Decompiling 'FFTM' table
DEBUG Took 0.002s to prune 'name'
INFO name pruned
WARNING Not Found: /api/auth/token/refresh/
WARNING Not Found: /api/auth/token/refresh/
WARNING Unauthorized: /api/menu-badges/
WARNING Unauthorized: /api/menu-badges/
WARNING Not Found: /api/auth/token/refresh/
WARNING Unauthorized: /api/menu-badges/
WARNING Unauthorized: /api/menu-badges/
WARNING Unauthorized: /api/menu-badges/
WARNING Unauthorized: /api/menu-badges/
WARNING Unauthorized: /api/menu-badges/
WARNING Unauthorized: /api/menu-badges/
WARNING Unauthorized: /api/menu-badges/
WARNING Unauthorized: /api/menu-badges/
WARNING Unauthorized: /api/menu-badges/
WARNING Unauthorized: /api/menu-badges/
WARNING Unauthorized: /api/menu-badges/
WARNING Unauthorized: /api/menu-badges/
WARNING Unauthorized: /api/menu-badges/
WARNING Unauthorized: /api/menu-badges/
WARNING Unauthorized: /api/menu-badges/
WARNING Unauthorized: /api/menu-badges/
WARNING Unauthorized: /api/menu-badges/
WARNING Unauthorized: /api/menu-badges/
WARNING Unauthorized: /api/menu-badges/
WARNING Unauthorized: /api/menu-badges/
WARNING Unauthorized: /api/menu-badges/
WARNING Unauthorized: /api/menu-badges/
WARNING Unauthorized: /api/menu-badges/
WARNING Unauthorized: /api/menu-badges/
WARNING Unauthorized: /api/menu-badges/
WARNING Unauthorized: /api/menu-badges/
WARNING Unauthorized: /api/menu-badges/
WARNING Unauthorized: /api/menu-badges/
WARNING Unauthorized: /api/menu-badges/
WARNING Unauthorized: /api/menu-badges/
WARNING Unauthorized: /api/menu-badges/
WARNING Unauthorized: /api/menu-badges/
WARNING Unauthorized: /api/menu-badges/
WARNING Unauthorized: /api/menu-badges/
WARNING Unauthorized: /api/menu-badges/
WARNING Unauthorized: /api/menu-badges/
WARNING Unauthorized: /api/menu-badges/
WARNING Unauthorized: /api/menu-badges/
WARNING Unauthorized: /api/menu-badges/
WARNING Unauthorized: /api/menu-badges/
WARNING Unauthorized: /api/menu-badges/
WARNING Unauthorized: /api/menu-badges/
WARNING Unauthorized: /api/menu-badges/
WARNING Unauthorized: /api/menu-badges/
WARNING Unauthorized: /api/menu-badges/
WARNING Unauthorized: /api/menu-badges/
WARNING Unauthorized: /api/menu-badges/
WARNING Unauthorized: /api/menu-badges/
WARNING Unauthorized: /api/menu-badges/
WARNING Unauthorized: /api/menu-badges/
WARNING Unauthorized: /api/menu-badges/
WARNING Unauthorized: /api/menu-badges/
WARNING Unauthorized: /api/menu-badges/
WARNING Unauthorized: /api/menu-badges/
WARNING Unauthorized: /api/menu-badges/
WARNING Unauthorized: /api/menu-badges/
WARNING Unauthorized: /api/menu-badges/
WARNING Unauthorized: /api/menu-badges/
WARNING Unauthorized: /api/menu-badges/
WARNING Unauthorized: /api/menu-badges/
WARNING Unauthorized: /api/menu-badges/
WARNING Unauthorized: /api/menu-badges/
WARNING Unauthorized: /api/menu-badges/
WARNING Unauthorized: /api/menu-badges/
WARNING Unauthorized: /api/menu-badges/
WARNING Unauthorized: /api/menu-badges/
WARNING Unauthorized: /api/menu-badges/
WARNING Unauthorized: /api/menu-badges/
WARNING Unauthorized: /api/menu-badges/
WARNING Unauthorized: /api/menu-badges/
WARNING Unauthorized: /api/menu-badges/
WARNING Unauthorized: /api/menu-badges/
WARNING Unauthorized: /api/menu-badges/
WARNING Unauthorized: /api/menu-badges/
WARNING Unauthorized: /api/menu-badges/
WARNING Unauthorized: /api/menu-badges/
WARNING Unauthorized: /api/menu-badges/
WARNING Unauthorized: /api/menu-badges/
WARNING Unauthorized: /api/menu-badges/
WARNING Unauthorized: /api/menu-badges/
WARNING Unauthorized: /api/menu-badges/
WARNING Unauthorized: /api/menu-badges/
WARNING Unauthorized: /api/menu-badges/
WARNING Unauthorized: /api/menu-badges/
WARNING Unauthorized: /api/menu-badges/
WARNING Unauthorized: /api/menu-badges/
WARNING Unauthorized: /api/menu-badges/
WARNING Unauthorized: /api/menu-badges/
WARNING Unauthorized: /api/menu-badges/
WARNING Unauthorized: /api/menu-badges/
WARNING Unauthorized: /api/menu-badges/
WARNING Unauthorized: /api/menu-badges/
WARNING Unauthorized: /api/menu-badges/
WARNING Unauthorized: /api/menu-badges/
WARNING Unauthorized: /api/menu-badges/
WARNING Unauthorized: /api/menu-badges/
WARNING Unauthorized: /api/menu-badges/
WARNING Unauthorized: /api/menu-badges/
WARNING Unauthorized: /api/menu-badges/
WARNING Unauthorized: /api/menu-badges/
WARNING Unauthorized: /api/menu-badges/
WARNING Unauthorized: /api/menu-badges/
WARNING Unauthorized: /api/menu-badges/
WARNING Unauthorized: /api/menu-badges/
WARNING Unauthorized: /api/menu-badges/
WARNING Unauthorized: /api/menu-badges/
WARNING Unauthorized: /api/menu-badges/
WARNING Unauthorized: /api/menu-badges/
WARNING Unauthorized: /api/menu-badges/
WARNING Unauthorized: /api/menu-badges/
WARNING Unauthorized: /api/menu-badges/
WARNING Unauthorized: /api/menu-badges/
WARNING Unauthorized: /api/menu-badges/
WARNING Unauthorized: /api/menu-badges/
WARNING Unauthorized: /api/menu-badges/
WARNING Unauthorized: /api/menu-badges/
WARNING Unauthorized: /api/menu-badges/
WARNING Unauthorized: /api/menu-badges/
WARNING Unauthorized: /api/menu-badges/
WARNING Unauthorized: /api/menu-badges/
WARNING Unauthorized: /api/menu-badges/
WARNING Unauthorized: /api/menu-badges/
WARNING Unauthorized: /api/menu-badges/
WARNING Unauthorized: /api/menu-badges/
WARNING Unauthorized: /api/menu-badges/
WARNING Unauthorized: /api/menu-badges/
WARNING Unauthorized: /api/menu-badges/
WARNING Unauthorized: /api/menu-badges/
WARNING Unauthorized: /api/menu-badges/
WARNING Unauthorized: /api/menu-badges/
WARNING Unauthorized: /api/menu-badges/
WARNING Unauthorized: /api/menu-badges/
WARNING Unauthorized: /api/menu-badges/
WARNING Unauthorized: /api/menu-badges/
WARNING Unauthorized: /api/menu-badges/
WARNING Unauthorized: /api/menu-badges/
WARNING Unauthorized: /api/menu-badges/
WARNING Unauthorized: /api/menu-badges/
WARNING Unauthorized: /api/menu-badges/
WARNING Unauthorized: /api/menu-badges/
WARNING Unauthorized: /api/menu-badges/
WARNING Unauthorized: /api/menu-badges/
WARNING Unauthorized: /api/menu-badges/
WARNING Unauthorized: /api/menu-badges/
WARNING Unauthorized: /api/menu-badges/
WARNING Unauthorized: /api/menu-badges/
WARNING Unauthorized: /api/menu-badges/
WARNING Unauthorized: /api/menu-badges/
WARNING Unauthorized: /api/menu-badges/
WARNING Unauthorized: /api/menu-badges/
WARNING Unauthorized: /api/menu-badges/
WARNING Unauthorized: /api/menu-badges/
WARNING Unauthorized: /api/menu-badges/
WARNING Unauthorized: /api/menu-badges/
WARNING Unauthorized: /api/menu-badges/
WARNING Unauthorized: /api/menu-badges/
WARNING Unauthorized: /api/menu-badges/
WARNING Unauthorized: /api/menu-badges/
WARNING Unauthorized: /api/menu-badges/
WARNING Unauthorized: /api/menu-badges/
WARNING Unauthorized: /api/menu-badges/
WARNING Unauthorized: /api/menu-badges/
WARNING Unauthorized: /api/menu-badges/
WARNING Unauthorized: /api/menu-badges/
WARNING Unauthorized: /api/menu-badges/
WARNING Unauthorized: /api/menu-badges/
WARNING Unauthorized: /api/menu-badges/
WARNING Unauthorized: /api/menu-badges/
WARNING Unauthorized: /api/menu-badges/
WARNING Unauthorized: /api/menu-badges/
WARNING Unauthorized: /api/menu-badges/
WARNING Unauthorized: /api/menu-badges/
WARNING Unauthorized: /api/menu-badges/
WARNING Unauthorized: /api/menu-badges/
WARNING Unauthorized: /api/menu-badges/
WARNING Unauthorized: /api/menu-badges/
WARNING Unauthorized: /api/menu-badges/
WARNING Unauthorized: /api/menu-badges/
WARNING Unauthorized: /api/menu-badges/
WARNING Unauthorized: /api/menu-badges/
WARNING Unauthorized: /api/menu-badges/
WARNING Unauthorized: /api/menu-badges/
WARNING Unauthorized: /api/menu-badges/
WARNING Unauthorized: /api/menu-badges/
WARNING Unauthorized: /api/menu-badges/
WARNING Unauthorized: /api/menu-badges/
WARNING Unauthorized: /api/menu-badges/
WARNING Unauthorized: /api/menu-badges/
WARNING Unauthorized: /api/menu-badges/
WARNING Unauthorized: /api/menu-badges/
WARNING Unauthorized: /api/menu-badges/
WARNING Unauthorized: /api/menu-badges/
WARNING Unauthorized: /api/menu-badges/
WARNING Unauthorized: /api/menu-badges/
WARNING Unauthorized: /api/menu-badges/
WARNING Unauthorized: /api/menu-badges/
WARNING Unauthorized: /api/menu-badges/
WARNING Unauthorized: /api/menu-badges/
WARNING Unauthorized: /api/menu-badges/
WARNING Unauthorized: /api/menu-badges/
WARNING Unauthorized: /api/menu-badges/
WARNING Unauthorized: /api/menu-badges/
WARNING Unauthorized: /api/menu-badges/
WARNING Unauthorized: /api/menu-badges/
WARNING Unauthorized: /api/menu-badges/
WARNING Unauthorized: /api/menu-badges/
WARNING Unauthorized: /api/menu-badges/
WARNING Unauthorized: /api/menu-badges/
WARNING Unauthorized: /api/menu-badges/
WARNING Unauthorized: /api/menu-badges/
WARNING Unauthorized: /api/menu-badges/
WARNING Unauthorized: /api/menu-badges/
WARNING Unauthorized: /api/menu-badges/
WARNING Unauthorized: /api/menu-badges/
WARNING Unauthorized: /api/menu-badges/
WARNING Unauthorized: /api/menu-badges/
